<booster_params x="0" y="0" width="260" height="20">
    <prop_line x="0" y="0" width="260" height="9" stretch="1">
        <texture>ui_inGame2_hint_wnd_Properties</texture>
    </prop_line>

	<boost_health_restore x="0" y="0" width="257" height="20">
		<caption x="0" y="0" width="257" height="20" complex_mode="0">
			<texture>ui_am_propery_05</texture>
			<text color="ui_3" font="letterica16" vert_align="c" x="22" y="0"/>
		</caption>
		<value x="140" y="0" width="30" height="20" magnitude="10000">
			<text font="letterica16" vert_align="c"/>
		</value>
	</boost_health_restore>

	<boost_radiation_restore x="0" y="0" width="257" height="20">
		<caption x="0" y="0" width="257" height="20" complex_mode="0">
			<texture use_color = "1" clr_dynamic = "1">ui_am_propery_09</texture>
			<text color="ui_3" font="letterica16" vert_align="c" x="22" y="0"/>
		</caption>
<!--		<texture_minus>ui_am_prop_radio_restore</texture_minus> -->
		<value x="140" y="0" width="30" height="20" magnitude="1000">
			<text font="letterica16" vert_align="c"/>
		</value>
	</boost_radiation_restore>

	<boost_satiety x="0" y="0" width="257" height="20" >
		<caption x="0" y="0" width="257" height="20" complex_mode="0">
			<texture>ui_am_prop_satiety_restore_speed</texture>
			<text color="ui_3" font="letterica16" vert_align="c" x="22" y="0"/>
		</caption>
		<value x="140" y="0" width="30" height="20" magnitude="10">
			<text font="letterica16" vert_align="c"/>
		</value>
	</boost_satiety>

	<boost_anabiotic x="0" y="0" width="257" height="20" >
		<caption x="0" y="0" width="257" height="20" complex_mode="0">
			<texture>ui_am_prop_Vibros</texture>
			<text color="ui_3" font="letterica16" vert_align="c" x="22" y="0"/>
		</caption>
		<value x="140" y="0" width="30" height="20" magnitude="100">
			<text font="letterica16" vert_align="c"/>
		</value>
	</boost_anabiotic>

	<boost_power_restore x="0" y="0" width="257" height="20" >
		<caption x="0" y="0" width="257" height="20" complex_mode="0">
			<texture>ui_am_propery_07</texture>
			<text color="ui_3" font="letterica16" vert_align="c" x="22" y="0"/>
		</caption>
		<value x="140" y="0" width="30" height="20" magnitude="2000">
			<text font="letterica16" vert_align="c"/>
		</value>
	</boost_power_restore>

	<boost_bleeding_restore x="0" y="0" width="257" height="20" >
		<caption x="0" y="0" width="257" height="20" complex_mode="0">
			<texture>ui_am_prop_restore_bleeding</texture>
			<text color="ui_3" font="letterica16" vert_align="c" x="22" y="0"/>
		</caption>
		<value x="140" y="0" width="30" height="20" magnitude="1000">
			<text font="letterica16" vert_align="c"/>
		</value>
	</boost_bleeding_restore>

	<boost_radiation_protection x="0" y="0" width="257" height="20" >
		<caption x="0" y="0" width="257" height="20" complex_mode="0">
			<texture>ui_am_propery_09</texture>
			<text color="ui_3" font="letterica16" vert_align="c" x="22" y="0"/>
		</caption>
		<value x="140" y="0" width="30" height="20" magnitude="300">
			<text font="letterica16" vert_align="c"/>
		</value>
	</boost_radiation_protection>

	<boost_telepat_protection x="0" y="0" width="257" height="20" >
		<caption x="0" y="0" width="257" height="20" complex_mode="0">
			<texture>ui_am_propery_11</texture>
			<text color="ui_3" font="letterica16" vert_align="c" x="22" y="0"/>
		</caption>
		<value x="140" y="0" width="30" height="20" magnitude="480">
			<text font="letterica16" vert_align="c"/>
		</value>
	</boost_telepat_protection>

	<boost_chemburn_protection x="0" y="0" width="257" height="20" >
		<caption x="0" y="0" width="257" height="20" complex_mode="0">
			<texture>ui_am_prop_chem</texture>
			<text color="ui_3" font="letterica16" vert_align="c" x="22" y="0"/>
		</caption>
		<value x="140" y="0" width="30" height="20" magnitude="300">
			<text font="letterica16" vert_align="c"/>
		</value>
	</boost_chemburn_protection>

	<boost_burn_immunity x="0" y="0" width="257" height="20" >
		<caption x="0" y="0" width="257" height="20" complex_mode="0">
			<texture>ui_am_prop_thermo</texture>
			<text color="ui_3" font="letterica16" vert_align="c" x="22" y="0"/>
		</caption>
		<value x="140" y="0" width="30" height="20" magnitude="30">
			<text font="letterica16" vert_align="c"/>
		</value>
	</boost_burn_immunity>

	<boost_shock_immunity x="0" y="0" width="257" height="20" >
		<caption x="0" y="0" width="257" height="20" complex_mode="0">
			<texture>ui_am_prop_electro</texture>
			<text color="ui_3" font="letterica16" vert_align="c" x="22" y="0"/>
		</caption>
		<value x="140" y="0" width="30" height="20" magnitude="30">
			<text font="letterica16" vert_align="c"/>
		</value>
	</boost_shock_immunity>

	<boost_radiation_immunity x="0" y="0" width="257" height="20" >
		<caption x="0" y="0" width="257" height="20" complex_mode="0">
			<texture>ui_am_propery_09</texture>
			<text color="ui_3" font="letterica16" vert_align="c" x="22" y="0"/>
		</caption>
		<value x="140" y="0" width="30" height="20" magnitude="30">
			<text font="letterica16" vert_align="c"/>
		</value>
	</boost_radiation_immunity>

	<boost_telepat_immunity x="0" y="0" width="257" height="20" >
		<caption x="0" y="0" width="257" height="20" complex_mode="0">
			<texture>ui_am_propery_11</texture>
			<text color="ui_3" font="letterica16" vert_align="c" x="22" y="0"/>
		</caption>
		<value x="140" y="0" width="30" height="20" magnitude="48">
			<text font="letterica16" vert_align="c"/>
		</value>
	</boost_telepat_immunity>

	<boost_chemburn_immunity x="0" y="0" width="257" height="20" >
		<caption x="0" y="0" width="257" height="20" complex_mode="0">
			<texture>ui_am_prop_chem</texture>
			<text color="ui_3" font="letterica16" vert_align="c" x="22" y="0"/>
		</caption>
		<value x="140" y="0" width="30" height="20" magnitude="30">
			<text font="letterica16" vert_align="c"/>
		</value>
	</boost_chemburn_immunity>
	
	<boost_explosion_immunity x="0" y="0" width="257" height="20" >
		<caption x="0" y="0" width="257" height="20" complex_mode="0">
			<texture>ui_am_prop_exlp</texture>
			<text color="ui_3" font="letterica16" vert_align="c" x="22" y="0"/>
		</caption>
		<value x="140" y="0" width="30" height="20" magnitude="30">
			<text font="letterica16" vert_align="c"/>
		</value>
	</boost_explosion_immunity>
	
	<boost_strike_immunity x="0" y="0" width="257" height="20" >
		<caption x="0" y="0" width="257" height="20" complex_mode="0">
			<texture>ui_am_prop_strike</texture>
			<text color="ui_3" font="letterica16" vert_align="c" x="22" y="0"/>
		</caption>
		<value x="140" y="0" width="30" height="20" magnitude="30">
			<text font="letterica16" vert_align="c"/>
		</value>
	</boost_strike_immunity>
	
	<boost_fire_wound_immunity x="0" y="0" width="257" height="20" >
		<caption x="0" y="0" width="257" height="20" complex_mode="0">
			<texture>ui_am_propery_01</texture>
			<text color="ui_3" font="letterica16" vert_align="c" x="22" y="0"/>
		</caption>
		<value x="140" y="0" width="30" height="20" magnitude="30">
			<text font="letterica16" vert_align="c"/>
		</value>
	</boost_fire_wound_immunity>
	
	<boost_wound_immunity x="0" y="0" width="257" height="20" >
		<caption x="0" y="0" width="257" height="20" complex_mode="0">
			<texture>ui_am_prop_damage</texture>
			<text color="ui_3" font="letterica16" vert_align="c" x="22" y="0"/>
		</caption>
		<value x="140" y="0" width="30" height="20" magnitude="30">
			<text font="letterica16" vert_align="c"/>
		</value>
	</boost_wound_immunity>

	<boost_max_weight x="0" y="0" width="257" height="20" >
		<caption x="0" y="0" width="257" height="20" complex_mode="0">
			<texture>ui_am_propery_08</texture>
			<text color="ui_3" font="letterica16" vert_align="c" x="22" y="0"/>
		</caption>
		<value x="140" y="0" width="30" height="20" magnitude="1" unit_str="st_kg">
			<text font="letterica16" vert_align="c"/>
		</value>
	</boost_max_weight>

	<boost_satiety_restore x="0" y="0" width="257" height="20" >
		<caption x="0" y="0" width="257" height="20" complex_mode="0">
			<texture>ui_am_prop_satiety_restore_speed</texture>
			<text color="ui_3" font="letterica16" vert_align="c" x="22" y="0"/>
		</caption>
		<value x="140" y="0" width="30" height="20" magnitude="1000">
			<text font="letterica16" vert_align="c"/>
		</value>
	</boost_satiety_restore>
	
	<boost_thirst_restore x="0" y="0" width="257" height="20" >
		<caption x="0" y="0" width="257" height="20" complex_mode="0">
			<texture>ui_mfs_thirst_restore_speed</texture>
			<text color="ui_3" font="letterica16" vert_align="c" x="22" y="0"/>
		</caption>
		<value x="140" y="0" width="30" height="20" magnitude="1000">
			<text font="letterica16" vert_align="c"/>
		</value>
	</boost_thirst_restore>
	
	<boost_intoxication_restore x="0" y="0" width="257" height="20" >
		<caption x="0" y="0" width="257" height="20" complex_mode="0">
			<texture>ui_mfs_intoxication_restore_speed</texture>
			<text color="ui_3" font="letterica16" vert_align="c" x="22" y="0"/>
		</caption>
		<value x="140" y="0" width="30" height="20" magnitude="1000">
			<text font="letterica16" vert_align="c"/>
		</value>
	</boost_intoxication_restore>
	
	<boost_sleepeness_restore x="0" y="0" width="257" height="20" >
		<caption x="0" y="0" width="257" height="20" complex_mode="0">
			<texture>ui_mfs_sleepeness_restore_speed</texture>
			<text color="ui_3" font="letterica16" vert_align="c" x="22" y="0"/>
		</caption>
		<value x="140" y="0" width="30" height="20" magnitude="1000">
			<text font="letterica16" vert_align="c"/>
		</value>
	</boost_sleepeness_restore>
	
	<boost_alcoholism_restore x="0" y="0" width="257" height="20" >
		<caption x="0" y="0" width="257" height="20" complex_mode="0">
			<texture>ui_mfs_alcoholism_restore_speed</texture>
			<text color="ui_3" font="letterica16" vert_align="c" x="22" y="0"/>
		</caption>
		<value x="140" y="0" width="30" height="20" magnitude="1000">
			<text font="letterica16" vert_align="c"/>
		</value>
	</boost_alcoholism_restore>
	
	<boost_hangover_restore x="0" y="0" width="257" height="20" >
		<caption x="0" y="0" width="257" height="20" complex_mode="0">
			<texture>ui_mfs_hangover_restore_speed</texture>
			<text color="ui_3" font="letterica16" vert_align="c" x="22" y="0"/>
		</caption>
		<value x="140" y="0" width="30" height="20" magnitude="1000">
			<text font="letterica16" vert_align="c"/>
		</value>
	</boost_hangover_restore>
	
	<boost_narcotism_restore x="0" y="0" width="257" height="20" >
		<caption x="0" y="0" width="257" height="20" complex_mode="0">
			<texture>ui_mfs_narcotism_restore_speed</texture>
			<text color="ui_3" font="letterica16" vert_align="c" x="22" y="0"/>
		</caption>
		<value x="140" y="0" width="30" height="20" magnitude="1000">
			<text font="letterica16" vert_align="c"/>
		</value>
	</boost_narcotism_restore>
	
	<boost_withdrawal_restore x="0" y="0" width="257" height="20" >
		<caption x="0" y="0" width="257" height="20" complex_mode="0">
			<texture>ui_mfs_withdrawal_restore_speed</texture>
			<text color="ui_3" font="letterica16" vert_align="c" x="22" y="0"/>
		</caption>
		<value x="140" y="0" width="30" height="20" magnitude="1000">
			<text font="letterica16" vert_align="c"/>
		</value>
	</boost_withdrawal_restore>
	
	<boost_psy_health_restore x="0" y="0" width="257" height="20" >
		<caption x="0" y="0" width="257" height="20" complex_mode="0">
			<texture>ui_am_propery_11</texture>
			<text color="ui_3" font="letterica16" vert_align="c" x="22" y="0"/>
		</caption>
		<value x="140" y="0" width="30" height="20" magnitude="1000">
			<text font="letterica16" vert_align="c"/>
		</value>
	</boost_psy_health_restore>
	
	<boost_alcohol_restore x="0" y="0" width="257" height="20" >
		<caption x="0" y="0" width="257" height="20" complex_mode="0">
			<texture>ui_mfs_alcoholism_restore_speed</texture>
			<text color="ui_3" font="letterica16" vert_align="c" x="22" y="0"/>
		</caption>
		<value x="140" y="0" width="30" height="20" magnitude="1000">
			<text font="letterica16" vert_align="c"/>
		</value>
	</boost_alcohol_restore>
	
	<boost_drugs_restore x="0" y="0" width="257" height="20" >
		<caption x="0" y="0" width="257" height="20" complex_mode="0">
			<texture>ui_mfs_narcotism_restore_speed</texture>
			<text color="ui_3" font="letterica16" vert_align="c" x="22" y="0"/>
		</caption>
		<value x="140" y="0" width="30" height="20" magnitude="1000">
			<text font="letterica16" vert_align="c"/>
		</value>
	</boost_drugs_restore>

	<boost_time x="0" y="0" width="257" height="20" >
		<caption x="0" y="0" width="257" height="20" complex_mode="0">
			<texture>ui_am_prop_time_period</texture>
			<text color="ui_3" font="letterica16" vert_align="c" x="22" y="0"/>
		</caption>
		<value x="140" y="0" width="30" height="20" magnitude="1" show_sign="0" unit_str="ui_inv_seconds_short">
			<text font="letterica16" vert_align="c"/>
		</value>
	</boost_time>
	
	<quick_eat_health x="0" y="0" width="257" height="20">
		<caption x="0" y="0" width="257" height="20" complex_mode="0">
			<texture>ui_am_propery_05</texture>
			<text color="ui_3" font="letterica16" vert_align="c" x="22" y="0"/>
		</caption>
		<value x="140" y="0" width="30" height="20" magnitude="10000">
			<text font="letterica16" vert_align="c"/>
		</value>
	</quick_eat_health>

	<quick_eat_radiation x="0" y="0" width="257" height="20">
		<caption x="0" y="0" width="257" height="20" complex_mode="0">
			<texture use_color = "1" clr_dynamic = "1">ui_am_propery_09</texture>
			<text color="ui_3" font="letterica16" vert_align="c" x="22" y="0"/>
		</caption>
		<value x="140" y="0" width="30" height="20" magnitude="1000">
			<text font="letterica16" vert_align="c"/>
		</value>
	</quick_eat_radiation>

	<quick_eat_satiety x="0" y="0" width="257" height="20" >
		<caption x="0" y="0" width="257" height="20" complex_mode="0">
			<texture>ui_am_prop_satiety_restore_speed</texture>
			<text color="ui_3" font="letterica16" vert_align="c" x="22" y="0"/>
		</caption>
		<value x="140" y="0" width="30" height="20" magnitude="10">
			<text font="letterica16" vert_align="c"/>
		</value>
	</quick_eat_satiety>

	<quick_eat_power x="0" y="0" width="257" height="20" >
		<caption x="0" y="0" width="257" height="20" complex_mode="0">
			<texture>ui_am_propery_07</texture>
			<text color="ui_3" font="letterica16" vert_align="c" x="22" y="0"/>
		</caption>
		<value x="140" y="0" width="30" height="20" magnitude="2000">
			<text font="letterica16" vert_align="c"/>
		</value>
	</quick_eat_power>

	<quick_eat_bleeding x="0" y="0" width="257" height="20" >
		<caption x="0" y="0" width="257" height="20" complex_mode="0">
			<texture>ui_am_prop_restore_bleeding</texture>
			<text color="ui_3" font="letterica16" vert_align="c" x="22" y="0"/>
		</caption>
		<value x="140" y="0" width="30" height="20" magnitude="1000">
			<text font="letterica16" vert_align="c"/>
		</value>
	</quick_eat_bleeding>
	
	<quick_eat_battery x="0" y="0" width="257" height="20" >
		<caption x="0" y="0" width="257" height="20" complex_mode="0">
			<texture>ui_item_battery_icon</texture>
			<text color="ui_3" font="letterica16" vert_align="c" x="22" y="0"/>
		</caption>
		<value x="140" y="0" width="30" height="20" magnitude="10" unit_str="%">
			<text font="letterica16" vert_align="c"/>
		</value>
	</quick_eat_battery>
	
	<quick_eat_thirst x="0" y="0" width="257" height="20" >
		<caption x="0" y="0" width="257" height="20" complex_mode="0">
			<texture>ui_mfs_thirst_restore_speed</texture>
			<text color="ui_3" font="letterica16" vert_align="c" x="22" y="0"/>
		</caption>
		<value x="140" y="0" width="30" height="20" magnitude="10">
			<text font="letterica16" vert_align="c"/>
		</value>
	</quick_eat_thirst>
	
	<quick_eat_intoxication x="0" y="0" width="257" height="20" >
		<caption x="0" y="0" width="257" height="20" complex_mode="0">
			<texture>ui_mfs_intoxication_restore_speed</texture>
			<text color="ui_3" font="letterica16" vert_align="c" x="22" y="0"/>
		</caption>
		<value x="140" y="0" width="30" height="20" magnitude="10">
			<text font="letterica16" vert_align="c"/>
		</value>
	</quick_eat_intoxication>
	
	<quick_eat_sleepeness x="0" y="0" width="257" height="20" >
		<caption x="0" y="0" width="257" height="20" complex_mode="0">
			<texture>ui_mfs_sleepeness_restore_speed</texture>
			<text color="ui_3" font="letterica16" vert_align="c" x="22" y="0"/>
		</caption>
		<value x="140" y="0" width="30" height="20" magnitude="10">
			<text font="letterica16" vert_align="c"/>
		</value>
	</quick_eat_sleepeness>
	
	<quick_eat_alcoholism x="0" y="0" width="257" height="20" >
		<caption x="0" y="0" width="257" height="20" complex_mode="0">
			<texture>ui_mfs_alcoholism_restore_speed</texture>
			<text color="ui_3" font="letterica16" vert_align="c" x="22" y="0"/>
		</caption>
		<value x="140" y="0" width="30" height="20" magnitude="10">
			<text font="letterica16" vert_align="c"/>
		</value>
	</quick_eat_alcoholism>
	
	<quick_eat_hangover x="0" y="0" width="257" height="20" >
		<caption x="0" y="0" width="257" height="20" complex_mode="0">
			<texture>ui_mfs_hangover_restore_speed</texture>
			<text color="ui_3" font="letterica16" vert_align="c" x="22" y="0"/>
		</caption>
		<value x="140" y="0" width="30" height="20" magnitude="10">
			<text font="letterica16" vert_align="c"/>
		</value>
	</quick_eat_hangover>
	
	<quick_eat_narcotism x="0" y="0" width="257" height="20" >
		<caption x="0" y="0" width="257" height="20" complex_mode="0">
			<texture>ui_mfs_narcotism_restore_speed</texture>
			<text color="ui_3" font="letterica16" vert_align="c" x="22" y="0"/>
		</caption>
		<value x="140" y="0" width="30" height="20" magnitude="10">
			<text font="letterica16" vert_align="c"/>
		</value>
	</quick_eat_narcotism>
	
	<quick_eat_withdrawal x="0" y="0" width="257" height="20" >
		<caption x="0" y="0" width="257" height="20" complex_mode="0">
			<texture>ui_mfs_withdrawal_restore_speed</texture>
			<text color="ui_3" font="letterica16" vert_align="c" x="22" y="0"/>
		</caption>
		<value x="140" y="0" width="30" height="20" magnitude="10">
			<text font="letterica16" vert_align="c"/>
		</value>
	</quick_eat_withdrawal>
	
	<quick_eat_filter_condition x="0" y="0" width="257" height="20" >
		<caption x="0" y="0" width="257" height="20" complex_mode="0">
			<texture>ui_item_filter_icon</texture>
			<text color="ui_3" font="letterica16" vert_align="c" x="22" y="0"/>
		</caption>
		<value x="140" y="0" width="30" height="20" magnitude="100" show_sign="0" unit_str="%">
			<text font="letterica16" vert_align="c"/>
		</value>
	</quick_eat_filter_condition>
	
	<quick_eat_repair_kit_condition x="0" y="0" width="257" height="20" >
		<caption x="0" y="0" width="257" height="20" complex_mode="0">
			<texture>ui_item_repair_kit_icon</texture>
			<text color="ui_3" font="letterica16" vert_align="c" x="22" y="0"/>
		</caption>
		<value x="140" y="0" width="30" height="20" magnitude="100" show_sign="1" unit_str="%">
			<text font="letterica16" vert_align="c"/>
		</value>
	</quick_eat_repair_kit_condition>
	
	<quick_eat_psy_health x="0" y="0" width="257" height="20" >
		<caption x="0" y="0" width="257" height="20" complex_mode="0">
			<texture>ui_am_propery_11</texture>
			<text color="ui_3" font="letterica16" vert_align="c" x="22" y="0"/>
		</caption>
		<value x="140" y="0" width="30" height="20" magnitude="10">
			<text font="letterica16" vert_align="c"/>
		</value>
	</quick_eat_psy_health>
	
	<quick_eat_alcohol x="0" y="0" width="257" height="20" >
		<caption x="0" y="0" width="257" height="20" complex_mode="0">
			<texture>ui_mfs_alcoholism_restore_speed</texture>
			<text color="ui_3" font="letterica16" vert_align="c" x="22" y="0"/>
		</caption>
		<value x="140" y="0" width="30" height="20" magnitude="10">
			<text font="letterica16" vert_align="c"/>
		</value>
	</quick_eat_alcohol>
	
	<quick_eat_drugs x="0" y="0" width="257" height="20" >
		<caption x="0" y="0" width="257" height="20" complex_mode="0">
			<texture>ui_mfs_narcotism_restore_speed</texture>
			<text color="ui_3" font="letterica16" vert_align="c" x="22" y="0"/>
		</caption>
		<value x="140" y="0" width="30" height="20" magnitude="10">
			<text font="letterica16" vert_align="c"/>
		</value>
	</quick_eat_drugs>
	
	<item_portions x="0" y="0" width="257" height="20" >
		<caption x="0" y="0" width="257" height="20" complex_mode="0">
			<texture>ui_mfs_item_effectiveness</texture>
			<text color="ui_3" font="letterica16" vert_align="c" x="22" y="0"/>
		</caption>
		<value x="140" y="0" width="30" height="20" magnitude="1" show_sign="0">
			<text font="letterica16" vert_align="c"/>
		</value>
	</item_portions>
</booster_params>
