<?xml version="1.0" encoding="UTF-8"?>
<window>
    <main_wnd x="0" y="0" width="1024" height="768"/>

	<background x="35" y="80" width="955" height="25" vertical="1" stretch="1">
        <texture>ui_pda2_fr</texture>
	</background>
	
	<left_background x="35" y="115" width="308" height="595" vertical="1" stretch="1">
		<texture>ui_pda2_fr</texture>
	</left_background>
	
	<right_background x="351" y="115" width="638" height="595" vertical="1" stretch="1">
		<texture>ui_pda2_fr</texture>
	</right_background>
	
	<!-- Список статей -->
	<idx_list x="12" y="55" width="290" height="525" item_height="20" scroll_profile="default" always_show_scroll="0">
		<font font="letterica18" color="ui_2"/>
	</idx_list>
	 
	<!-- Текст статьи -->
	<info_list x="7" y="45" width="800" height="525" item_height="155" right_ident="5" top_indent="47" scroll_profile="default" always_show_scroll="0">
		<font font="letterica18" color="ui_7"/>
	</info_list>
	
	<!-- Заголовок статьи -->
	<article_header_static x="12" y="48" width="238" height="22">
		<text font="graffiti32" color="ui_2" complex_mode="0"/>
	</article_header_static>

	<!-- LIST HEADER -->
	<left_caption x="10" y="20" width="227" height="32" stretch="1">
		<text align="l" font="letterica16" r="100" g="100" b="100">pda_encyclopedia</text>
	</left_caption>
	
	<right_caption x="10" y="20" width="620" height="16">
		<text align="l" font="letterica16" r="100" g="100" b="100"/>
	</right_caption>
	 
	<tree_root_font font="letterica18" color="ui_4">pda_encyclopedia</tree_root_font>
	<tree_item_font font="letterica18" color="ui_2">pda_encyclopedia</tree_item_font>
</window>
