<?xml version='1.0' encoding="UTF-8"?>
<w>
<!--
  <main_frame x="8" y="130" width="259" height="135" delay="400"/>
  <background_frame x="0" y="0" width="259" height="130">
    <texture>ui_temp_frame</texture>
  </background_frame1>

  <static_name x="17" y="10" width="242" height="20" stretch="1">
    <text font="letterica18" r="238" g="155" b="23" complex_mode="0" align="l" vert_align="c"/>
  </static_name>

  <image_static x="8" y="13" width="205" height="123">
  </image_static>
-->
</w>

