<w>
<!--
	<properties_box>
		<texture>ui_cb_listbox</texture>
		<list x="0" y="0" width="10" height="10" item_height="18"  always_show_scroll="0" can_select="1" bottom_indent="10" right_ident="10" left_ident="20">
				<font_s r="218" g="217" b="213"/>
				<font r="131" g="131" b="131" font="letterica16"/>
		</list>
	</properties_box>

	<main x=0 y=0 width=1024 height=768/>

	<belt_slots x="127" y="80" width="771" height="172" stretch="1">
		<texture>ui_slots_belt</texture>
	</belt_slots>

	<back x="8" y="243" width="1000" height="483" stretch="1">
		<texture>ui_inventory_main</texture>
	</back>


    <dragdrop_bag x="22" y="46" width="295" height="415"
            cell_width = "31" cell_height="41" rows_num="10" cols_num="9"
            unlimited="1" group_similar="1"/>

    <dragdrop_belt x="600" y="136" width="225" height="60"
            cell_width = "45" cell_height="60" rows_num="1" cols_num="5"/>

    <dragdrop_outfit x="858" y="290" width="78" height="260"
            cell_width = "43" cell_height="57" rows_num="4" cols_num="4"
            custom_placement="0"/>

    <dragdrop_pistol x="150" y="118" width="117" height="104"
            cell_width = "39" cell_height="52" rows_num="2" cols_num="3"
            custom_placement="0"/>

    <dragdrop_automatic x="300" y="118" width="235" height="104"
            cell_width = "39" cell_height="52" rows_num="2" cols_num="6"
            custom_placement="0"/>


	<bottom_static x=0 y=736 width=1024 height=32 stretch="1">
		<texture>ui\ui_bottom_background</texture>
	</bottom_static>

    <bag_static x="11" y="240" width="400" height="400" stretch="1" complex_mode="1">
        <text x="22" y="8" font="graffiti19" r="231" g="153" b="22">ui_inv_bag</text>
    </bag_static>

    <money_static x="744" y="530" width="81" height="33" stretch="1">
		<text font="graffiti19" r="238" g="153" b="26" align="c" vert_align="c"></text>
    </money_static>


    <descr_static x="370" y="253" width="330" height="475" stretch="1">
        <text x="19" y="0" font="graffiti19" r="238" g="155" b="23">ui_inv_description</text>
    </descr_static>

    <character_frame_window x="730" y="260" width="202" height="460">
        <title x="50" y="-8" width="100" height="60" complex_mode="1">
			<text font="graffiti19" r="231" g="153" b="22">ui_inv_personal</text>
        </title>
    </character_frame_window>

	<outfit_info x="740" y="550" width="260" height="180">
		<auto_static x="130" y="0">
			<text font="graffiti22" color="ui_7" complex_mode="0">ui_st_params</text>
		</auto_static>

		<scroll_view x="8" y="33" width="236" height="147" always_show_scroll="0"/>

		<static_burn_immunity x="0" y="0" width="226" height="15" complex_mode="1">
			<texture>ui_inv_icon_burn_immunity</texture>
			<text font="letterica16" x="13" y="0" color="ui_6"/>
		</static_burn_immunity>

		<static_strike_immunity x="0" y="0" width="226" height="15" complex_mode="1">
			<texture>ui_inv_icon_strike_immunity</texture>
			<text font="letterica16" x="13" y="0" color="ui_6"/>
		</static_strike_immunity>

		<static_shock_immunity x="0" y="0" width="226" height="15" complex_mode="1">
			<texture>ui_inv_icon_shock_immunity</texture>
			<text font="letterica16" x="13" y="0" color="ui_6"/>
		</static_shock_immunity>

		<static_wound_immunity x="0" y="0" width="226" height="15" complex_mode="1">
			<texture>ui_inv_icon_wound_immunity</texture>
			<text font="letterica16" x="13" y="0" color="ui_6"/>
		</static_wound_immunity>

		<static_radiation_immunity x="0" y="0" width="226" height="15" complex_mode="1">
			<texture>ui_inv_icon_radiation_immunity</texture>
			<text font="letterica16" x="13" y="0" color="ui_6"/>
		</static_radiation_immunity>

		<static_telepatic_immunity x="0" y="0" width="226" height="15" complex_mode="1">
			<texture>ui_inv_icon_telepatic_immunity</texture>
			<text font="letterica16" x="13" y="0" color="ui_6"/>
		</static_telepatic_immunity>

		<static_chemical_burn_immunity x="0" y="0" width="226" height="15" complex_mode="1">
			<texture>ui_inv_icon_chemical_burn_immunity</texture>
			<text font="letterica16" x="13" y="0" color="ui_6"/>
		</static_chemical_burn_immunity>

		<static_explosion_immunity x="0" y="0" width="226" height="15" complex_mode="1">
			<texture>ui_inv_icon_explosion_immunity</texture>
			<text font="letterica16" x="13" y="0" color="ui_6"/>
		</static_explosion_immunity>

		<static_fire_wound_immunity x="0" y="0" width="226" height="15" complex_mode="1">
			<texture>ui_inv_icon_fire_wound_immunity</texture>
			<text font="letterica16" x="13" y="0" color="ui_6"/>
		</static_fire_wound_immunity>

	</outfit_info>

	<static_personal x=1 y=285 width=95 height=260/>


    <rank x="732" y="272" width="56" height="65" stretch="1">
		<texture>ui_inventory_rank</texture>
		<pic x="10" y="17" width="34" height="40" stretch="1"/>
    </rank>

    <progress_background x="739" y="337" width="44" height="179" stretch="1">
		<texture>ui_scale_three</texture>
    </progress_background>


    <progress_back_rank x="770" y="337" width="29" height="179" stretch="1">
		<texture>ui_scale_one</texture>
    </progress_back_rank>


    <progress_bar_health x="6" y="22" width="8" height="124" horz="0" min="0" max="100" pos="0">
		<progress>
			<texture>ui_scale_red_1</texture>
		</progress>
    </progress_bar_health>

    <progress_bar_psy x="20" y="22" width="8" height="124" horz="0" min="0" max="100" pos="0">
		<progress>
			<texture>ui_scale_blue_1</texture>
		</progress>
	</progress_bar_psy>

    <progress_bar_radiation x="34" y="22" width="8" height="124" horz="0" min="0" max="100" pos="0">
		<progress>
			<texture>ui_scale_yellow_1</texture>
		</progress>
    </progress_bar_radiation>


    <progress_bar_rank x="15" y="20" width="8" height="142" horz="0" min="0" max="100" pos="0">
		<progress x="0" y="0" width="10" height="142 "  stretch="1">
			<texture>ui_scale_green</texture>
		</progress>
    </progress_bar_rank>


    <time_static x="11" y="730" width="151" height="30" stretch="1">
		<texture x=0 y=0 width=190 height=36>ui\ui_dg_time</texture>
        <text x="15" y="6" font="letterica16" r="240" g="217" b="182" a="255">ui_inv_time</text>
	</time_static>

    <time_static_str x="96" y="6" width="80" height="30">
        <text font="letterica16" r="240" g="217" b="182" a="255"/>
	</time_static_str>

    <exit_button x="850" y="725" width="157" height="48" stretch="1">
        <texture>ui_button_main02</texture>
        <text font="graffiti19" r="238" g="153" b="26">ui_inv_exit</text>
        <text_color>
			<e r="240"	g="217" b="182"/>
			<t r="0"	g="0"	b="0"/>
			<d r="135"	g="123" b="116"/>
			<h r="0"	g="0"	b="0"/>
		</text_color>
    </exit_button>

	<action_sounds>
		<snd_open>interface\inv_open</snd_open>
		<snd_close>interface\inv_close</snd_close>
		<snd_item_to_slot>interface\inv_slot</snd_item_to_slot>
		<snd_item_to_belt>interface\inv_belt</snd_item_to_belt>
		<snd_item_to_ruck>interface\inv_ruck</snd_item_to_ruck>
		<snd_properties>interface\inv_properties</snd_properties>
		<snd_drop_item>interface\inv_drop</snd_drop_item>
		<snd_attach_addon>interface\inv_attach_addon</snd_attach_addon>
		<snd_detach_addon>interface\inv_detach_addon</snd_detach_addon>
		<snd_item_use>interface\inv_slot</snd_item_use>
	</action_sounds>
-->
</w>