<outfit_info x="0" y="0" width="265" height="180">
	<prop_line x="0" y="0" width="260" height="9" stretch="1">
		<texture>ui_inGame2_hint_wnd_Properties</texture>
	</prop_line>

	<burn_protection x="0" y="0" width="18" height="18" stretch="1">
		<caption x="0" y="0" width="257" height="20" complex_mode="0">
			<texture>ui_am_prop_thermo</texture>
			<text font="letterica16" x="22" y="0" r="170" g="170" b="170" align="l" vert_align="c"/>
		</caption>
		<progress_bar x="130" y="4" width="110" height="9" horz="1">
			<progress>
	            <texture a="150">ui_inGame2_hint_wnd_bar_alfa_line</texture>
	        </progress>
	        <background>
	            <texture>ui_inGame2_hint_wnd_bar</texture>
	        </background>
			<color_less color="pda_red"  />
			<color_more color="pda_green"/>
		</progress_bar>
		<static_value x="225" y="0" width="40" height="18" magnitude="100">
			<text font="letterica16" color="ui_6" align="r" vert_align="c"/>
		</static_value>
	</burn_protection>

	<shock_protection x="0" y="0" width="18" height="18" stretch="1">
		<caption x="0" y="0" width="257" height="20" complex_mode="0">
			<texture>ui_am_prop_electro</texture>
			<text font="letterica16" x="22" y="0" r="170" g="170" b="170" align="l" vert_align="c"/>
		</caption>
		<progress_bar x="130" y="4" width="110" height="9" horz="1">
			<progress>
	            <texture a="150">ui_inGame2_hint_wnd_bar_alfa_line</texture>
	        </progress>
	        <background>
	            <texture>ui_inGame2_hint_wnd_bar</texture>
	        </background>
			<color_less color="pda_red"  />
			<color_more color="pda_green"/>
		</progress_bar>
		<static_value x="225" y="0" width="40" height="18" magnitude="100">
			<text font="letterica16" color="ui_6" align="r" vert_align="c"/>
		</static_value>
	</shock_protection>

	<chemical_burn_protection x="0" y="0" width="18" height="18" stretch="1">
		<caption x="0" y="0" width="257" height="20" complex_mode="0">
			<texture>ui_am_prop_chem</texture>
			<text font="letterica16" x="22" y="0" r="170" g="170" b="170" align="l" vert_align="c"/>
		</caption>
		<progress_bar x="130" y="4" width="110" height="9" horz="1">
			<progress>
	            <texture a="150">ui_inGame2_hint_wnd_bar_alfa_line</texture>
	        </progress>
	        <background>
	            <texture>ui_inGame2_hint_wnd_bar</texture>
	        </background>
			<color_less color="pda_red"  />
			<color_more color="pda_green"/>
		</progress_bar>
		<static_value x="225" y="0" width="40" height="18" magnitude="100">
			<text font="letterica16" color="ui_6" align="r" vert_align="c"/>
		</static_value>
	</chemical_burn_protection>

	<radiation_protection x="0" y="0" width="18" height="18" stretch="1">
		<caption x="0" y="0" width="257" height="20" complex_mode="0">
			<texture>ui_am_propery_09</texture>
			<text font="letterica16" x="22" y="0" r="170" g="170" b="170" align="l" vert_align="c"/>
		</caption>
		<progress_bar x="130" y="4" width="110" height="9" horz="1">
			<progress>
	            <texture a="150">ui_inGame2_hint_wnd_bar_alfa_line</texture>
	        </progress>
	        <background>
	            <texture>ui_inGame2_hint_wnd_bar</texture>
	        </background>
			<color_less color="pda_red"  />
			<color_more color="pda_green"/>
		</progress_bar>
		<static_value x="225" y="0" width="40" height="18" magnitude="100">
			<text font="letterica16" color="ui_6" align="r" vert_align="c"/>
		</static_value>
	</radiation_protection>

	<telepatic_protection x="0" y="0" width="18" height="18" stretch="1">
		<caption x="0" y="0" width="257" height="20" complex_mode="0">
			<texture>ui_am_propery_11</texture>
			<text font="letterica16" x="22" y="0" r="170" g="170" b="170" align="l" vert_align="c"/>
		</caption>
		<progress_bar x="130" y="4" width="110" height="9" horz="1">
			<progress>
	            <texture a="150">ui_inGame2_hint_wnd_bar_alfa_line</texture>
	        </progress>
	        <background>
	            <texture>ui_inGame2_hint_wnd_bar</texture>
	        </background>
			<color_less color="pda_red"  />
			<color_more color="pda_green"/>
		</progress_bar>
		<static_value x="225" y="0" width="40" height="18" magnitude="100">
			<text font="letterica16" color="ui_6" align="r" vert_align="c"/>
		</static_value>
	</telepatic_protection>

	<wound_protection x="0" y="0" width="18" height="18" stretch="1">
		<caption x="0" y="0" width="257" height="20" complex_mode="0">
			<texture>ui_am_prop_damage</texture>
			<text font="letterica16" x="22" y="0" r="170" g="170" b="170" align="l" vert_align="c"/>
		</caption>
		<progress_bar x="130" y="4" width="110" height="9" horz="1">
			<progress>
	            <texture a="150">ui_inGame2_hint_wnd_bar_alfa_line</texture>
	        </progress>
	        <background>
	            <texture>ui_inGame2_hint_wnd_bar</texture>
	        </background>
			<color_less color="pda_red"  />
			<color_more color="pda_green"/>
		</progress_bar>
		<static_value x="225" y="0" width="40" height="18" magnitude="100">
			<text font="letterica16" color="ui_6" align="r" vert_align="c"/>
		</static_value>
	</wound_protection>

	<strike_protection x="0" y="0" width="18" height="18" stretch="1">
		<caption x="0" y="0" width="257" height="20" complex_mode="0">
			<texture>ui_am_prop_strike</texture>
			<text font="letterica16" x="22" y="0" r="170" g="170" b="170" align="l" vert_align="c"/>
		</caption>
		<progress_bar x="130" y="4" width="110" height="9" horz="1">
			<progress>
	            <texture a="150">ui_inGame2_hint_wnd_bar_alfa_line</texture>
	        </progress>
	        <background>
	            <texture>ui_inGame2_hint_wnd_bar</texture>
	        </background>
			<color_less color="pda_red"  />
			<color_more color="pda_green"/>
		</progress_bar>
		<static_value x="225" y="0" width="40" height="18" magnitude="100">
			<text font="letterica16" color="ui_6" align="r" vert_align="c"/>
		</static_value>
	</strike_protection>
		
	<explosion_protection x="0" y="0" width="18" height="18" stretch="1">
		<caption x="0" y="0" width="257" height="20" complex_mode="0">
			<texture>ui_am_prop_exlp</texture>
			<text font="letterica16" x="22" y="0" r="170" g="170" b="170" align="l" vert_align="c"/>
		</caption>
		<progress_bar x="130" y="4" width="110" height="9" horz="1">
			<progress>
	            <texture a="150">ui_inGame2_hint_wnd_bar_alfa_line</texture>
	        </progress>
	        <background>
	            <texture>ui_inGame2_hint_wnd_bar</texture>
	        </background>
			<color_less color="pda_red"  />
			<color_more color="pda_green"/>
		</progress_bar>
		<static_value x="225" y="0" width="40" height="18" magnitude="100">
			<text font="letterica16" color="ui_6" align="r" vert_align="c"/>
		</static_value>
	</explosion_protection>
		
	<fire_wound_protection x="0" y="0" width="18" height="18" stretch="1">
		<caption x="0" y="0" width="257" height="20" complex_mode="0">
			<texture>ui_am_propery_01</texture>
			<text font="letterica16" x="22" y="0" r="170" g="170" b="170" align="l" vert_align="c"/>
		</caption>
		<progress_bar x="130" y="4" width="110" height="9" horz="1">
			<progress>
	            <texture a="150">ui_inGame2_hint_wnd_bar_alfa_line</texture>
	        </progress>
	        <background>
	            <texture>ui_inGame2_hint_wnd_bar</texture>
	        </background>
			<color_less color="pda_red"  />
			<color_more color="pda_green"/>
		</progress_bar>
		<static_value x="225" y="0" width="40" height="18" magnitude="100">
			<text font="letterica16" color="ui_6" align="r" vert_align="c"/>
		</static_value>
	</fire_wound_protection>

	<antigas_filter x="0" y="0" width="18" height="18" stretch="1">
		<caption x="0" y="0" width="257" height="20" complex_mode="0">
			<texture>ui_item_filter_icon</texture>
			<text font="letterica16" x="22" y="0" r="170" g="170" b="170" align="l" vert_align="c"/>
		</caption>
		<progress_bar x="130" y="4" width="110" height="9" horz="1">
			<progress>
	            <texture a="150">ui_inGame2_hint_wnd_bar_alfa_line</texture>
	        </progress>
	        <background>
	            <texture>ui_inGame2_hint_wnd_bar</texture>
	        </background>
			<color_less color="pda_red"  />
			<color_more color="pda_green"/>
		</progress_bar>
		<static_value x="225" y="0" width="40" height="18">
			<text font="letterica16" color="ui_6" align="r" vert_align="c"/>
		</static_value>
	</antigas_filter>
	
	<artefact_count x="0" y="0" width="257" height="20" >
		<caption x="0" y="0" width="257" height="20" complex_mode="0">
			<texture>ui_am_prop_artefact</texture>
			<text color="ui_3" font="letterica16" vert_align="c" x="22" y="0"/>
		</caption>
		<value x="170" y="0" width="30" height="20" magnitude="1" show_sign="0">
			<text font="letterica16" vert_align="c"/>
		</value>
	</artefact_count>
	
	<additional_weight x="0" y="0" width="257" height="20" >
		<caption x="0" y="0" width="257" height="20" complex_mode="0">
			<texture>ui_am_propery_08</texture>
			<text color="ui_3" font="letterica16" vert_align="c" x="22" y="0"/>
		</caption>
		<value x="170" y="0" width="30" height="20" magnitude="1" show_sign="1" unit_str="st_kg">
			<text font="letterica16" vert_align="c"/>
		</value>
	</additional_weight>
	
	<inventory_capacity x="0" y="0" width="257" height="20" >
		<caption x="0" y="0" width="257" height="20" complex_mode="0">
			<texture>ui_am_prop_artefact</texture>
			<text color="ui_3" font="letterica16" vert_align="c" x="22" y="0"/>
		</caption>
		<value x="170" y="0" width="30" height="20" magnitude="1" show_sign="1" unit_str="st_liters">
			<text font="letterica16" vert_align="c"/>
		</value>
	</inventory_capacity>
</outfit_info>