<w>
  <wpn_crosshair x="0" y="0" width="2048" height="1536">
    <auto_static x="0" y="0" width="1024" height="768" stretch="1">
      <texture>wpn_crosshair</texture>
    </auto_static>
  </wpn_crosshair>

  <wpn_crosshair_1p29 x="0" y="0" width="2048" height="1536">
    <auto_static x="0" y="0" width="1024" height="768" stretch="1">
      <texture>wpn_crosshair_1p29</texture>
    </auto_static>
  </wpn_crosshair_1p29>

  <wpn_crosshair_aug x="0" y="0" width="2048" height="1536">
    <auto_static x="0" y="0" width="1024" height="768" stretch="1">
      <texture>wpn_crosshair_aug</texture>
    </auto_static>
  </wpn_crosshair_aug>

  <wpn_crosshair_1p78 x="0" y="0" width="2048" height="1536">
    <auto_static x="0" y="0" width="1024" height="768" stretch="1">
      <texture>wpn_crosshair_1p78</texture>
    </auto_static>
  </wpn_crosshair_1p78>

  <wpn_crosshair_1pn93_1 x="0" y="0" width="1024" height="768">
    <auto_static x="128" y="0" width="768" height="768" stretch="1">
      <texture>wpn_crosshair_1pn93_1</texture>
    </auto_static>
    <auto_static x="0" y="0" width="129" height="768" stretch="1">
      <texture>wpn_crosshair_add_l</texture>
    </auto_static>
    <auto_static x="895" y="0" width="129" height="768" stretch="1">
      <texture>wpn_crosshair_add_r</texture>
    </auto_static>
  </wpn_crosshair_1pn93_1>

  <wpn_crosshair_1pn93_4 x="0" y="0" width="1024" height="768">
    <auto_static x="128" y="0" width="768" height="768" stretch="1">
      <texture>wpn_crosshair_1pn93_4</texture>
    </auto_static>
    <auto_static x="0" y="0" width="129" height="768" stretch="1">
      <texture>wpn_crosshair_add_l</texture>
    </auto_static>
    <auto_static x="895" y="0" width="129" height="768" stretch="1">
      <texture>wpn_crosshair_add_r</texture>
    </auto_static>
  </wpn_crosshair_1pn93_4>

  <wpn_crosshair_po4x34 x="0" y="0" width="2048" height="1536">
    <auto_static x="0" y="0" width="1024" height="768" stretch="1">
      <texture>wpn_crosshair_po4x34</texture>
    </auto_static>
  </wpn_crosshair_po4x34>

  <wpn_crosshair_dvl10 x="0" y="0" width="2048" height="1536">
    <auto_static x="0" y="0" width="1024" height="768" stretch="1">
      <texture>wpn_crosshair_dvl10</texture>
    </auto_static>
  </wpn_crosshair_dvl10>

  <wpn_crosshair_acog x="0" y="0" width="2048" height="1536">
    <auto_static x="0" y="0" width="1024" height="768" stretch="1">
      <texture>wpn_crosshair_acog</texture>
    </auto_static>
  </wpn_crosshair_acog>

  <wpn_crosshair_specter x="0" y="0" width="2048" height="1536">
    <auto_static x="0" y="0" width="1024" height="768" stretch="1">
      <texture>wpn_crosshair_specter</texture>
    </auto_static>
  </wpn_crosshair_specter>

  <wpn_crosshair_bino x="0" y="0" width="2048" height="1536">
    <auto_static x="0" y="0" width="1024" height="768" stretch="1">
      <texture>wpn_crosshair_bino</texture>
    </auto_static>
  </wpn_crosshair_bino>

  <wpn_crosshair_fn2000 x="0" y="0" width="2048" height="1536">
    <auto_static x="0" y="0" width="1024" height="768" stretch="1">
      <texture>wpn_crosshair_fn2000</texture>
    </auto_static>
  </wpn_crosshair_fn2000>

  <wpn_crosshair_g36 x="0" y="0" width="2048" height="1536">
    <auto_static x="0" y="0" width="1024" height="768" stretch="1">
      <texture>wpn_crosshair_g36</texture>
    </auto_static>
  </wpn_crosshair_g36>

  <wpn_crosshair_susat x="0" y="0" width="2048" height="1536">
    <auto_static x="0" y="0" width="1024" height="768" stretch="1">
      <texture>wpn_crosshair_susat</texture>
    </auto_static>
  </wpn_crosshair_susat>

  <wpn_crosshair_m82 x="0" y="0" width="2048" height="1536">
    <auto_static x="0" y="0" width="1024" height="768" stretch="1">
      <texture>wpn_crosshair_m82</texture>
    </auto_static>
  </wpn_crosshair_m82>

  <wpn_crosshair_pks_07 x="0" y="0" width="2048" height="1536">
    <auto_static x="0" y="0" width="1024" height="768" stretch="1">
      <texture>wpn_crosshair_pks_07</texture>
    </auto_static>
  </wpn_crosshair_pks_07>

  <wpn_crosshair_mark4 x="0" y="0" width="2048" height="1536">
    <auto_static x="0" y="0" width="1024" height="768" stretch="1">
      <texture>wpn_crosshair_mark4</texture>
    </auto_static>
  </wpn_crosshair_mark4>

  <wpn_crosshair_rpg x="0" y="0" width="2048" height="1536">
    <auto_static x="0" y="0" width="1024" height="768" stretch="1">
      <texture>wpn_crosshair_rpg</texture>
    </auto_static>
  </wpn_crosshair_rpg>

  <wpn_crosshair_nspu x="0" y="0" width="2048" height="1536">
    <auto_static x="0" y="0" width="1024" height="768" stretch="1">
      <texture>wpn_crosshair_nspu</texture>
    </auto_static>
  </wpn_crosshair_nspu>
  
  <wpn_crosshair_pso_1m2 x="0" y="0" width="2048" height="1536">
    <auto_static x="0" y="0" width="1024" height="768" stretch="1">
      <texture>wpn_crosshair_pso_1m2</texture>
    </auto_static>
  </wpn_crosshair_pso_1m2>

  <wpn_crosshair_pso_1m2_1 x="0" y="0" width="2048" height="1536">
    <auto_static x="0" y="0" width="1024" height="768" stretch="1">
      <texture>wpn_crosshair_pso_1m2_1</texture>
    </auto_static>
  </wpn_crosshair_pso_1m2_1>

  <wpn_crosshair_gauss x="0" y="0" width="2048" height="1536">
    <auto_static x="0" y="0" width="1024" height="768" stretch="1">
      <texture>wpn_crosshair_gauss</texture>
    </auto_static>
  </wpn_crosshair_gauss>
  
  <wpn_crosshair_pn23 x="0" y="0" width="2048" height="1536">
    <auto_static x="0" y="0" width="1024" height="768" stretch="1">
      <texture>wpn_crosshair_pn23</texture>
    </auto_static>
  </wpn_crosshair_pn23>

</w>

