<window>
	<skin_selector x="218" y="115" width="579" height="526">
		<background x="0" y="0" width="579" height="526" stretch="1">
			<texture>ui_inGame2_Mp_screen_main_window</texture>
		</background>
		<caption x="160" y="4" width="264" height="32">
			<text font="letterica18" r="200" g="200" b="200" align="c" vert_align="c">mp_skin_selection</text>
		</caption>
		<image_frames x="13" y="41" width="554" height="273">
	        <auto_static x="0" y="0" width="89" height="232" stretch="1">
	            <texture>ui_inGame2_Mp_screen_skin_window</texture>
	        </auto_static>
	        <auto_static x="93" y="0" width="89" height="232" stretch="1">
	            <texture>ui_inGame2_Mp_screen_skin_window</texture>
	        </auto_static>
	        <auto_static x="186" y="0" width="89" height="232" stretch="1">
	            <texture>ui_inGame2_Mp_screen_skin_window</texture>
	        </auto_static>
	        <auto_static x="278" y="0" width="89" height="232" stretch="1">
	            <texture>ui_inGame2_Mp_screen_skin_window</texture>
	        </auto_static>
	        <auto_static x="370" y="0" width="89" height="232" stretch="1">
	            <texture>ui_inGame2_Mp_screen_skin_window</texture>
	        </auto_static>
	        <auto_static x="465" y="0" width="89" height="232" stretch="1">
	            <texture>ui_inGame2_Mp_screen_skin_window</texture>
	        </auto_static>
		</image_frames>

		<image_0 x="23" y="54" width="71" height="207" stretch="1">
			<text font="letterica18" align="r" vert_align="t">1 </text>
	        <auto_static x="-4" y="-5" width="76" height="216" stretch="1">
	            <texture>ui_inGame2_Mp_screen_skin_window_H</texture>
	        </auto_static>
		</image_0>
		<image_1 x="116" y="54" width="71" height="207" stretch="1">
			<text font="letterica18" align="r" vert_align="t">2 </text>
	        <auto_static x="-4" y="-5" width="76" height="216" stretch="1">
	            <texture>ui_inGame2_Mp_screen_skin_window_H</texture>
	        </auto_static>
		</image_1>
		<image_2 x="209" y="54" width="71" height="207" stretch="1">
			<text font="letterica18" align="r" vert_align="t">3 </text>
	        <auto_static x="-4" y="-5" width="76" height="216" stretch="1">
	            <texture>ui_inGame2_Mp_screen_skin_window_H</texture>
	        </auto_static>
		</image_2>
		<image_3 x="302" y="54" width="71" height="207" stretch="1">
			<text font="letterica18" align="r" vert_align="t">4 </text>
	        <auto_static x="-4" y="-5" width="76" height="216" stretch="1">
	            <texture>ui_inGame2_Mp_screen_skin_window_H</texture>
	        </auto_static>
		</image_3>
		<image_4 x="394" y="54" width="71" height="207" stretch="1">
			<text font="letterica18" align="r" vert_align="t">5 </text>
	        <auto_static x="-4" y="-5" width="76" height="216" stretch="1">
	            <texture>ui_inGame2_Mp_screen_skin_window_H</texture>
	        </auto_static>
		</image_4>
		<image_5 x="491" y="54" width="71" height="207" stretch="1">
			<text font="letterica18" align="r" vert_align="t">6 </text>
	        <auto_static x="-7" y="-5" width="76" height="216" stretch="1">
	            <texture>ui_inGame2_Mp_screen_skin_window_H</texture>
	        </auto_static>
		</image_5>

		<btn_back x="124" y="482" width="110" height="28" stretch="1">
			<texture>ui_inGame2_Mp_bigbuttone</texture>
			<text font="graffiti19" align="c" a="170">mp_back</text>
			<text_color>
				<e r="227" g="199" b="178"/>
				<t r="180" g="153" b="155"/>
				<d r="106" g="95" b="91"/>
				<h r="0" g="0" b="0"/>
			</text_color>
		</btn_back>
		<btn_autoselect x="235" y="482" width="110" height="28" stretch="1">
			<texture>ui_inGame2_Mp_bigbuttone</texture>
			<text font="graffiti19" align="c" a="170">mp_auto_select</text>
			<text_color>
				<e r="227" g="199" b="178"/>
				<t r="180" g="153" b="155"/>
				<d r="106" g="95" b="91"/>
				<h r="0" g="0" b="0"/>
			</text_color>
		</btn_autoselect>
		<btn_spectator x="346" y="482" width="110" height="28" stretch="1">
			<texture>ui_inGame2_Mp_bigbuttone</texture>
			<text font="graffiti19" align="c" a="170">mp_spectator</text>
			<text_color>
				<e r="227" g="199" b="178"/>
				<t r="180" g="153" b="155"/>
				<d r="106" g="95" b="91"/>
				<h r="0" g="0" b="0"/>
			</text_color>
		</btn_spectator>
	</skin_selector>
</window>
<!--
<window>
	<skin_selector x="205" y="115" width="624" height="543">
		<background x="0" y="0" width="624" height="543" stretch="1">
			<texture>ui_frame_mainDes</texture>
		</background>
		<caption x="42" y="4" width="220" height="32">
			<text font="graffiti22" r="192" g="168" b="144" vert_align="c">mp_skin_selection</text>
		</caption>
		<image_frames x="44" y="45" width="553" height="273" stretch="1">
			<texture>ui_TV_Skin</texture>

			<a_static_1 x="10" y="61" width="10" height="128" stretch="1"
				frames			= "17"
				duration		= "1000"
				columns			= "17"
				frame_width		= "12"
				frame_height	= "128"
				cyclic			= "0"
				autoplay		= "0">
				<texture>ui\ui_mp_skin_select_anim</texture>
			</a_static_1>

			<a_static_2 x="534" y="61" width="10" height="128" stretch="1"
				frames			= "17"
				duration		= "1000"
				columns			= "17"
				frame_width		= "12"
				frame_height	= "128"
				cyclic			= "0"
				autoplay		= "0">
				<texture>ui\ui_mp_skin_select_anim</texture>
			</a_static_2>

			<btn_left x="0" y="17" width="28" height="218">
				<texture>ui_TV_Skin_button_l</texture>
			</btn_left>
			<btn_right x="527" y="17" width="28" height="218">
				<texture>ui_TV_Skin_button_r</texture>
			</btn_right>
		</image_frames>
		<image_0 x="78" y="64" width="104" height="215" stretch="1">
			<text font="graffiti32" align="r" vert_align="t">1 </text>
		</image_0>
		<image_1 x="205" y="64" width="104" height="215" stretch="1">
			<text font="graffiti32" align="r" vert_align="t">2 </text>
		</image_1>
		<image_2 x="332" y="64" width="104" height="215" stretch="1">
			<text font="graffiti32" align="r" vert_align="t">3 </text>
		</image_2>
		<image_3 x="458" y="64" width="104" height="215" stretch="1">
			<text font="graffiti32" align="r" vert_align="t">4 </text>
		</image_3>

		<btn_back x="43" y="504" width="131" height="48" stretch="1">
			<texture>ui_button_main01</texture>
			<text font="graffiti19" align="c">mp_back</text>
			<text_color>
				<e r="227" g="199" b="178"/>
				<t r="180" g="153" b="155"/>
				<d r="106" g="95" b="91"/>
				<h r="0" g="0" b="0"/>
			</text_color>
		</btn_back>
		<btn_autoselect x="328" y="504" width="131" height="48" stretch="1">
			<texture>ui_button_main02</texture>
			<text font="graffiti19" align="c">mp_auto_select</text>
			<text_color>
				<e r="227" g="199" b="178"/>
				<t r="180" g="153" b="155"/>
				<d r="106" g="95" b="91"/>
				<h r="0" g="0" b="0"/>
			</text_color>
		</btn_autoselect>
		<btn_spectator x="459" y="504" width="131" height="48" stretch="1">
			<texture>ui_button_main03</texture>
			<text font="graffiti19" align="c">mp_spectator</text>
			<text_color>
				<e r="227" g="199" b="178"/>
				<t r="180" g="153" b="155"/>
				<d r="106" g="95" b="91"/>
				<h r="0" g="0" b="0"/>
			</text_color>
		</btn_spectator>
	</skin_selector>
</window>
-->