<credits_seq>
  <over_main_menu>1</over_main_menu>
  <persistent>1</persistent>
  <global_wnd width="1024" height="768">

      <auto_static x="-5481" y="88" width="28" height="32" stretch="1">
        <texture width="32" height="32">ui\video_crow</texture>
      </auto_static>
			<auto_static x="-5085" y="0" width="854" height="768" stretch="1">
						<texture>ui_credits_background</texture>
			</auto_static>

		<auto_static x="0" y="0" width="1024" height="768" stretch="1">
			<texture width="1920" height="1080">ui\credits</texture>
		</auto_static>

		<auto_static x="0" y="0" width="1024" height="768" stretch="1">
			<texture width="1024" height="1024">ui\credits_back</texture>
		</auto_static>

      <auto_static x="-5186" y="436" width="668" height="320" stretch="1">
        <texture x="1" y="1" width="798" height="318">ui\video_tuman</texture>
      </auto_static>

      <auto_static x="-5000" y="0" width="85" height="768" stretch="1">
        <texture>ui_credits_left_widepanel</texture>
      </auto_static>
      <auto_static x="-5939" y="0" width="85" height="768" stretch="1">
        <texture>ui_credits_right_widepanel</texture>
      </auto_static>

    <function_on_stop>xr_effects.after_credits</function_on_stop>
  </global_wnd>
#include "ui\ui_credits_base.xml"
</credits_seq>
