<w>
	<background width="1024" height="768">
		<auto_static x="50000" y="50000" width="1" height="1" stretch="1">
			<texture width="1" height="11">ui\video_voroni_crop</texture>
		</auto_static>
		<auto_static x="50000" y="50000" width="1" height="1" stretch="1">
			<texture width="1" height="1">ui\video_water_crop</texture>
		</auto_static>
		<auto_static x="0" y="0" width="1024" height="768" stretch="1">
			<texture width="1920" height="1080">ui\new_menu</texture>
		</auto_static>
	    <auto_static width="1024" height="768">
	      <texture>ui_inGame2_background</texture>
	    </auto_static>
	</background>

	<shniaga_wnd x="40" y="320" width="270" height="380">
		<buttons_region x="4" y="0" width="275" height="380" always_show_scroll="false" vert_interval="12"/>
		<shniaga x="8" y="-20" width="274" height="61">
			<texture>ui_inGame2_slider</texture>
			<magnifire x="32" y="15" width="207" height="32" stretch="1">
				<texture>ui_magnifier3</texture>
				<y_offset>-5</y_offset>
			</magnifire>

		</shniaga>
	</shniaga_wnd>

  <button h="25"/>

	<menu_main btn_height="34" font="letterica16" r="255" g="125" b="0" a="255">
    		<btn name="btn_master"	caption="ui_mm_newgame" />
		<btn name="btn_load"		caption="ui_mm_load_game" />
		<btn name="btn_options"		caption="ui_mm_options_n" />
		<btn name="btn_quit"		caption="ui_mm_quit2windows" />
	</menu_main>

  <menu_network_game btn_height="34" font="letterica16" r="255" g="125" b="0" a="255">
    <btn name="btn_internet"		caption="ui_mp_internet" />
    <btn name="btn_localnet"		caption="ui_mp_localnet" />
    <btn name="btn_new_back"    caption="ui_mm_back" />
  </menu_network_game>

  <menu_main_logout btn_height="34" font="letterica16" r="255" g="125" b="0" a="255">
  		<btn name="btn_master"	  caption="ui_mm_newgame" />
		<btn name="btn_load"		  caption="ui_mm_load_game" />
		<btn name="btn_options"		  caption="ui_mm_options_n" />
		<btn name="btn_credits"		  caption="ui_mm_credits" />
		<btn name="btn_quit"		  caption="ui_mm_quit2windows" />
  </menu_main_logout>



  <menu_main_last_save btn_height="34" font="letterica16" r="255" g="125" b="0" a="255">
		<btn name="btn_master"		caption="ui_mm_newgame" />
		<btn name="btn_load"		caption="ui_mm_load_game" />
		<btn name="btn_options"		caption="ui_mm_options_n" />
		<btn name="btn_credits"		caption="ui_mm_credits" />
		<btn name="btn_quit"		caption="ui_mm_quit2windows" />
	</menu_main_last_save>

	<menu_new_game btn_height="34" font="letterica16" r="255" g="125" b="0" a="255">
		<btn name="btn_master"		caption="ui_mm_master" />
		<btn name="btn_new_back"		caption="ui_mm_back" />
	</menu_new_game>

	<menu_main_single btn_height="34" font="letterica16" r="255" g="125" b="0" a="255">
    		<btn name="btn_ret"		caption="ui_mm_return_game" />
		<btn name="btn_load"		caption="ui_mm_load_game" />
		<btn name="btn_save"		caption="ui_mm_save_game" />
		<btn name="btn_options"		caption="ui_mm_options_n" />
		<btn name="btn_credits"		caption="ui_mm_credits" />
		<btn name="btn_quit_to_mm"	caption="ui_mm_quit_game" />
		<btn name="btn_quit"		caption="ui_mm_quit2windows" />
	</menu_main_single>

	<menu_main_single_dead btn_height="34" font="letterica16" r="255" g="125" b="0" a="255">
		<btn name="btn_load"		caption="ui_mm_load_game" />
		<btn name="btn_options"		caption="ui_mm_options_n" />
		<btn name="btn_quit_to_mm"	caption="ui_mm_quit_game" />
		<btn name="btn_quit"		caption="ui_mm_quit2windows" />
	</menu_main_single_dead>

	<menu_main_mm btn_height="34" font="letterica16" r="255" g="125" b="0" a="255">
	    <btn name="btn_ret"         caption="ui_mm_return_game" />
	    <btn name="btn_options"     caption="ui_mm_options_n" />
	    <btn name="btn_quit_to_mm"  caption="ui_mm_disconnect" />
	    <btn name="btn_quit"        caption="ui_mm_quit2windows" />
	</menu_main_mm>

	<menu_sound random="0" >
		<menu_music>music\menu</menu_music>
    </menu_sound>

	<static_version x="155555" y="740" width="100" height="30">
		<text align="l" font="graffiti19" r="135" g="123" b="116" complex_mode="0"/>
	</static_version>
		              <!--#--#-->
	<mod_version x="155555" y="700" width="100" height="30">
		<text align="l" font="graffiti19" r="155" g="135" b="0" complex_mode="0"/>
	</mod_version>
	
	<mfs_team_info x="155555" y="720" width="100" height="30">
		<text align="l" font="letterica18" r="155" g="135" b="0" complex_mode="0"/>
	</mfs_team_info>

</w>
