	<tab_demo>
		<main x="306" y="362" width="688" height="341"/>

	    <cap_demo_list x="22" y="0" width="437" height="16">
		    <texture>ui_inGame2_servers_list_button</texture>
		    <auto_static x="10" y="0" width="410" height="16">
	    		<text font="letterica16" vert_align="c">mm_mp_demo_play_list</text>
		    </auto_static>
	    </cap_demo_list>

        <frame_1 x="22" y="15" width="436" height="151">
            <texture>ui_inGame2_servers_list_frame</texture>
        </frame_1>

	    <list x="24" y="18" width="432" height="146" item_height="18" can_select="1">
		    <font font="letterica16"/>
	    </list>

	    <file_item_main width="420" height="16" />
	    <file_item_name x="0" y="0" width="255" height="16" />
	    <file_item_date x="260" y="0" width="110" height="16" />

		<static_map_pic x="465" y="6" width="205" height="132" stretch="1">
			<texture width="256" height="175">ui\ui_noise</texture>
		</static_map_pic>
		<static_map_pic_fore x="464" y="5" width="208" height="135">
			<texture>ui_inGame2_picture_window</texture>
		</static_map_pic_fore>
		<cap_map_info x="466" y="149" width="202" height="142">
			<auto_frameline x="-2" y="-2" width="207" height="147" vertical="1">
				<texture>ui_inGame2_empty_frame</texture>
			</auto_frameline>
			<text>CAP_MAP_INFO</text>
		</cap_map_info>

	    <!-- demo play common info -->
	    <cap_demo_info_fields x="466" y="170" width="202" height="142">
	    	<auto_static x="0" y="0" width="200" height="20">
			    <text font="letterica16" vert_align="c">mm_mp_gamemode</text>
	    	</auto_static>
		    <auto_static x="0" y="40" width="150" height="20">
			    <text font="letterica16" vert_align="c">mm_mp_players_count</text>
		    </auto_static>
		    <auto_static x="0" y="60" width="150" height="20">
			    <text font="letterica16" vert_align="c">mm_mp_team_stats</text>
		    </auto_static>
<!--
		    <auto_static x="0" y="80" width="200" height="20">
	    		<text font="letterica16" vert_align="c">mm_mp_demo_fname</text>
		    </auto_static>
-->
	    </cap_demo_info_fields>

	    <static_demo_info_gametype x="466" y="190" width="200" height="20">
		    <text font="letterica16" vert_align="c"></text>
	    </static_demo_info_gametype>
	    <static_demo_info_players_count x="616" y="210" width="50" height="20">
		    <text font="letterica16" vert_align="c"></text>
	    </static_demo_info_players_count>
	    <static_demo_info_teamstats x="616" y="230" width="50" height="20">
		    <text font="letterica16" vert_align="c"></text>
	    </static_demo_info_teamstats>

	    <demo_file_name x="464" y="296" width="207" height="25" max_symb_count="64">
		    <text x="3" font="letterica16" complex_mode="0" vert_align="c"/>
	    	<texture>ui_inGame2_edit_box_1</texture>
	    </demo_file_name>

	    <!-- demo play players info -->
	    <cap_demo_players_info x="22" y="173" width="437" height="148" stretch="1">
		    <texture>ui_inGame2_demo_player_stats</texture>
		    <auto_static x="10" y="0" width="437" height="16">
	    		<text font="letterica16" vert_align="c">mm_mp_demo_play_players_stats</text>
		    </auto_static>
	    </cap_demo_players_info>

	    <players_list x="28" y="215" width="429" height="101" item_height="18" can_select="0">
		    <font font="letterica16"/>
	    </players_list>

	    <player_item_main width="406" height="18" />
	    <player_item_name x="0" y="0" width="217" height="18" />
	    <player_item_column x="0" y="0" width="38" height="18" />
	</tab_demo>