<w>
	<background width="1024" height="768">

	    <auto_static x="0" y="0" width="104" height="768" stretch="1">
		    <texture>ui_inGame2_atmosfear_left_widepanel</texture>
	    </auto_static>
		<auto_static x="102" y="0" width="819" height="768" stretch="1">
	      <texture>ui_inGame2_atmosfear_background</texture>
	    </auto_static>
	    <auto_static x="920" y="0" width="104" height="768" stretch="1">
		    <texture>ui_inGame2_atmosfear_right_widepanel</texture>
	    </auto_static>

  </background>
  
  <main_dialog>

        <dialog x="296" y="318" width="499" height="411" stretch="1">
	        <texture>ui_inGame2_screen_4</texture>
		</dialog>
		
		<test x="0" y="0" width="80" height="30">
			<text align="l" font="graffiti19" r="135" g="123" b="116" complex_mode="0"/>
		</test>
	
		<btn_accept x="164" y="382" width="86" height="24" stretch="1">
            <text align="c" font="letterica16">ui_mm_apply</text>
            <texture>ui_inGame2_button</texture>
			<text_color>

				<e r="210" g="210" b="210"/>
			</text_color>
        </btn_accept>
		<btn_cancel x="259" y="382" width="86" height="24" stretch="1">
            <text align="c" font="letterica16">ui_mm_cancel</text>
            <texture>ui_inGame2_button</texture>
			<text_color>
				<e r="210" g="210" b="210"/>

			</text_color>
        </btn_cancel>
  </main_dialog>
	<!---test x="0" y="0" width="80" height="30">
		<text align="l" font="graffiti19" r="135" g="123" b="116" complex_mode="0"/>
	</test--->
</w>