<w>
	<background width="1024" height="768">

    <auto_static x="50190" y="250" width="336" height="176">
      <texture width="336" height="176">ui\video_window</texture>
    </auto_static>
		<auto_static x="0" y="0" width="1024" height="768" stretch="1">
			<texture width="1920" height="1080">ui\new_menu</texture>
		</auto_static>

    <auto_static width="1024" height="768">
      <texture>ui_inGame2_opt_background</texture>
    </auto_static>

  </background>

	<main_dialog>
		<dialog x="478" y="274" width="487" height="462">
			<texture>ui_inGame2_opt_main_window</texture>
	        <auto_static x="14" y="27" width="461" height="38">
	            <texture>ui_inGame2_opt_buttons_frame</texture>
	        </auto_static>
		</dialog>

		<btn_accept x="105" y="431" width="135" height="26">
			<text font="letterica18" align="c">ui_mm_apply</text>
			<texture>ui_inGame2_Mp_bigbuttone</texture>
            <text_color>
                <e r="170" g="170" b="170"/>
            </text_color>
		</btn_accept>

		<btn_cancel x="246" y="431" width="135" height="26">
			<text font="letterica18" align="c">ui_mm_cancel</text>
			<texture>ui_inGame2_Mp_bigbuttone</texture>
            <text_color>
                <e r="170" g="170" b="170"/>
            </text_color>
		</btn_cancel>

		<tab x="14" y="27" width="461" height="38">
			<button x="2" y="2" width="131" height="25" id="video">
				<texture>ui_inGame2_opt_button_1</texture>
				<text font="letterica18" align="c">ui_mm_video</text>
				<text_color>
					<e r="200" g="200" b="200"/>
				</text_color>
			</button>

			<button x="111" y="2" width="131" height="25" id="sound">
				<texture>ui_inGame2_opt_button_1</texture>
				<text font="letterica18" align="c">ui_mm_sound</text>
				<text_color>
					<e r="200" g="200" b="200"/>
				</text_color>
			</button>

			<button x="221" y="2" width="131" height="25" id="gameplay">
	            <texture>ui_inGame2_opt_button_1</texture>
	            <text font="letterica18" align="c">ui_mm_gameplay</text>
				<text_color>
					<e r="200" g="200" b="200"/>
				</text_color>
			</button>

			<button x="330" y="2" width="129" height="25" id="controls">
	            <texture>ui_inGame2_opt_button_2</texture>
	            <text font="letterica18" align="c">ui_mm_controls</text>
				<text_color>
					<e r="170" g="170" b="170"/>
				</text_color>
			</button>
		</tab>
	</main_dialog>

	<tab_size x="28" y="63" width="445" height="344"/>
    <tab_video>
        <cap_renderer x="15" y="3" width="135" height="24" hint = "ui_mm_renderer_hint">
            <text r="170" g="170" b="170" font="letterica16" align="r" vert_align="c">ui_mm_renderer</text>
        </cap_renderer>
        <list_renderer x="175" y="5" width="235" height="20" list_length="5" always_show_scroll="0">
            <options_item entry="renderer" group="mm_opt_video" depend="restart"/>
            <list_font r="170" g="170" b="170" font="letterica16"/>
		    <text_color>
	            <e r="170" g="170" b="170"/>
	            <d r="70" g="70" b="70"/>
		    </text_color>
        </list_renderer>

        <cap_preset x="15" y="33" width="135" height="24" hint = "ui_mm_preset_hint">
            <text r="170" g="170" b="170" font="letterica16" align="r" vert_align="c">ui_mm_quality_presets</text>
        </cap_preset>
        <list_presets x="175" y="35" width="235" height="20" list_length="5"  always_show_scroll="0">
            <options_item entry="_preset" group="mm_opt_video_preset" depend="restart"/>
            <list_font r="170" g="170" b="170" font="letterica16"/>
            <text_color>
	            <e r="170" g="170" b="170"/>
	            <d r="70" g="70" b="70"/>
            </text_color>
        </list_presets>

        <cap_resolution x="15" y="63" width="135" height="24" hint = "ui_mm_resolution_hint">
            <text r="170" g="170" b="170" font="letterica16" align="r" vert_align="c">ui_mm_resolution</text>
        </cap_resolution>
        <list_resolution x="175" y="65" width="235" height="20" list_length="7" always_show_scroll="1">
            <options_item entry="vid_mode" group="mm_opt_video" depend="vid"/>
            <list_font r="170" g="170" b="170" font="letterica16"/>
            <text_color>
	            <e r="170" g="170" b="170"/>
	            <d r="70" g="70" b="70"/>
            </text_color>
        </list_resolution>
		
        <cap_clr_drag_preset x="15" y="93" width="135" height="24" hint = "ui_mm_clr_drag_preset_hint">
            <text r="170" g="170" b="170" font="letterica16" align="r" vert_align="c">ui_mm_clr_drag_preset</text>
        </cap_clr_drag_preset>
        <combo_clr_drag_preset x="175" y="95" width="235" height="20" always_show_scroll="1">
            <options_item entry="r2_clr_preset" group="mm_opt_video" depend="runtime"/>
            <list_font r="170" g="170" b="170" font="letterica16"/>
		    <text_color>
	            <e r="170" g="170" b="170"/>
	            <d r="70" g="70" b="70"/>
		    </text_color>
        </combo_clr_drag_preset>

        <cap_gamma x="15" y="123" width="135" height="24">
            <text r="170" g="170" b="170" font="letterica16" align="r" vert_align="c">ui_mm_gamma</text>
        </cap_gamma>
        <track_gamma x="175" y="127" width="235" height="16">
            <options_item entry="rs_c_gamma" group="mm_opt_video" depend="runtime"/>
        </track_gamma>

        <cap_contrast x="15" y="153" width="135" height="24">
            <text r="170" g="170" b="170" font="letterica16" align="r" vert_align="c">ui_mm_contrast</text>
        </cap_contrast>
        <track_contrast x="175" y="157" width="235" height="16">
            <options_item entry="rs_c_contrast" group="mm_opt_video" depend="runtime"/>
          </track_contrast>

          <cap_brightness x="15" y="183" width="135" height="24">
            <text r="170" g="170" b="170" font="letterica16" align="r" vert_align="c">ui_mm_brightness</text>
          </cap_brightness>
          <track_brightness x="175" y="180" width="235" height="16">
            <options_item entry="rs_c_brightness" group="mm_opt_video" depend="runtime"/>
        </track_brightness>
		
        <cap_fps_limit x="15" y="213" width="135" height="24" hint="ui_mm_fps_limit_hint">
            <text r="170" g="170" b="170" font="letterica16" align="r" vert_align="c">ui_mm_fps_limit</text>
        </cap_fps_limit>
        <track_fps_limit x="175" y="210" width="235" height="16" min="10.0" max="900.0" step="10.0">
            <options_item entry="rs_fps_limit" group="mm_opt_video"/>
				<output_wnd x="240" y="0" width="20" height="20" format="%.0f">
					<text r="170" g="170" b="170" font="letterica16" align="r" vert_align="c">0</text>
				</output_wnd>
        </track_fps_limit>

        <cap_fullscreen x="15" y="243" width="135" height="24">
            <text r="170" g="170" b="170" font="letterica16" align="r" vert_align="c">ui_mm_fullscreen</text>
        </cap_fullscreen>
        <check_fullscreen x="162" y="240" width="44" height="29">
	        <texture>ui_inGame2_checkbox</texture>
            <options_item entry="rs_fullscreen" group="mm_opt_video" depend="vid"/>
        </check_fullscreen>


        <btn_advanced x="338" y="322" width="108" height="24">
            <text align="c" font="letterica16">ui_mm_advanced</text>
            <texture>ui_inGame2_button</texture>
			<text_color>
				<e r="210" g="210" b="210"/>
			</text_color>
        </btn_advanced>
    </tab_video>

    <video_adv>
        <scroll_v x="-50" y="0" width="500" height="320"
        right_ident="0" left_ident="0" top_indent="0" bottom_indent="0"
        vert_interval="0" always_show_scroll="0"/>

        <templ_item width="430" height="30"/>
		
        <cap_vis_dist x="70" y="3" width="135" height="24" hint = "ui_mm_vis_dist_hint">
            <text r="170" g="170" b="170" font="letterica16" align="r" vert_align="c">ui_mm_vis_distance</text>
        </cap_vis_dist>
        <track_vis_dist x="220" y="6" width="200" height="16" min="0.4" max="1.5" step="0.1">
            <options_item entry="rs_vis_distance" group="mm_opt_video_adv"/>
				<output_wnd x="210" y="0" width="20" height="20" format="%.1f">
					<text r="170" g="170" b="170" font="letterica16" align="r" vert_align="c">0</text>
				</output_wnd>
        </track_vis_dist>
	       
		<cap_fov x="70" y="3" width="135" height="24" hint = "ui_mm_fov_hint">
        <text r="170" g="170" b="170" font="letterica16" align="r" vert_align="c">ui_mm_cam_fov</text>
        </cap_fov>	
		<track_fov x="220" y="6" width="200" height="16" min="5.0" max="180.0" step="1.0">
        <options_item entry="cam_fov" group="mm_opt_video_adv"/>
			<output_wnd x="210" y="0" width="20" height="20" format="%.0f">
				<text r="170" g="170" b="170" font="letterica16" align="r" vert_align="c">0</text>
			</output_wnd>
        </track_fov>
		
		<cap_hud_fov x="70" y="3" width="135" height="24" hint = "ui_mm_hud_fov_hint">
        <text r="170" g="170" b="170" font="letterica16" align="r" vert_align="c">ui_mm_hud_fov</text>
        </cap_hud_fov>	
		<track_hud_fov x="220" y="6" width="200" height="16" min="0.25" max="1.0" step="0.1">
        <options_item entry="hud_fov" group="mm_opt_video_adv"/>
			<output_wnd x="210" y="0" width="20" height="20" format="%.1f">
				<text r="170" g="170" b="170" font="letterica16" align="r" vert_align="c">0</text>
			</output_wnd>
        </track_hud_fov>
		
		<cap_detail_radius x="70" y="3" width="135" height="24" hint = "ui_mm_detail_radius_hint">
        <text r="170" g="170" b="170" font="letterica16" align="r" vert_align="c">ui_mm_detail_radius</text>
        </cap_detail_radius>	
		<track_detail_radius x="220" y="6" width="200" height="16" min="49" max="300" step="1" is_integer="1">
        <options_item entry="r__detail_radius" group="mm_opt_video_adv" depend="vid"/>
			<output_wnd x="210" y="0" width="20" height="20" format="%d">
				<text r="170" g="170" b="170" font="letterica16" align="r" vert_align="c">0</text>
			</output_wnd>
        </track_detail_radius>
		
		<cap_detail_scale x="70" y="3" width="135" height="24" hint = "ui_mm_detail_scale_hint">
        <text r="170" g="170" b="170" font="letterica16" align="r" vert_align="c">ui_mm_detail_scale</text>
        </cap_detail_scale>	
		<track_detail_scale x="220" y="6" width="200" height="16" min="0.2" max="1.6" step="0.1">
        <options_item entry="r__detail_scale" group="mm_opt_video_adv" depend="vid"/>
			<output_wnd x="210" y="0" width="20" height="20" format="%.1f">
				<text r="170" g="170" b="170" font="letterica16" align="r" vert_align="c">0</text>
			</output_wnd>
        </track_detail_scale>
		
        <cap_detail_collision x="70" y="3" width="135" height="24" hint = "ui_mm_detail_collision_hint">
            <text r="170" g="170" b="170" font="letterica16" align="r" vert_align="c">ui_mm_detail_collision</text>
        </cap_detail_collision>
        <check_detail_collision x="217" y="0" width="44" height="29">
	        <texture>ui_inGame2_checkbox</texture>
			<options_item entry="r4_ss_grass_collision" group="mm_opt_video_adv"/>
        </check_detail_collision>
		
        <cap_ssr_quality x="70" y="3" width="135" height="24" hint = "ui_mm_ssr_quality_hint">
            <text r="170" g="170" b="170" font="letterica16" align="r" vert_align="c">ui_mm_ssr_quality</text>
        </cap_ssr_quality>
        <combo_ssr_quality x="220" y="0" width="200" height="20" always_show_scroll="1">
            <options_item entry="r4_ssr_samples" group="mm_opt_video" depend="restart"/>
            <list_font r="170" g="170" b="170" font="letterica16"/>
            <text_color>
	            <e r="170" g="170" b="170"/>
	            <d r="70" g="70" b="70"/>
            </text_color>
        </combo_ssr_quality>
		
        <cap_3d_scopes_enable x="70" y="3" width="135" height="24" hint = "ui_mm_3d_scopes_hint">
            <text r="170" g="170" b="170" font="letterica16" align="r" vert_align="c">ui_mm_3d_scopes</text>
        </cap_3d_scopes_enable>
        <check_3d_scopes_enable x="217" y="0" width="44" height="29">
	        <texture>ui_inGame2_checkbox</texture>
            <options_item entry="g_3d_scopes" group="mm_opt_video_adv" depend="restart"/>
        </check_3d_scopes_enable>
		
        <cap_3d_pda_enable x="70" y="3" width="135" height="24" hint = "ui_mm_3d_pda_hint">
            <text r="170" g="170" b="170" font="letterica16" align="r" vert_align="c">ui_mm_3d_pda</text>
        </cap_3d_pda_enable>
        <check_3d_pda_enable x="217" y="0" width="44" height="29">
	        <texture>ui_inGame2_checkbox</texture>
            <options_item entry="g_3d_scopes" group="mm_opt_video_adv"/>
        </check_3d_pda_enable>
		
        <cap_bloodmarks_on_skeleton x="70" y="3" width="135" height="24" hint = "ui_mm_bloodmarks_on_skeleton_hint">
            <text r="170" g="170" b="170" font="letterica16" align="r" vert_align="c">ui_mm_bloodmarks_on_skeleton</text>
        </cap_bloodmarks_on_skeleton>
        <check_bloodmarks_on_skeleton x="217" y="0" width="44" height="29">
	        <texture>ui_inGame2_checkbox</texture>
            <options_item entry="r__wallmarks_on_skeleton" group="mm_opt_video_adv" depend="vid"/>
        </check_bloodmarks_on_skeleton>
		
        <cap_actor_shadow x="70" y="3" width="135" height="24" hint = "ui_mm_actor_shadow_hint">
            <text r="170" g="170" b="170" font="letterica16" align="r" vert_align="c">ui_mm_actor_shadow</text>
        </cap_actor_shadow>
        <check_actor_shadow x="217" y="0" width="44" height="29">
	        <texture>ui_inGame2_checkbox</texture>
            <options_item entry="r__actor_shadow" group="mm_opt_video_adv" depend="vid"/>
        </check_actor_shadow>
		
        <cap_hud_mask x="70" y="3" width="135" height="24" hint = "ui_mm_hud_mask_hint">
            <text r="170" g="170" b="170" font="letterica16" align="r" vert_align="c">ui_mm_hud_mask</text>
        </cap_hud_mask>
        <check_hud_mask x="217" y="0" width="44" height="29">
	        <texture>ui_inGame2_checkbox</texture>
            <options_item entry="r2_hud_mask" group="mm_opt_video_adv" depend="vid"/>
        </check_hud_mask>
		
        <cap_hud_dyn_effects x="70" y="3" width="135" height="24" hint = "ui_mm_hud_effects_hint">
            <text r="170" g="170" b="170" font="letterica16" align="r" vert_align="c">ui_mm_hud_dynamic_effects</text>
        </cap_hud_dyn_effects>
        <check_hud_dyn_effects x="217" y="0" width="44" height="29">
	        <texture>ui_inGame2_checkbox</texture>
            <options_item entry="r2_hud_dyn_effects" group="mm_opt_video_adv" depend="vid"/>
        </check_hud_dyn_effects>
		
        <cap_shader_nvg x="70" y="3" width="135" height="24" hint = "ui_mm_shader_nvg_hint">
            <text r="170" g="170" b="170" font="letterica16" align="r" vert_align="c">ui_mm_shader_nvg</text>
        </cap_shader_nvg>
        <check_shader_nvg x="217" y="0" width="44" height="29">
	        <texture>ui_inGame2_checkbox</texture>
            <options_item entry="r__shader_nvg" group="mm_opt_video_adv" depend="vid"/>
        </check_shader_nvg>
		
        <cap_mblur_enable x="70" y="3" width="135" height="24" hint = "ui_mm_mblur_enable_hint">
            <text r="170" g="170" b="170" font="letterica16" align="r" vert_align="c">ui_mm_mblur_enable</text>
        </cap_mblur_enable>
        <check_mblur_enable x="217" y="0" width="44" height="29">
	        <texture>ui_inGame2_checkbox</texture>
            <options_item entry="r2_mblur_enable" group="mm_opt_video_adv" depend="restart"/>
        </check_mblur_enable>
		
		<cap_mblur x="70" y="3" width="135" height="24" hint = "ui_mm_mblur_hint">
			<text r="170" g="170" b="170" font="letterica16" align="r" vert_align="c">ui_mm_mblur</text>
        </cap_mblur>	
		<track_mblur x="220" y="6" width="200" height="16" min="0.05" max="0.25" step="0.01">
        <options_item entry="r2_mblur" group="mm_opt_video_adv"/>
			<output_wnd x="210" y="0" width="20" height="20" format="%.1f">
				<text r="170" g="170" b="170" font="letterica16" align="r" vert_align="c">0</text>
			</output_wnd>
        </track_mblur>
		
        <cap_sunshafts_mode x="70" y="3" width="135" height="24" hint = "ui_mm_sunshafts_mode_hint">
            <text r="170" g="170" b="170" font="letterica16" align="r" vert_align="c">ui_mm_sunshafts_mode</text>
        </cap_sunshafts_mode>
        <combo_sunshafts_mode x="220" y="0" width="200" height="20" always_show_scroll="1">
            <options_item entry="r2_sunshafts_mode" group="mm_opt_video" depend="vid"/>
            <list_font r="170" g="170" b="170" font="letterica16"/>
            <text_color>
	            <e r="170" g="170" b="170"/>
	            <d r="70" g="70" b="70"/>
            </text_color>
        </combo_sunshafts_mode>
		
        <cap_raindrops x="70" y="3" width="135" height="24" hint = "ui_mm_raindrops_hint">
            <text r="170" g="170" b="170" font="letterica16" align="r" vert_align="c">ui_mm_raindrops</text>
        </cap_raindrops>
        <check_raindrops x="217" y="0" width="44" height="29">
	        <texture>ui_inGame2_checkbox</texture>
            <options_item entry="r2_raindrops" group="mm_opt_video_adv" depend="vid"/>
        </check_raindrops>
		
        <cap_vignette_effect x="70" y="3" width="135" height="24" hint = "ui_mm_vignette_hint">
            <text r="170" g="170" b="170" font="letterica16" align="r" vert_align="c">ui_mm_vignette_effect</text>
        </cap_vignette_effect>
        <check_vignette_effect x="217" y="0" width="44" height="29">
	        <texture>ui_inGame2_checkbox</texture>
            <options_item entry="r2_vignette" group="mm_opt_video_adv" depend="vid"/>
        </check_vignette_effect>
		
        <cap_chromatic_aberration x="70" y="3" width="135" height="24" hint = "ui_mm_chromatic_aberration_hint">
            <text r="170" g="170" b="170" font="letterica16" align="r" vert_align="c">ui_mm_chromatic_aberration</text>
        </cap_chromatic_aberration>
        <check_chromatic_aberration x="217" y="0" width="44" height="29">
	        <texture>ui_inGame2_checkbox</texture>
            <options_item entry="r4_chromatic_aberration" group="mm_opt_video_adv"/>
        </check_chromatic_aberration>
		
        <cap_film_grain x="70" y="3" width="135" height="24" hint = "ui_mm_film_grain_hint">
            <text r="170" g="170" b="170" font="letterica16" align="r" vert_align="c">ui_mm_film_grain</text>
        </cap_film_grain>
        <check_film_grain x="217" y="0" width="44" height="29">
	        <texture>ui_inGame2_checkbox</texture>
            <options_item entry="r4_film_grain" group="mm_opt_video_adv"/>
        </check_film_grain>
		
        <cap_sun_details x="70" y="3" width="135" height="24" hint = "ui_mm_sun_details_hint">
            <text r="170" g="170" b="170" font="letterica16" align="r" vert_align="c">ui_mm_sun_details</text>
        </cap_sun_details>
        <check_sun_details x="217" y="0" width="44" height="29">
	        <texture>ui_inGame2_checkbox</texture>
            <options_item entry="r2_sun_details" group="mm_opt_video_adv" depend="vid"/>
        </check_sun_details>
		
		<cap_grass_shadow_distance x="70" y="3" width="135" height="24" hint = "ui_mm_grass_shadows_dintance_hint">
			<text r="170" g="170" b="170" font="letterica16" align="r" vert_align="c">ui_mm_grass_shadows_dintance</text>
        </cap_grass_shadow_distance>	
		<track_grass_shadow_distance x="220" y="6" width="200" height="16" min="0.01" max="1.0" step="0.01">
        <options_item entry="r_grass_shadows_dintance" group="mm_opt_video_adv"/>
			<output_wnd x="210" y="0" width="20" height="20" format="%.1f">
				<text r="170" g="170" b="170" font="letterica16" align="r" vert_align="c">0</text>
			</output_wnd>
        </track_grass_shadow_distance>
		
        <cap_r2_aa_mode x="70" y="3" width="135" height="24" hint = "ui_mm_r2_aa_mode_hint">
            <text r="170" g="170" b="170" font="letterica16" align="r" vert_align="c">ui_mm_r2_aa_mode</text>
        </cap_r2_aa_mode>
        <combo_r2_aa_mode x="220" y="0" width="200" height="20" always_show_scroll="1">
            <options_item entry="r2_aa_mode" group="mm_opt_video" depend="vid"/>
            <list_font r="170" g="170" b="170" font="letterica16"/>
            <text_color>
	            <e r="170" g="170" b="170"/>
	            <d r="70" g="70" b="70"/>
            </text_color>
        </combo_r2_aa_mode>

        <cap_color_r x="70" y="3" width="135" height="24" hint = "ui_mm_color_r_hint">
            <text r="170" g="170" b="170" font="letterica16" align="r" vert_align="c">ui_mm_clr_red</text>
        </cap_color_r>
        <track_color_r x="220" y="6" width="200" height="16" min="0.0" max="2.55" step="0.01">
            <options_item entry="r_color_r" group="mm_opt_video_adv"/>
			<output_wnd x="210" y="0" width="20" height="20" format="%.1f">
				<text r="170" g="170" b="170" font="letterica16" align="r" vert_align="c">0</text>
			</output_wnd>
        </track_color_r>
		
        <cap_color_g x="70" y="3" width="135" height="24" hint = "ui_mm_color_g_hint">
            <text r="170" g="170" b="170" font="letterica16" align="r" vert_align="c">ui_mm_clr_green</text>
        </cap_color_g>
        <track_color_g x="220" y="6" width="200" height="16" min="0.0" max="2.55" step="0.01">
            <options_item entry="r_color_g" group="mm_opt_video_adv"/>
			<output_wnd x="210" y="0" width="20" height="20" format="%.1f">
				<text r="170" g="170" b="170" font="letterica16" align="r" vert_align="c">0</text>
			</output_wnd>
        </track_color_g>
		
        <cap_color_b x="70" y="3" width="135" height="24" hint = "ui_mm_color_b_hint">
            <text r="170" g="170" b="170" font="letterica16" align="r" vert_align="c">ui_mm_clr_blue</text>
        </cap_color_b>
        <track_color_b x="220" y="6" width="200" height="16" min="0.0" max="2.55" step="0.01">
            <options_item entry="r_color_b" group="mm_opt_video_adv"/>
			<output_wnd x="210" y="0" width="20" height="20" format="%.1f">
				<text r="170" g="170" b="170" font="letterica16" align="r" vert_align="c">0</text>
			</output_wnd>
        </track_color_b>
		
        <cap_saturation x="70" y="3" width="135" height="24" hint = "ui_mm_saturation_hint">
            <text r="170" g="170" b="170" font="letterica16" align="r" vert_align="c">ui_mm_saturation</text>
        </cap_saturation>
        <track_cap_saturation x="220" y="6" width="200" height="16" min="-1.0" max="1.0" step="0.01">
            <options_item entry="r_saturation" group="mm_opt_video_adv"/>
			<output_wnd x="210" y="0" width="20" height="20" format="%.1f">
				<text r="170" g="170" b="170" font="letterica16" align="r" vert_align="c">0</text>
			</output_wnd>
        </track_cap_saturation>
		
        <cap_flares x="70" y="3" width="135" height="24" hint = "ui_mm_flares_hint">
            <text r="170" g="170" b="170" font="letterica16" align="r" vert_align="c">ui_mm_flares_render</text>
        </cap_flares>
        <combo_flares x="220" y="0" width="200" height="20" always_show_scroll="1">
            <options_item entry="r2_use_flares" group="mm_opt_video_adv"/>
            <list_font r="170" g="170" b="170" font="letterica16"/>
            <text_color>
	            <e r="170" g="170" b="170"/>
	            <d r="70" g="70" b="70"/>
            </text_color>
        </combo_flares>
		
        <cap_smap_size x="70" y="3" width="135" height="24" hint = "ui_mm_smap_size_hint">
            <text r="170" g="170" b="170" font="letterica16" align="r" vert_align="c">ui_mm_smap_size</text>
        </cap_smap_size>
        <combo_smap_size x="220" y="0" width="200" height="20" always_show_scroll="1">
            <options_item entry="r2_smap_size" group="mm_opt_video_adv" depend="restart"/>
            <list_font r="170" g="170" b="170" font="letterica16"/>
            <text_color>
	            <e r="170" g="170" b="170"/>
	            <d r="70" g="70" b="70"/>
            </text_color>
        </combo_smap_size>
		
        <cap_geometry_lod x="70" y="3" width="135" height="24" hint = "ui_mm_geometry_lod_hint">
            <text r="170" g="170" b="170" font="letterica16" align="r" vert_align="c">ui_mm_geometry_lod</text>
        </cap_geometry_lod>
        <track_geometry_lod x="220" y="6" width="200" height="16" min="0.1" max="3.0" step="0.1">
            <options_item entry="r__geometry_lod" group="mm_opt_video_adv"/>
				<output_wnd x="210" y="0" width="20" height="20" format="%.1f">
					<text r="170" g="170" b="170" font="letterica16" align="r" vert_align="c">0</text>
				</output_wnd>
        </track_geometry_lod>

        <cap_detail_density x="70" y="3" width="135" height="24" hint = "ui_mm_detail_density_hint">
            <text r="170" g="170" b="170" font="letterica16" align="r" vert_align="c">ui_mm_detail_density</text>
        </cap_detail_density>
        <track_detail_density x="220" y="6" width="200" height="16" invert="1" min="0.3" max="1.5" step="0.1">
            <options_item entry="r__detail_density" group="mm_opt_video_adv" depend="vid"/>
				<output_wnd x="210" y="0" width="20" height="20" format="%.1f">
					<text r="170" g="170" b="170" font="letterica16" align="r" vert_align="c">0</text>
				</output_wnd>
        </track_detail_density>

        <cap_texture_lod x="70" y="3" width="135" height="24" hint = "ui_mm_texture_lod_hint">
            <text r="170" g="170" b="170" font="letterica16" align="r" vert_align="c">ui_mm_texture_quality</text>
        </cap_texture_lod>
        <track_texture_lod x="220" y="6" width="200" height="16" invert="1" min="0" max="4" step="1" is_integer="1">
            <options_item entry="texture_lod" group="mm_opt_video_adv" depend="restart"/>
				<output_wnd x="210" y="0" width="20" height="20" format="%d">
					<text r="170" g="170" b="170" font="letterica16" align="r" vert_align="c">0</text>
				</output_wnd>
        </track_texture_lod>

        <cap_aniso x="70" y="3" width="135" height="24" hint = "ui_mm_aniso_hint">
            <text r="170" g="170" b="170" font="letterica16" align="r" vert_align="c">ui_mm_anisotropic</text>
        </cap_aniso>
        <track_aniso x="220" y="6" width="200" height="16" min="1" max="16" step="1" is_integer="1">
            <options_item entry="r__tf_aniso" group="mm_opt_video_adv"/>
				<output_wnd x="210" y="0" width="20" height="20" format="%d">
					<text r="170" g="170" b="170" font="letterica16" align="r" vert_align="c">0</text>
				</output_wnd>
        </track_aniso>

        <cap_ssample x="70" y="3" width="135" height="24" hint = "ui_mm_ssample_hint">
            <text r="170" g="170" b="170" font="letterica16" align="r" vert_align="c">ui_mm_supersample</text>
        </cap_ssample>
        <track_ssample x="220" y="6" width="200" height="16" min="1" max="8" step="1" is_integer="1">
            <options_item entry="r__supersample" group="mm_opt_video_adv" depend="vid"/>
				<output_wnd x="210" y="0" width="20" height="20" format="%d">
					<text r="170" g="170" b="170" font="letterica16" align="r" vert_align="c">0</text>
				</output_wnd>
        </track_ssample>
        <combo_ssample x="220" y="0" width="200" height="20" list_length="4" always_show_scroll="0">
            <options_item entry="r3_msaa" group="mm_opt_video_adv" depend="vid"/>
            <list_font r="170" g="170" b="170" font="letterica16"/>
            <text_color>
	            <e r="170" g="170" b="170"/>
	            <d r="70" g="70" b="70"/>
            </text_color>
        </combo_ssample>

        <cap_r2_sun x="70" y="3" width="135" height="24" hint = "ui_mm_r2_sun_hint">
            <text r="170" g="170" b="170" font="letterica16" align="r" vert_align="c">ui_mm_r2_sun</text>
        </cap_r2_sun>
        <check_r2_sun x="217" y="0" width="44" height="29">
	        <texture>ui_inGame2_checkbox</texture>
            <options_item entry="r2_sun" group="mm_opt_video"/>
        </check_r2_sun>
		
        <cap_r2_static_sun x="70" y="3" width="135" height="24" hint = "ui_mm_r2_static_sun_hint">
            <text r="170" g="170" b="170" font="letterica16" align="r" vert_align="c">ui_mm_r2_static_sun</text>
        </cap_r2_static_sun>
        <check_r2_static_sun x="217" y="0" width="44" height="29">
	        <texture>ui_inGame2_checkbox</texture>
            <options_item entry="r2_static_sun" group="mm_opt_video" depend="restart"/>
        </check_r2_static_sun>
		
		<cap_screen_space_shaders x="70" y="3" width="135" height="24" hint = "ui_mm_screen_space_shaders_hint">
            <text r="170" g="170" b="170" font="letterica16" align="r" vert_align="c">ui_mm_screen_space_shaders</text>
        </cap_screen_space_shaders>
        <check_screen_space_shaders x="217" y="0" width="44" height="29">
	        <texture>ui_inGame2_checkbox</texture>
			<options_item entry="r4_screen_space_shaders" group="mm_opt_video_adv" depend="restart"/>
        </check_screen_space_shaders>
		
		<cap_sss_sky_debanding x="70" y="3" width="135" height="24" hint = "ui_mm_sss_sky_debanding_hint">
            <text r="170" g="170" b="170" font="letterica16" align="r" vert_align="c">ui_mm_sss_sky_debanding</text>
        </cap_sss_sky_debanding>
        <check_sss_sky_debanding x="217" y="0" width="44" height="29">
	        <texture>ui_inGame2_checkbox</texture>
			<options_item entry="r4_ss_sky_debanding" group="mm_opt_video_adv" depend="restart"/>
        </check_sss_sky_debanding>
		
		<cap_sss_flora_fix x="70" y="3" width="135" height="24" hint = "ui_mm_sss_flora_fix_hint">
            <text r="170" g="170" b="170" font="letterica16" align="r" vert_align="c">ui_mm_sss_flora_fix</text>
        </cap_sss_flora_fix>
        <check_sss_flora_fix x="217" y="0" width="44" height="29">
	        <texture>ui_inGame2_checkbox</texture>
			<options_item entry="r4_ss_flora_fix" group="mm_opt_video_adv" depend="restart"/>
        </check_sss_flora_fix>
		
		<cap_sss_fog x="70" y="3" width="135" height="24" hint = "ui_mm_sss_fog_hint">
            <text r="170" g="170" b="170" font="letterica16" align="r" vert_align="c">ui_mm_sss_fog</text>
        </cap_sss_fog>
        <check_sss_fog x="217" y="0" width="44" height="29">
	        <texture>ui_inGame2_checkbox</texture>
			<options_item entry="r4_ss_fog" group="mm_opt_video_adv" depend="restart"/>
        </check_sss_fog>
		
		<cap_sss_indirect_light x="70" y="3" width="135" height="24" hint = "ui_mm_sss_indirect_light_hint">
            <text r="170" g="170" b="170" font="letterica16" align="r" vert_align="c">ui_mm_sss_indirect_light</text>
        </cap_sss_indirect_light>
        <check_sss_indirect_light x="217" y="0" width="44" height="29">
	        <texture>ui_inGame2_checkbox</texture>
			<options_item entry="r4_ss_indirect_light" group="mm_opt_video_adv" depend="restart"/>
        </check_sss_indirect_light>
		
		<cap_sss_screen_space_shadows x="70" y="3" width="135" height="24" hint = "ui_mm_sss_screen_space_shadows_hint">
            <text r="170" g="170" b="170" font="letterica16" align="r" vert_align="c">ui_mm_sss_screen_space_shadows</text>
        </cap_sss_screen_space_shadows>
        <check_sss_screen_space_shadows x="217" y="0" width="44" height="29">
	        <texture>ui_inGame2_checkbox</texture>
			<options_item entry="r4_screen_space_shadows" group="mm_opt_video_adv" depend="restart"/>
        </check_sss_screen_space_shadows>
		
		<cap_sss_shadows x="70" y="3" width="135" height="24" hint = "ui_mm_sss_shadows_hint">
            <text r="170" g="170" b="170" font="letterica16" align="r" vert_align="c">ui_mm_sss_shadows</text>
        </cap_sss_shadows>
        <check_sss_shadows x="217" y="0" width="44" height="29">
	        <texture>ui_inGame2_checkbox</texture>
			<options_item entry="r4_ss_shadows" group="mm_opt_video_adv" depend="restart"/>
        </check_sss_shadows>
		
		<cap_sss_wind x="70" y="3" width="135" height="24" hint = "ui_mm_sss_wind_hint">
            <text r="170" g="170" b="170" font="letterica16" align="r" vert_align="c">ui_mm_sss_wind</text>
        </cap_sss_wind>
        <check_sss_wind x="217" y="0" width="44" height="29">
	        <texture>ui_inGame2_checkbox</texture>
			<options_item entry="r4_ss_wind" group="mm_opt_video_adv" depend="restart"/>
        </check_sss_wind>
		
		<cap_enchanted_shaders x="70" y="3" width="135" height="24" hint = "ui_mm_enchanted_shaders_hint">
            <text r="170" g="170" b="170" font="letterica16" align="r" vert_align="c">ui_mm_enchanted_shaders</text>
        </cap_enchanted_shaders>
        <check_enchanted_shaders x="217" y="0" width="44" height="29">
	        <texture>ui_inGame2_checkbox</texture>
			<options_item entry="r4_enchanted_shaders" group="mm_opt_video_adv" depend="restart"/>
        </check_enchanted_shaders>
		
        <cap_es_pseudo_pbr x="70" y="3" width="135" height="24" hint = "ui_mm_r4_es_pseudo_pbr_hint">
            <text r="170" g="170" b="170" font="letterica16" align="r" vert_align="c">ui_mm_r4_es_pseudo_pbr</text>
        </cap_es_pseudo_pbr>
        <check_es_pseudo_pbr x="217" y="0" width="44" height="29">
	        <texture>ui_inGame2_checkbox</texture>
            <options_item entry="r4_es_pseudo_pbr" group="mm_opt_video" depend="restart"/>
        </check_es_pseudo_pbr>

        <cap_r1_detail_textures x="70" y="3" width="135" height="24" hint = "ui_mm_r1_detail_textures_hint">
            <text r="170" g="170" b="170" font="letterica16" align="r" vert_align="c">ui_mm_r1_detail_textures</text>
        </cap_r1_detail_textures>
        <check_r1_detail_textures x="217" y="0" width="44" height="29">
	        <texture>ui_inGame2_checkbox</texture>
            <options_item entry="r1_detail_textures" group="mm_opt_video"/>
        </check_r1_detail_textures>

        <cap_r2_use_bump x="70" y="3" width="135" height="24" hint = "ui_mm_r2_use_bump_hint">
            <text r="170" g="170" b="170" font="letterica16" align="r" vert_align="c">ui_mm_r2_use_bump</text>
        </cap_r2_use_bump>
        <check_r2_use_bump x="217" y="0" width="44" height="29">
	        <texture>ui_inGame2_checkbox</texture>
            <options_item entry="r2_use_bump" group="mm_opt_video" depend="restart"/>
        </check_r2_use_bump>
		
        <cap_r2_detail_bump x="70" y="3" width="135" height="24" hint = "ui_mm_r2_detail_bump_hint">
            <text r="170" g="170" b="170" font="letterica16" align="r" vert_align="c">ui_mm_r2_detail_bump</text>
        </cap_r2_detail_bump>
        <check_r2_detail_bump x="217" y="0" width="44" height="29">
	        <texture>ui_inGame2_checkbox</texture>
            <options_item entry="r2_detail_bump" group="mm_opt_video"/>
        </check_r2_detail_bump>

        <cap_r2_steep_parallax x="70" y="3" width="135" height="24" hint = "ui_mm_steep_parallax_hint">
            <text r="170" g="170" b="170" font="letterica16" align="r" vert_align="c">ui_mm_r2_steep_parallax</text>
        </cap_r2_steep_parallax>
        <check_r2_steep_parallax x="217" y="0" width="44" height="29">
	        <texture>ui_inGame2_checkbox</texture>
            <options_item entry="r2_steep_parallax" group="mm_opt_video"/>
        </check_r2_steep_parallax>

        <cap_r2_sun_quality x="70" y="3" width="135" height="24" hint = "ui_mm_sun_quality_hint">
            <text r="170" g="170" b="170" font="letterica16" align="r" vert_align="c">ui_mm_r2_sun_quality</text>
        </cap_r2_sun_quality>
        <list_r2_sun_quality x="220" y="0" width="200" height="20" list_length="3">
            <options_item entry="r2_sun_quality" group="mm_opt_video" depend="vid"/>
            <list_font r="170" g="170" b="170" font="letterica16"/>
            <text_color>
	            <e r="170" g="170" b="170"/>
	            <d r="70" g="70" b="70"/>
            </text_color>
        </list_r2_sun_quality>

        <cap_r3_dynamic_wet_surfaces x="70" y="3" width="135" height="24" hint = "ui_mm_r3_dynamic_wet_surfaces_hint">
            <text r="170" g="170" b="170" font="letterica16" align="r" vert_align="c">ui_mm_r3_dynamic_wet_surfaces</text>
        </cap_r3_dynamic_wet_surfaces>
        <check_r3_dynamic_wet_surfaces x="217" y="0" width="44" height="29">
	        <texture>ui_inGame2_checkbox</texture>
            <options_item entry="r3_dynamic_wet_surfaces" group="mm_opt_video"/>
        </check_r3_dynamic_wet_surfaces>

        <cap_r3_volumetric_smoke x="70" y="3" width="135" height="24" hint = "ui_mm_volumetric_smoke_hint">
            <text r="170" g="170" b="170" font="letterica16" align="r" vert_align="c">ui_mm_r3_volumetric_smoke</text>
        </cap_r3_volumetric_smoke>
        <check_r3_volumetric_smoke x="217" y="0" width="44" height="29">
	        <texture>ui_inGame2_checkbox</texture>
            <options_item entry="r3_volumetric_smoke" group="mm_opt_video"/>
        </check_r3_volumetric_smoke>


        <cap_light_distance x="70" y="3" width="135" height="24" hint = "ui_mm_light_distance_hint">
            <text r="170" g="170" b="170" font="letterica16" align="r" vert_align="c">ui_mm_light_distance</text>
        </cap_light_distance>
        <track_light_distance x="220" y="6" width="200" height="16" min="0.2" max="1.0">
            <options_item entry="r2_slight_fade" group="mm_opt_video_adv"/>
				<output_wnd x="210" y="0" width="20" height="20" format="%.1f">
					<text r="170" g="170" b="170" font="letterica16" align="r" vert_align="c">0</text>
				</output_wnd>
        </track_light_distance>

        <cap_npc_torch x="70" y="3" width="135" height="24" hint = "ui_mm_npc_torch_hint">
            <text r="170" g="170" b="170" font="letterica16" align="r" vert_align="c">ui_mm_npc_torch</text>
        </cap_npc_torch>
        <check_npc_torch x="217" y="0" width="44" height="29">
	        <texture>ui_inGame2_checkbox</texture>
            <options_item entry="ai_use_torch_dynamic_lights" group="mm_opt_video_adv"/>
        </check_npc_torch>

        <cap_particles_distance x="70" y="3" width="135" height="24" hint = "ui_mm_particles_distance_hint">
            <text r="170" g="170" b="170" font="letterica16" align="r" vert_align="c">ui_mm_sun_quality</text>
        </cap_particles_distance>
        <track_particles_distance x="220" y="6" width="200" height="16" min="0.5" max="3.0" step="0.1">
            <options_item entry="r2_ls_squality" group="mm_opt_video_adv"/>
				<output_wnd x="210" y="0" width="20" height="20" format="%.1f">
					<text r="170" g="170" b="170" font="letterica16" align="r" vert_align="c">0</text>
				</output_wnd>
        </track_particles_distance>

        <cap_vsync x="70" y="3" width="135" height="24" hint = "ui_mm_vsync_hint">
            <text r="170" g="170" b="170" font="letterica16" align="r" vert_align="c">ui_mm_vsync</text>
        </cap_vsync>
        <check_vsync x="217" y="0" width="44" height="29">
	        <texture>ui_inGame2_checkbox</texture>
            <options_item entry="rs_v_sync" group="mm_opt_video_adv" depend="vid"/>
        </check_vsync>

        <cap_60hz x="70" y="3" width="135" height="24" hint = "ui_mm_60hz_hint">
            <text r="170" g="170" b="170" font="letterica16" align="r" vert_align="c">ui_mm_60_hz</text>
        </cap_60hz>
        <check_60hz x="217" y="0" width="44" height="29">
	        <texture>ui_inGame2_checkbox</texture>
            <options_item entry="rs_refresh_60hz" group="mm_opt_video_adv" depend="vid"/>
        </check_60hz>


        <cap_sun_shafts x="70" y="3" width="135" height="24" hint = "ui_mm_sunshafts_hint">
            <text r="170" g="170" b="170" font="letterica16" align="r" vert_align="c">ui_mm_sun_shafts</text>
        </cap_sun_shafts>
        <combo_sun_shafts x="220" y="0" width="200" height="20" always_show_scroll="1">
            <options_item entry="r2_sun_shafts" group="mm_opt_video" depend="vid"/>
            <list_font r="170" g="170" b="170" font="letterica16"/>
            <text_color>
	            <e r="170" g="170" b="170"/>
	            <d r="70" g="70" b="70"/>
            </text_color>
        </combo_sun_shafts>

        <cap_ssao_mode x="70" y="3" width="135" height="24" hint = "ui_mm_ssao_mode_hint">
            <text r="170" g="170" b="170" font="letterica16" align="r" vert_align="c">ui_mm_ssao_text</text>
        </cap_ssao_mode>
        <combo_ssao_mode x="220" y="0" width="200" height="20" always_show_scroll="1">
            <options_item entry="r2_ssao_mode" group="mm_opt_video" depend="restart"/>
            <list_font r="170" g="170" b="170" font="letterica16"/>
            <text_color>
	            <e r="170" g="170" b="170"/>
	            <d r="70" g="70" b="70"/>
            </text_color>
        </combo_ssao_mode>

        <cap_ssao x="70" y="3" width="135" height="24" hint = "ui_mm_ssao_hint">
            <text r="170" g="170" b="170" font="letterica16" align="r" vert_align="c">ui_mm_ssao_quality</text>
        </cap_ssao>
        <combo_ssao x="220" y="0" width="200" height="20" always_show_scroll="1">
            <options_item entry="r2_ssao" group="mm_opt_video" depend="restart"/>
            <list_font r="170" g="170" b="170" font="letterica16"/>
            <text_color>
	            <e r="170" g="170" b="170"/>
	            <d r="70" g="70" b="70"/>
            </text_color>
        </combo_ssao>

        <cap_soft_water x="70" y="3" width="135" height="24" hint = "ui_mm_soft_water_hint">
            <text r="170" g="170" b="170" font="letterica16" align="r" vert_align="c">ui_mm_soft_water</text>
        </cap_soft_water>
        <check_soft_water x="217" y="0" width="44" height="29">
	        <texture>ui_inGame2_checkbox</texture>
            <options_item entry="r2_soft_water" group="mm_opt_video_adv" depend="vid"/>
        </check_soft_water>

        <cap_soft_particles x="70" y="3" width="135" height="24" hint = "ui_mm_soft_particles_hint">
            <text r="170" g="170" b="170" font="letterica16" align="r" vert_align="c">ui_mm_soft_particles</text>
        </cap_soft_particles>
        <check_soft_particles x="217" y="0" width="44" height="29">
	        <texture>ui_inGame2_checkbox</texture>
            <options_item entry="r2_soft_particles" group="mm_opt_video_adv" depend="vid"/>
        </check_soft_particles>

        <cap_dof x="70" y="3" width="135" height="24" hint = "ui_mm_dof_hint">
            <text r="170" g="170" b="170" font="letterica16" align="r" vert_align="c">ui_mm_dof</text>
        </cap_dof>
        <check_dof x="217" y="0" width="44" height="29">
	        <texture>ui_inGame2_checkbox</texture>
            <options_item entry="r2_dof_enable" group="mm_opt_video_adv" depend="vid"/>
        </check_dof>

        <cap_volumetric_light x="70" y="3" width="135" height="24" hint = "ui_mm_volumetric_light_hint">
            <text r="170" g="170" b="170" font="letterica16" align="r" vert_align="c">ui_mm_volumetric_light</text>
        </cap_volumetric_light>
        <check_volumetric_light x="217" y="0" width="44" height="29">
	        <texture>ui_inGame2_checkbox</texture>
            <options_item entry="r2_volumetric_lights" group="mm_opt_video_adv" depend="vid"/>
        </check_volumetric_light>

        <cap_r3_msaa_alphatest x="70" y="3" width="135" height="24" hint = "ui_mm_r3_msaa_alphatest_hint">
            <text r="170" g="170" b="170" font="letterica16" align="r" vert_align="c">ui_mm_msaa_alphatest</text>
        </cap_r3_msaa_alphatest>
        <combo_r3_msaa_alphatest x="220" y="0" width="200" height="20" always_show_scroll="1">
            <options_item entry="r3_msaa_alphatest" group="mm_opt_video" depend="restart"/>
            <list_font r="170" g="170" b="170" font="letterica16"/>
            <text_color>
	            <e r="170" g="170" b="170"/>
	            <d r="70" g="70" b="70"/>
            </text_color>
        </combo_r3_msaa_alphatest>

        <cap_r3_msaa_opt x="70" y="3" width="135" height="24" hint = "ui_mm_r3_msaa_opt_hint">
            <text r="170" g="170" b="170" font="letterica16" align="r" vert_align="c">ui_mm_r3_DX10_1</text>
        </cap_r3_msaa_opt>
        <check_r3_msaa_opt x="217" y="0" width="44" height="29">
	        <texture>ui_inGame2_checkbox</texture>
            <options_item entry="r3_msaa_opt" group="mm_opt_video_adv" depend="vid"/>
        </check_r3_msaa_opt>

        <cap_r4_tessellation x="70" y="3" width="135" height="24" hint = "ui_mm_r4_tesselation_hint">
            <text r="170" g="170" b="170" font="letterica16" align="r" vert_align="c">ui_mm_r4_enable_tessellation</text>
        </cap_r4_tessellation>
        <check_r4_tessellation x="217" y="0" width="44" height="29">
	        <texture>ui_inGame2_checkbox</texture>
            <options_item entry="r4_enable_tessellation" group="mm_opt_video_adv" depend="vid"/>
        </check_r4_tessellation>
		
        <cap_optimize_static_geom x="70" y="3" width="135" height="24" hint = "ui_mm_optimize_static_geom_hint">
            <text r="170" g="170" b="170" font="letterica16" align="r" vert_align="c">ui_mm_optimize_static_geom</text>
        </cap_optimize_static_geom>
        <track_optimize_static_geom x="220" y="6" width="200" height="16" min="0" max="2" step="1" is_integer="1">
            <options_item entry="r__optimize_static_geom" group="mm_opt_video_adv"/>
			<output_wnd x="210" y="0" width="20" height="20" format="%d">
				<text r="170" g="170" b="170" font="letterica16" align="r" vert_align="c">0</text>
			</output_wnd>
        </track_optimize_static_geom>
		
        <cap_optimize_dynamic_geom x="70" y="3" width="135" height="24" hint = "ui_mm_optimize_dynamic_geom_hint">
            <text r="170" g="170" b="170" font="letterica16" align="r" vert_align="c">ui_mm_optimize_dynamic_geom</text>
        </cap_optimize_dynamic_geom>
        <track_optimize_dynamic_geom x="220" y="6" width="200" height="16" min="0" max="4" step="1" is_integer="1">
            <options_item entry="r__optimize_dynamic_geom" group="mm_opt_video_adv"/>
			<output_wnd x="210" y="0" width="20" height="20" format="%d">
				<text r="170" g="170" b="170" font="letterica16" align="r" vert_align="c">0</text>
			</output_wnd>
        </track_optimize_dynamic_geom>
		
        <cap_optimize_shadow_geom x="70" y="3" width="135" height="24" hint = "ui_mm_optimize_shadow_geom_hint">
            <text r="170" g="170" b="170" font="letterica16" align="r" vert_align="c">ui_mm_optimize_shadow_geom</text>
        </cap_optimize_shadow_geom>
        <check_optimize_shadow_geom x="217" y="0" width="44" height="29">
	        <texture>ui_inGame2_checkbox</texture>
            <options_item entry="r__optimize_shadow_geom" group="mm_opt_video_adv" depend="vid"/>
        </check_optimize_shadow_geom>
		
        <cap_mt_textures_load x="70" y="3" width="135" height="24" hint = "ui_mm_mt_textures_load_hint">
            <text r="170" g="170" b="170" font="letterica16" align="r" vert_align="c">ui_mm_mt_textures_load</text>
        </cap_mt_textures_load>
        <check_mt_textures_load x="217" y="0" width="44" height="29">
	        <texture>ui_inGame2_checkbox</texture>
            <options_item entry="r__mt_textures_load" group="mm_opt_video_adv" depend="vid"/>
        </check_mt_textures_load>
		
        <cap_r3_lowland_fog_type x="70" y="3" width="135" height="24" hint = "ui_mm_r3_lowland_fog_type_hint">
            <text r="170" g="170" b="170" font="letterica16" align="r" vert_align="c">ui_mm_lowland_fog_type</text>
        </cap_r3_lowland_fog_type>
        <combo_r3_lowland_fog_type x="220" y="0" width="200" height="20" always_show_scroll="1">
            <options_item entry="r3_lowland_fog_type" group="mm_opt_video" depend="vid"/>
            <list_font r="170" g="170" b="170" font="letterica16"/>
            <text_color>
	            <e r="170" g="170" b="170"/>
	            <d r="70" g="70" b="70"/>
            </text_color>
        </combo_r3_lowland_fog_type>
		
        <cap_reflections_distance x="70" y="3" width="135" height="24" hint = "ui_mm_reflections_distance_hint">
            <text r="170" g="170" b="170" font="letterica16" align="r" vert_align="c">ui_mm_reflections_distance</text>
        </cap_reflections_distance>
        <track_reflections_distance x="220" y="6" width="200" height="16" min="100.0" max="1000.0">
            <options_item entry="r3_reflections_dist" group="mm_opt_video_adv"/>
				<output_wnd x="210" y="0" width="20" height="20" format="%.f">
					<text r="170" g="170" b="170" font="letterica16" align="r" vert_align="c">0</text>
				</output_wnd>
        </track_reflections_distance>
		
        <cap_dynamic_wet_surfaces_far x="70" y="3" width="135" height="24" hint = "ui_mm_dynamic_wet_surfaces_far_hint">
            <text r="170" g="170" b="170" font="letterica16" align="r" vert_align="c">ui_mm_dynamic_wet_surfaces_far</text>
        </cap_dynamic_wet_surfaces_far>
        <track_dynamic_wet_surfaces_far x="220" y="6" width="200" height="16" min="30.0" max="300.0">
            <options_item entry="r3_dynamic_wet_surfaces_far" group="mm_opt_video_adv"/>
				<output_wnd x="210" y="0" width="20" height="20" format="%.f">
					<text r="170" g="170" b="170" font="letterica16" align="r" vert_align="c">0</text>
				</output_wnd>
        </track_dynamic_wet_surfaces_far>

        <btn_to_simply x="338" y="322" width="108" height="24">
            <text align="c" font="letterica16">ui_mm_simply</text>
            <texture>ui_inGame2_button</texture>
			<text_color>
				<e r="210" g="210" b="210"/>
			</text_color>
        </btn_to_simply>
    </video_adv>

    <tab_sound>
        <cap_mastervolume x="15" y="3" width="135" height="24">
            <text r="170" g="170" b="170" font="letterica16" align="r" vert_align="c">ui_mm_master_volume</text>
        </cap_mastervolume>
        <track_mastervolume x="175" y="6" width="235" height="16" min="0.0" max="1.0" step="0.1">
            <options_item entry="snd_volume_eff" group="mm_opt_sound"/>
			<output_wnd x="250" y="0" width="20" height="20" format="%.1f">
				<text r="170" g="170" b="170" font="letterica16" align="r" vert_align="c">0</text>
			</output_wnd>
        </track_mastervolume>

        <cap_musicvolume x="15" y="33" width="135" height="24">
            <text r="170" g="170" b="170" font="letterica16" align="r" vert_align="c">ui_mm_music_volume</text>
        </cap_musicvolume>
        <track_musicvolume x="175" y="36" width="235" height="16" min="0.0" max="1.0" step="0.1">
            <options_item entry="snd_volume_music" group="mm_opt_sound"/>
			<output_wnd x="250" y="0" width="20" height="20" format="%.1f">
				<text r="170" g="170" b="170" font="letterica16" align="r" vert_align="c">0</text>
			</output_wnd>
        </track_musicvolume>
		
        <cap_snd_targets x="15" y="63" width="135" height="24" hint = "ui_mm_snd_targets_hint">
            <text r="170" g="170" b="170" font="letterica16" align="r" vert_align="c">ui_mm_snd_targets</text>
        </cap_snd_targets>
        <track_snd_targets x="175" y="66" width="235" height="16" min="4" max="256" step="4" is_integer="1">
            <options_item entry="snd_targets" group="mm_opt_sound"/>
			<output_wnd x="250" y="0" width="20" height="20" format="%d">
				<text r="170" g="170" b="170" font="letterica16" align="r" vert_align="c">0</text>
			</output_wnd>
        </track_snd_targets>

        <cap_snd_device x="15" y="93" width="135" height="24">
            <text r="170" g="170" b="170" font="letterica16" align="r" vert_align="c">ui_mm_snd_device</text>
        </cap_snd_device>
        <list_snd_device x="175" y="95" width="235" height="20" always_show_scroll="1">
            <options_item entry="snd_device" group="mm_opt_sound" depend="restart"/>
            <list_font r="170" g="170" b="170" font="letterica16"/>
            <text_color>
	            <e r="170" g="170" b="170"/>
	            <d r="70" g="70" b="70"/>
            </text_color>
        </list_snd_device>

        <cap_check_eax x="15" y="123" width="135" height="24" hint = "ui_mm_eax_hint">
            <text r="170" g="170" b="170" font="letterica16" align="r" vert_align="c">ui_mm_eax</text>
        </cap_check_eax>
        <check_eax x="162" y="120" width="44" height="29">
	        <texture>ui_inGame2_checkbox</texture>
            <options_item entry="snd_efx" group="mm_opt_sound" depend="snd"/>
        </check_eax>

        <cap_check_dynamic_music x="15" y="153" width="135" height="24" hint = "ui_mm_dynamic_music_hint">
            <text r="170" g="170" b="170" font="letterica16" align="r" vert_align="c">ui_mm_dynamic_music</text>
        </cap_check_dynamic_music>
        <check_dynamic_music x="162" y="150" width="44" height="29">
	        <texture>ui_inGame2_checkbox</texture>
            <options_item entry="g_dynamic_music" group="mm_opt_sound" depend="snd"/>
        </check_dynamic_music>
		
        <cap_check_snd_delay x="15" y="183" width="135" height="24" hint = "ui_mm_snd_delay_hint">
            <text r="170" g="170" b="170" font="letterica16" align="r" vert_align="c">ui_mm_snd_delay</text>
        </cap_check_snd_delay>
        <check_snd_delay x="162" y="180" width="44" height="29">
	        <texture>ui_inGame2_checkbox</texture>
            <options_item entry="snd_use_distance_delay" group="mm_opt_sound" depend="snd"/>
        </check_snd_delay>
		
        <cap_check_snd_precache x="15" y="213" width="135" height="24" hint = "ui_mm_snd_precache_hint">
            <text r="170" g="170" b="170" font="letterica16" align="r" vert_align="c">ui_mm_snd_precache</text>
        </cap_check_snd_precache>
        <check_snd_precache x="162" y="210" width="44" height="29">
	        <texture>ui_inGame2_checkbox</texture>
            <options_item entry="snd_precache_all" group="mm_opt_sound" depend="snd"/>
        </check_snd_precache>
    </tab_sound>
    <tab_gameplay>
        <scroll_g x="-50" y="0" width="500" height="320"
        right_ident="0" left_ident="0" top_indent="0" bottom_indent="0"
        vert_interval="0" always_show_scroll="0"/>

        <templ_item width="450" height="30"/>
	
			<cap_difficulty x="55565" y="3" width="135" height="24">
				<text r="170" g="170" b="170" font="letterica16" align="r" vert_align="c">ui_mm_difficulty</text>
			</cap_difficulty>

			<list_difficulty x="555225" y="5" width="235" height="20">
				<options_item entry="g_game_difficulty" group="mm_opt_gameplay"/>
				<list_font r="170" g="170" b="170" font="letterica16"/>
				<text_color>
					<e r="170" g="170" b="170"/>
					<d r="70" g="70" b="70"/>
				</text_color>
			</list_difficulty>
			
			<cap_crosshair_type x="65" y="3" width="135" height="24" hint = "ui_mm_crosshair_type_hint">
				<text r="170" g="170" b="170" font="letterica16" align="r" vert_align="c">ui_mm_crosshair_type</text>
			</cap_crosshair_type>

			<list_crosshair_type x="225" y="5" width="235" height="20">
				<options_item entry="g_crosshair_type" group="mm_opt_gameplay"/>
				<list_font r="170" g="170" b="170" font="letterica16"/>
				<text_color>
					<e r="170" g="170" b="170"/>
					<d r="70" g="70" b="70"/>
				</text_color>
			</list_crosshair_type>
			
			<cap_death_cam_mode x="65" y="3" width="135" height="24" hint = "ui_mm_death_cam_mode_hint">
				<text r="170" g="170" b="170" font="letterica16" align="r" vert_align="c">ui_mm_death_cam_mode</text>
			</cap_death_cam_mode>

			<list_death_cam_mode x="225" y="5" width="235" height="20">
				<options_item entry="g_death_cam_mode" group="mm_opt_gameplay"/>
				<list_font r="170" g="170" b="170" font="letterica16"/>
				<text_color>
					<e r="170" g="170" b="170"/>
					<d r="70" g="70" b="70"/>
				</text_color>
			</list_death_cam_mode>

			<cap_check_crosshair x="65" y="3" width="135" height="24">
				<text r="170" g="170" b="170" font="letterica16" align="r" vert_align="c">ui_mm_show_crosshair</text>
			</cap_check_crosshair>
			<check_crosshair x="212" y="1" width="44" height="29">
				<texture>ui_inGame2_checkbox</texture>
				<options_item entry="hud_crosshair" group="mm_opt_gameplay"/>
			</check_crosshair>

			<cap_check_dyn_crosshair x="65" y="3" width="135" height="24" hint = "ui_mm_dyn_crosshair_hint">
				<text r="170" g="170" b="170" font="letterica16" align="r" vert_align="c">ui_mm_dyn_crosshair</text>
			</cap_check_dyn_crosshair>
			<check_dyn_crosshair x="212" y="1" width="44" height="29">
				<texture>ui_inGame2_checkbox</texture>
				<options_item entry="cl_dynamiccrosshair" group="mm_opt_gameplay"/>
			</check_dyn_crosshair>
			
			<cap_check_adv_crosshair x="65" y="3" width="135" height="24" hint = "ui_mm_adv_crosshair_hint">
				<text r="170" g="170" b="170" font="letterica16" align="r" vert_align="c">ui_mm_adv_crosshair</text>
			</cap_check_adv_crosshair>
			<check_adv_crosshair x="212" y="1" width="44" height="29">
				<texture>ui_inGame2_checkbox</texture>
				<options_item entry="g_advanced_crosshair" group="mm_opt_gameplay"/>
			</check_adv_crosshair>

			<cap_check_show_weapon x="65" y="3" width="135" height="24">
				<text r="170" g="170" b="170" font="letterica16" align="r" vert_align="c">ui_mm_show_weapon</text>
			</cap_check_show_weapon>
			<check_show_weapon x="212" y="1" width="44" height="29">
				<texture>ui_inGame2_checkbox</texture>
				<options_item entry="hud_weapon" group="mm_opt_gameplay"/>
			</check_show_weapon>

			<cap_check_dist x="65" y="3" width="135" height="24">
				<text r="170" g="170" b="170" font="letterica16" align="r" vert_align="c">ui_mm_crosshair_distance</text>
			</cap_check_dist>
			<check_dist x="212" y="1" width="44" height="29">
				<texture>ui_inGame2_checkbox</texture>
				<options_item entry="hud_crosshair_dist" group="mm_opt_gameplay"/>
			</check_dist>

			<cap_check_tips x="65" y="3" width="135" height="24">
				<text r="170" g="170" b="170" font="letterica16" align="r" vert_align="c">ui_mm_tips</text>
			</cap_check_tips>
			<check_tips x="212" y="1" width="44" height="29">
				<texture>ui_inGame2_checkbox</texture>
				<options_item entry="hud_info" group="mm_opt_gameplay"/>
			</check_tips>

			<cap_check_crouch_toggle x="65" y="3" width="135" height="24">
				<text r="170" g="170" b="170" font="letterica16" align="r" vert_align="c">ui_mm_crouch_toggle</text>
			</cap_check_crouch_toggle>
			<check_crouch_toggle x="212" y="1" width="44" height="29">
				<texture>ui_inGame2_checkbox</texture>
				<options_item entry="g_crouch_toggle" group="mm_opt_gameplay"/>
			</check_crouch_toggle>

			<cap_check_important_save x="65" y="3" width="135" height="24">
				<text r="170" g="170" b="170" font="letterica16" align="r" vert_align="c">ui_mm_important_save</text>
			</cap_check_important_save>
			<check_important_save x="212" y="1" width="44" height="29">
				<texture>ui_inGame2_checkbox</texture>
				<options_item entry="g_important_save" group="mm_opt_gameplay"/>
			</check_important_save>

		  <cap_check_hud_draw x="65" y="3" width="135" height="24">
			<text r="170" g="170" b="170" font="letterica16" align="r" vert_align="c">ui_st_disable_hud</text>
		  </cap_check_hud_draw>
		  <check_hud_draw x="212" y="1" width="44" height="29">
			<texture>ui_inGame2_checkbox</texture>
			<options_item entry="hud_draw" group="mm_opt_gameplay"/>
		  </check_hud_draw>
		  
		  <cap_hud_collision x="65" y="3" width="135" height="24" hint = "ui_mm_hud_collision_hint">
			<text r="170" g="170" b="170" font="letterica16" align="r" vert_align="c">ui_st_hud_collision</text>
		  </cap_hud_collision>
		  <check_hud_collision x="212" y="1" width="44" height="29">
			<texture>ui_inGame2_checkbox</texture>
			<options_item entry="hud_collision" group="mm_opt_gameplay"/>
		  </check_hud_collision>
		  
		  <cap_corpse_collision x="65" y="3" width="135" height="24" hint = "ui_mm_corpse_collision_hint">
			<text r="170" g="170" b="170" font="letterica16" align="r" vert_align="c">ui_st_corpse_collision</text>
		  </cap_corpse_collision>
		  <check_corpse_collision x="212" y="1" width="44" height="29">
			<texture>ui_inGame2_checkbox</texture>
			<options_item entry="ph_corpse_collision" group="mm_opt_gameplay"/>
		  </check_corpse_collision>
		  
		  <cap_walk_inertion x="65" y="3" width="135" height="24" hint = "ui_mm_walk_inertion_hint">
			<text r="170" g="170" b="170" font="letterica16" align="r" vert_align="c">ui_st_walk_inertion</text>
		  </cap_walk_inertion>
		  <check_walk_inertion x="212" y="1" width="44" height="29">
			<texture>ui_inGame2_checkbox</texture>
			<options_item entry="actor_walk_inertion" group="mm_opt_gameplay"/>
		  </check_walk_inertion>
		  
		  <cap_loading_stages x="65" y="3" width="135" height="24" hint = "ui_mm_loading_stages_hint">
			<text r="170" g="170" b="170" font="letterica16" align="r" vert_align="c">ui_st_loading_stages</text>
		  </cap_loading_stages>
		  <check_loading_stages x="212" y="1" width="44" height="29">
			<texture>ui_inGame2_checkbox</texture>
			<options_item entry="rs_loadingstages" group="mm_opt_gameplay"/>
		  </check_loading_stages>
		  
		  <cap_animated_backpack x="65" y="3" width="135" height="24">
			<text r="170" g="170" b="170" font="letterica16" align="r" vert_align="c">ui_st_animated_backpack</text>
		  </cap_animated_backpack>
		  <check_animated_backpack x="212" y="1" width="44" height="29">
			<texture>ui_inGame2_checkbox</texture>
			<options_item entry="g_animated_backpack" group="mm_opt_gameplay"/>
		  </check_animated_backpack>
		  
		  <cap_quick_saves_count x="65" y="3" width="135" height="24" hint = "ui_mm_quick_saves_count_hint">
			  <text r="170" g="170" b="170" font="letterica16" align="r" vert_align="c">ui_mm_quick_saves_count</text>
		  </cap_quick_saves_count>
		  <track_quick_saves_count x="225" y="1" width="235" height="16" min="0" max="25" step="1" is_integer="1">
			  <options_item entry="quick_save_counter" group="mm_opt_gameplay"/>
				<output_wnd x="235" y="0" width="20" height="20" format="%d">
					<text r="170" g="170" b="170" font="letterica16" align="r" vert_align="c">0</text>
				</output_wnd>
		  </track_quick_saves_count>
		  
		  <cap_keypress_on_start x="65" y="3" width="135" height="24">
			<text r="170" g="170" b="170" font="letterica16" align="r" vert_align="c">ui_st_keypress_on_start</text>
		  </cap_keypress_on_start>
		  <check_keypress_on_start x="212" y="1" width="44" height="29">
			<texture>ui_inGame2_checkbox</texture>
			<options_item entry="keypress_on_start" group="mm_opt_gameplay"/>
		  </check_keypress_on_start>

		  <btn_check_updates x="338" y="322" width="108" height="24">
				<text align="c" font="letterica16">ui_mm_check_updates</text>
				<texture>ui_inGame2_button</texture>
				<text_color>
					<e r="210" g="210" b="210"/>
				</text_color>
			</btn_check_updates>
    </tab_gameplay>
    <tab_controls>
        <cap_mousesens x="15" y="3" width="135" height="24">
            <text r="170" g="170" b="170" font="letterica16" align="r" vert_align="c">ui_mm_mouse_sense</text>
        </cap_mousesens>
        <track_mousesens x="175" y="6" width="235" height="16" step="0.01">
            <options_item entry="mouse_sens" group="mm_opt_controls"/>
        </track_mousesens>
		<cap_svp_mousesens x="15" y="23" width="135" height="24">
            <text r="170" g="170" b="170" font="letterica16" align="r" vert_align="c">ui_mm_svp_mouse_sense</text>
        </cap_svp_mousesens>
        <track_svp_mousesens x="175" y="26" width="235" height="16" step="0.01">
            <options_item entry="svp_mouse_sens" group="mm_opt_controls"/>
        </track_svp_mousesens>
        <cap_check_mouseinvert x="15" y="43" width="135" height="24">
            <text r="170" g="170" b="170" font="letterica16" align="r" vert_align="c">ui_mm_invert_mouse</text>
        </cap_check_mouseinvert>
        <check_mouseinvert x="162" y="40" width="44" height="29">
	        <texture>ui_inGame2_checkbox</texture>
            <options_item entry="mouse_invert" group="mm_opt_controls"/>
        </check_mouseinvert>

        <cap_keyboardsetup x="0" y="65" width="430" height="15">
            <texture a="150">ui_inGame2_servers_list_button</texture>
            <auto_static x="10" y="0" width="135" height="15">
                <text r="170" g="170" b="170" font="letterica16" vert_align="c">ui_mm_keyboard_setup</text>
            </auto_static>
        </cap_keyboardsetup>

        <key_binding x="0" y="85" width="430" height="240">
            <header_1 x="0" y="0" width="220" height="15">
                <texture a="150">ui_inGame2_servers_list_button</texture>
                <auto_static x="2" y="0" width="220" height="15">
                    <text r="170" g="170" b="170" font="arial_14" x="2" y="1" align="l" vert_align="c" complex_mode="0">ui_mm_action</text>
                </auto_static>
            </header_1>
            <header_2 x="220" y="0" width="105" height="15">
                <texture a="150">ui_inGame2_servers_list_button</texture>
                <auto_static x="2" y="0" width="105" height="15">
                    <text r="170" g="170" b="170" font="arial_14" x="2" y="1" align="l" vert_align="c" complex_mode="0">ui_mm_key</text>
                </auto_static>
            </header_2>
            <auto_frameline x="325" y="0" width="105" height="15">
                <texture>ui_inGame2_servers_list_button</texture>
            </auto_frameline>
            <header_3 x="325" y="0" width="85" height="15">
                <texture a="150">ui_inGame2_empty_frameline_15</texture>
                <auto_static x="2" y="0" width="85" height="15">
                    <text r="170" g="170" b="170" font="arial_14" x="2" y="1" align="l" vert_align="c" complex_mode="0">ui_mm_alternative</text>
                </auto_static>
            </header_3>

            <frame x="0" y="15" width="429" height="215">
                <texture>ui_inGame2_servers_list_frame</texture>
            </frame>

            <scroll_view x="3" y="17" width="424" height="211" always_show_scroll="1" vert_interval="3">
                <item_group x="0" y="0" width="160" height="25">
                    <text r="230" g="230" b="230" font="letterica18"/>
                </item_group>

                <item_key x="0" y="0" width="414" height="18">
                    <text r="170" g="170" b="170" font="letterica16"/>
                </item_key>
            </scroll_view>
        </key_binding>

        <btn_default x="338" y="322" width="108" height="24">
            <text align="c" font="letterica16">ui_mm_default</text>
            <texture>ui_inGame2_button</texture>
			<text_color>
				<e r="210" g="210" b="210"/>
			</text_color>
        </btn_default>
    </tab_controls>

    <download_static x="186" y="717" width="603" height="51">
        <texture>ui_patch_back</texture>
    </download_static>

    <download_text x="200" y="730" width="480" height="30">
        <text r="170" g="170" b="170" align="c" font="letterica16" complex_mode="0">mm_mp_progress</text>
    </download_text>

    <progress_download x="222" y="754" width="403" height="10" horz="1" min="0" max="100">
        <progress>
            <texture>ui_patch_progress</texture>
        </progress>
    </progress_download>

    <btn_cancel_download x="652" y="732" width="111" height="29">
        <text align="c" font="letterica16">mm_mp_cancel</text>
        <text_color>
            <e r="170" g="170" b="170"/>
        </text_color>
        <texture>ui_button_ordinary</texture>
    </btn_cancel_download>
</w>
