<w>
    <background x="0" y="0" width="1024" height="768">
        <texture>ui_inGame2_mp_background</texture>
		<auto_static x="396" y="288" width="493" height="363">
			<texture>ui_inGame2_main_window_small</texture>
		</auto_static>
    <auto_static x="0" y="256" width="304" height="512">
      <texture width="304" height="512">ui\video_bochka</texture>
    </auto_static>

		<auto_static x="10" y="698" width="130" height="30" stretch="1">
			<texture>ui_inGame2_GameSpy_logo</texture>
		</auto_static>
    </background>
    <button_create_acc x="435" y="619" width="135" height="26">
        <text font="letterica16" align="c">ui_st_mp_create_new_account</text>
        <texture>ui_inGame2_Mp_bigbuttone</texture>
        <text_color>
            <e r="200" g="200" b="200"/>
        </text_color>
    </button_create_acc>

    <button_create x="575" y="619" width="135" height="26">
        <text font="letterica16" r="200" g="200" b="200" align="c">ui_st_mp_create</text>
        <texture>ui_inGame2_Mp_bigbuttone</texture>
        <text_color>
            <e r="200" g="200" b="200"/>
        </text_color>
    </button_create>

    <button_login x="575" y="619" width="135" height="26">
        <text font="letterica16" r="200" g="200" b="200" align="c">ui_st_mp_login</text>
        <texture>ui_inGame2_Mp_bigbuttone</texture>
        <text_color>
            <e r="200" g="200" b="200"/>
        </text_color>
    </button_login>
    <button_cancel x="715" y="619" width="135" height="26">
        <text font="letterica16" r="200" g="200" b="200" align="c">mm_mp_cancel</text>
        <texture>ui_inGame2_Mp_bigbuttone</texture>
        <text_color>
            <e r="200" g="200" b="200"/>
        </text_color>
    </button_cancel>
	<login_page x="396" y="288" width="493" height="363">
	    <cap_header_login x="146" y="40" width="200" height="30">
	        <text font="graffiti32" align="c" r="220" g="220" b="220">ui_st_mp_gamespy_login_page</text>
	    </cap_header_login>

	    <cap_email x="75" y="135" width="75" height="30">
	        <text font="letterica18" align="r" vert_align="c" r="170" g="170" b="170">ui_st_mp_email</text>
	    </cap_email>
	    <edit_email x="155" y="135" width="243" height="30" max_symb_count="51">
	        <text x="2" width="239" font="letterica16" complex_mode="0" vert_align="c" r="200" g="200" b="200"/>
	        <texture>ui_inGame2_edit_box_2</texture>
	    </edit_email>

	    <cap_password x="75" y="170" width="75" height="30">
	        <text font="letterica18" align="r" vert_align="c" r="170" g="170" b="170">ui_st_mp_password</text>
	    </cap_password>
	    <edit_password x="155" y="170" width="243" height="30" max_symb_count="31" password="1">
	        <text x="2" font="letterica16" complex_mode="0" vert_align="c" r="200" g="200" b="200"/>
	        <texture>ui_inGame2_edit_box_2</texture>
	    </edit_password>

	    <button_forgot x="268" y="210" width="130" height="24" stretch="1">
	        <text font="letterica16" r="200" g="200" b="200" align="c">ui_st_mp_forgot_password</text>
	        <texture>ui_inGame2_button</texture>
			<text_color>
				<e r="200" g="200" b="200"/>
			</text_color>
	    </button_forgot>

	    <check_remember_me x="290" y="235" width="44" height="29">
	        <texture>ui_inGame2_checkbox</texture>
	        <text x="-3" font="letterica16" r="170" g="170" b="170">ui_st_mp_remember_me</text>
			<text_color>
				<e r="200" g="200" b="200"/>
			</text_color>
	    </check_remember_me>
	</login_page>
	<create_account_page x="396" y="288" width="493" height="363">
	    <cap_header_create_account x="146" y="40" width="200" height="30">
	        <text font="graffiti32" align="c" r="220" g="220" b="220">ui_st_mp_gamespy_account_creation</text>
	    </cap_header_create_account>

	    <cap_error x="146" y="80" width="200" height="15">
	        <text font="letterica16" align="c" r="255" g="0" b="0"/>
	    </cap_error>

	    <cap_email x="75" y="100" width="75" height="30">
	        <text font="letterica18" align="r" vert_align="c" r="170" g="170" b="170">ui_st_mp_email</text>
	    </cap_email>
	    <edit_email x="155" y="100" width="243" height="30" max_symb_count="51">
	        <text x="2" width="239" font="letterica16" complex_mode="0" vert_align="c" r="200" g="200" b="200"/>
	        <texture>ui_inGame2_edit_box_2</texture>
	    </edit_email>
	    <static_email x="400" y="100" width="37" height="25">
	        <texture>ui_inGame2_lamp_OFF</texture>
	    </static_email>

	    <cap_password x="75" y="135" width="75" height="30">
	        <text font="letterica18" align="r" vert_align="c" r="170" g="170" b="170">ui_st_mp_password</text>
	    </cap_password>
	    <edit_password x="155" y="135" width="243" height="30" max_symb_count="31" password="1">
	        <text x="2" font="letterica16" complex_mode="0" vert_align="c" r="200" g="200" b="200"/>
	        <texture>ui_inGame2_edit_box_2</texture>
	    </edit_password>
	    <static_password x="400" y="135" width="37" height="25">
	        <texture>ui_inGame2_lamp_OFF</texture>
	    </static_password>

	    <cap_confirm_password x="75" y="170" width="75" height="30">
	        <text font="letterica18" align="r" vert_align="c" r="170" g="170" b="170">ui_st_mp_confirm_password</text>
	    </cap_confirm_password>
	    <edit_confirm_password x="155" y="170" width="243" height="30" max_symb_count="31" password="1">
	        <text x="2" font="letterica16" complex_mode="0" vert_align="c" r="200" g="200" b="200"/>
	        <texture>ui_inGame2_edit_box_2</texture>
	    </edit_confirm_password>
	    <static_confirm_password x="400" y="170" width="37" height="25">
	        <texture>ui_inGame2_lamp_OFF</texture>
	    </static_confirm_password>

	    <cap_unique_nick x="75" y="205" width="75" height="30">
	        <text font="letterica18" align="r" vert_align="c" r="170" g="170" b="170">ui_st_mp_unique_nickname</text>
	    </cap_unique_nick>
	    <edit_unique_nick x="155" y="205" width="243" height="30" max_symb_count="21">
	        <text x="2" font="letterica16" complex_mode="0" vert_align="c" r="200" g="200" b="200"/>
	        <texture>ui_inGame2_edit_box_2</texture>
	    </edit_unique_nick>
	    <static_unique_nick x="400" y="205" width="37" height="25">
	        <texture>ui_inGame2_lamp_OFF</texture>
	    </static_unique_nick>

        <combo_aval_unique_nick x="198" y="240" width="200" height="20" always_show_scroll="1">
			<options_item entry="unique_nicks" group="gs_group" />
            <list_font r="170" g="170" b="170" font="letterica16"/>
            <text_color>
	            <e r="170" g="170" b="170"/>
            </text_color>
        </combo_aval_unique_nick>
        <auto_static x="75" y="280" width="75" height="20">
			<text font="letterica16" complex_mode="0">ui_st_you_cannot_delete_profile_after_creation</text>
		</auto_static>
	</create_account_page>
</w>