	<tab_client>
	    <main x="306" y="362" width="688" height="341"/>
	    <server_list x="22" y="26" width="535" height="269">
	        <sizes icon="39" server="119" map="102" game="82" players="62" ping="50" version="80"/>
	        <frame x="1" y="15" width="533" height="228">
	            <texture>ui_inGame2_servers_list_frame</texture>
	        </frame>
	        <list x="2" y="16" width="531" height="247" height2="143" item_height="18" always_show_scroll="1" can_select="1">
	            <font font="letterica16"/>
	        </list>
	        <list_item>
	            <text font="letterica16" complex_mode="0"/>
	        </list_item>
	        <header x="0" y="0" width="10" height="15">
	            <text font="arial_14" x="-3" y="1" align="c" vert_align="c" complex_mode="0"/>
	        </header>

	        <header_frames x="0" y="0" width="19" height="15">
	            <texture>ui_inGame2_servers_list_button</texture>
	        </header_frames>
	        <separator x="0" y="3" width="1" height="29" vertical="1">
	            <texture>ui_inGame2_servers_list_button_devider</texture>
	        </separator>

	        <filter max_symb_count="32">
	            <text font="letterica16" vert_align="c" complex_mode="0"/>
	        </filter>
	        <edit_gs_filter x="58" y2="169" y="280" width="477" height="30" max_symb_count="48">
	            <text x="3" font="letterica16" complex_mode="0"/>
	            <texture>ui_inGame2_edit_box</texture>
	            <auto_static x="-60" y="0" width="50" height="30">
	                <text font="letterica16" vert_align="c" align="r" complex_mode="0">st_mp_gsfilter</text>
	            </auto_static>
	        </edit_gs_filter>

	        <cap_server_properties x="0" y="205" width="329" height="15">
	            <text font="arial_14" x="2" y="21" vert_align="c" complex_mode="0">mm_mp_server_prop</text>
	            <texture>ui_inGame2_servers_list_button</texture>
	        </cap_server_properties>
	        <cap_players_list x="337" y="205" width="97" height="15">
	            <text font="arial_14" x="2" y="21" vert_align="c" complex_mode="0">mm_mp_players</text>
	            <texture>ui_inGame2_servers_list_button</texture>
	        </cap_players_list>
	        <cap_frags x="434" y="205" width="42" height="15">
	            <text font="arial_14" x="2" y="21" vert_align="c" complex_mode="0">mm_mp_frags</text>
	            <texture>ui_inGame2_servers_list_button</texture>
	        </cap_frags>
	        <cap_death x="476" y="205" width="60" height="15">
	            <text font="arial_14" x="2" y="21" vert_align="c" complex_mode="0">mm_mp_deaths</text>
	            <texture>ui_inGame2_servers_list_button</texture>
	        </cap_death>

	        <list_server_properties x="2" y="220" width="324" height="93" item_height="18" always_show_scroll="1" can_select="1">
	            <font r="131" g="131" b="131" font="letterica16"/>
	            <frame x="0" y="220" width="328" height="96">
	                <texture>ui_inGame2_servers_list_frame</texture>
	            </frame>
	        </list_server_properties>
	        <list_players_list x="339" y="220" width="194" height="93" item_height="18" always_show_scroll="1" can_select="1">
	            <font r="131" g="131" b="131" font="letterica16"/>
	            <frame x="337" y="220" width="198" height="96">
	                <texture>ui_inGame2_servers_list_frame</texture>
	            </frame>
	        </list_players_list>
	    </server_list>

	    <cap_network_connection x="22" y="0" width="176" height="22" stretch="1">
	        <texture>ui_inGame2_text_leyer_1</texture>
	        <auto_static x="40" y="0" width="490" height="23">
	            <text font="letterica16" vert_align="c">mm_mp_network_connection</text>
	        </auto_static>
	    </cap_network_connection>

	    <cap_server_list x="22" y="0" width="535" height="54">
	        <texture>ui_inGame2_text_leyer</texture>
	        <auto_static x="40" y="0" width="525" height="23">
	            <text font="letterica16" vert_align="c">mm_mp_server_list</text>
	        </auto_static>
	    </cap_server_list>

	    <cap_filters x="569" y="0" width="102" height="54">
	        <texture>ui_inGame2_text_leyer_2</texture>
	        <auto_static x="10" y="0" width="145" height="23">
	            <text font="letterica16" vert_align="c">mm_mp_filters</text>
	        </auto_static>
	    </cap_filters>

	    <check_empty x="547" y="21" width="44" height="29">
	        <texture>ui_inGame2_checkbox</texture>
	        <text x="-7" font="letterica16">mm_mp_empty</text>
	        <options_item entry="mm_net_filter_empty" group="mm_mp_srv_filter"/>
	    </check_empty>
	    <check_full x="547" y="47" width="44" height="29">
	        <texture>ui_inGame2_checkbox</texture>
	        <text x="-7" font="letterica16">mm_mp_full</text>
	        <options_item entry="mm_net_filter_full" group="mm_mp_srv_filter"/>
	    </check_full>
	    <check_with_pass x="547" y="73" width="44" height="29">
	        <texture>ui_inGame2_checkbox</texture>
		    <text x="-7" font="letterica16">mm_mp_withpassword</text>
		    <options_item entry="mm_net_filter_pass" group="mm_mp_srv_filter"/>
	    </check_with_pass>
	    <check_without_pass x="547" y="99" width="44" height="29">
	        <texture>ui_inGame2_checkbox</texture>
		    <text x="-7" font="letterica16">mm_mp_withoutpassword</text>
		    <options_item entry="mm_net_filter_wo_pass" group="mm_mp_srv_filter"/>
	    </check_without_pass>
	    <check_without_ff x="547" y="123" width="44" height="29">
	        <texture>ui_inGame2_checkbox</texture>
		    <text x="-7" font="letterica16">mm_mp_withoutfriendlyfire</text>
		    <options_item entry="mm_net_filter_wo_ff" group="mm_mp_srv_filter"/>
	    </check_without_ff>
	    <check_listen_servers x="547" y="151" width="44" height="29">
	        <texture>ui_inGame2_checkbox</texture>
		    <text x="-7" font="letterica16">mm_mp_listenservers</text>
		    <options_item entry="mm_net_filter_listen" group="mm_mp_srv_filter"/>
	    </check_listen_servers>

	    <btn_direct_ip x="565" y="190" width="130" height="24" stretch="1">
	        <text align="c" font="letterica16" complex_mode="0">st_mp_direct_ip</text>
	        <texture>ui_inGame2_button</texture>
	    </btn_direct_ip>
	    <btn_refresh x="565" y="218" width="130" height="24" stretch="1">
		    <text align="c" font="letterica16" complex_mode="0">mm_mp_refresh</text>
		    <texture>ui_inGame2_button</texture>
	    </btn_refresh>
	    <btn_quick_refresh x="565" y="246" width="130" height="24" stretch="1">
		    <text align="c" font="letterica16" complex_mode="0">mm_mp_quickrefresh</text>
		    <texture>ui_inGame2_button</texture>
	    </btn_quick_refresh>
	    <btn_server_info x="565" y="274" width="130" height="24" stretch="1">
		    <text align="c" font="letterica16" complex_mode="0">mm_mp_serverinfo</text>
		    <texture>ui_inGame2_button</texture>
	    </btn_server_info>
	</tab_client>

