<w>
    <background x="0" y="0" width="1024" height="768">
        <texture>ui_inGame2_mp_background</texture>

      <auto_static x="396" y="288" width="493" height="363">
			  <texture>ui_inGame2_main_window_small</texture>
		  </auto_static>

      <auto_static x="0" y="256" width="304" height="512">
        <texture width="304" height="512">ui\video_bochka</texture>
      </auto_static>

		<auto_static x="10" y="698" width="130" height="30" stretch="1">
			<texture>ui_inGame2_GameSpy_logo</texture>
		</auto_static>
    </background>

    <button_login x="575" y="619" width="135" height="26">
        <text font="letterica16" r="200" g="200" b="200" align="c">ui_st_mp_login</text>
        <texture>ui_inGame2_Mp_bigbuttone</texture>
        <text_color>
            <e r="200" g="200" b="200"/>
        </text_color>
    </button_login>
    <button_cancel x="715" y="619" width="135" height="26">
        <text font="letterica16" r="200" g="200" b="200" align="c">mm_mp_cancel</text>
        <texture>ui_inGame2_Mp_bigbuttone</texture>
        <text_color>
            <e r="200" g="200" b="200"/>
        </text_color>
    </button_cancel>

	<login_page x="396" y="288" width="493" height="363">
	    <cap_header_login x="146" y="40" width="200" height="30">
	        <text font="graffiti32" align="c" r="220" g="220" b="220">ui_st_mp_local_network_login_page</text>
	    </cap_header_login>

	    <cap_nickname x="75" y="135" width="75" height="30">
	        <text font="letterica18" align="r" vert_align="c" r="170" g="170" b="170">ui_st_mp_nickname</text>
	    </cap_nickname>

	    <edit_nickname x="155" y="135" width="243" height="30" max_symb_count="21">
	        <text x="8" width="239" font="letterica16" complex_mode="0" vert_align="c" r="200" g="200" b="200"/>
	        <texture>ui_inGame2_edit_box_2</texture>
	    </edit_nickname>

	    <check_remember_me x="290" y="170" width="44" height="29">
	        <texture>ui_inGame2_checkbox</texture>
	        <text x="-3" font="letterica16" r="170" g="170" b="170">ui_st_mp_remember_me</text>
			<text_color>
				<e r="200" g="200" b="200"/>
			</text_color>
	    </check_remember_me>
	</login_page>
</w>
