	<tab_demo>
	    <main x="347" y="362" width="550" height="341"/>

	    <cap_demo_list x="17" y="0" width="349" height="16">
		    <texture>ui_inGame2_servers_list_button</texture>
		    <auto_static x="8" y="0" width="328" height="16">
	    		<text font="letterica16" vert_align="c">mm_mp_demo_play_list</text>
		    </auto_static>
	    </cap_demo_list>

        <frame_1 x="18" y="15" width="348" height="151">
            <texture>ui_inGame2_servers_list_frame</texture>
        </frame_1>

	    <list x="19" y="18" width="345" height="146" item_height="18" can_select="1">
		    <font font="letterica16"/>
	    </list>

	    <file_item_main width="336" height="16" />
	    <file_item_name x="0" y="0" width="208" height="16" />
	    <file_item_date x="212" y="0" width="88" height="16" />

		<static_map_pic x="372" y="6" width="164" height="132" stretch="1">
			<texture width="204" height="175">ui\ui_noise</texture>
		</static_map_pic>
		<static_map_pic_fore x="371" y="5" width="166" height="135" stretch="1">
			<texture>ui_inGame2_picture_window</texture>
		</static_map_pic_fore>
		<cap_map_info x="372" y="149" width="161" height="142">
			<auto_frameline x="-1" y="-2" width="165" height="147" vertical="1">
				<texture>ui_inGame2_empty_frame</texture>
			</auto_frameline>
			<text>CAP_MAP_INFO</text>
		</cap_map_info>

	    <cap_demo_info_fields x="372" y="170" width="161" height="142">
	    	<auto_static x="0" y="0" width="160" height="20">
			    <text font="letterica16" vert_align="c">mm_mp_gamemode</text>
	    	</auto_static>
		    <auto_static x="0" y="40" width="120" height="20">
			    <text font="letterica16" vert_align="c">mm_mp_players_count</text>
		    </auto_static>
		    <auto_static x="0" y="60" width="120" height="20">
			    <text font="letterica16" vert_align="c">mm_mp_team_stats</text>
		    </auto_static>
	    </cap_demo_info_fields>

	    <static_demo_info_gametype x="372" y="190" width="160" height="20">
		    <text font="letterica16" vert_align="c"></text>
	    </static_demo_info_gametype>
	    <static_demo_info_players_count x="492" y="210" width="40" height="20">
		    <text font="letterica16" vert_align="c"></text>
	    </static_demo_info_players_count>
	    <static_demo_info_teamstats x="492" y="230" width="40" height="20">
		    <text font="letterica16" vert_align="c"></text>
	    </static_demo_info_teamstats>

	    <demo_file_name x="371" y="296" width="165" height="25" max_symb_count="64">
		    <text x="3" font="letterica16" complex_mode="0" vert_align="c"/>
	    	<texture>ui_inGame2_edit_box_1</texture>
	    </demo_file_name>

	    <cap_demo_players_info x="17" y="173" width="349" height="148" stretch="1">
		    <texture>ui_inGame2_demo_player_stats</texture>
		    <auto_static x="8" y="0" width="349" height="16">
	    		<text font="letterica16" vert_align="c">mm_mp_demo_play_players_stats</text>
		    </auto_static>
	    </cap_demo_players_info>

	    <players_list x="22" y="215" width="343" height="101" item_height="18" can_select="0">
		    <font font="letterica16"/>
	    </players_list>

	    <player_item_main width="324" height="18" />
	    <player_item_name x="0" y="0" width="173" height="18" />
	    <player_item_column x="0" y="0" width="30" height="18" />
	</tab_demo>