	<tab_server>
	    <main x="347" y="362" width="550" height="341"/>

		<cap_server_settings x="17" y="0" width="332" height="22">
			<texture>ui_inGame2_servers_list_button</texture>
			<auto_static x="8" y="0" width="324" height="22">
				<text font="letterica16" vert_align="c">mm_mp_serversettings</text>
			</auto_static>
		</cap_server_settings>

		<cap_server_name x="17" y="38" width="96" height="25">
			<text font="letterica16" complex_mode="0" vert_align="c" align="r">mm_mp_servername</text>
		</cap_server_name>
		<cap_password x="17" y="65" width="96" height="25">
			<text font="letterica16" complex_mode="0" vert_align="c" align="r">mm_mp_password</text>
		</cap_password>
		<cap_game_mode x="17" y="90" width="96" height="25">
			<text font="letterica16" complex_mode="0" vert_align="c" align="r">mm_mp_gamemode</text>
		</cap_game_mode>
		<cap_max_players x="17" y="115" width="96" height="25">
			<text font="letterica16" complex_mode="0" vert_align="c" align="r">mm_mp_maxplayers</text>
		</cap_max_players>

	    <edit_server_name x="120" y="38" width="220" height="25" max_symb_count="24">
		    <text x="3" font="letterica16" complex_mode="0" vert_align="c"/>
		    <options_item entry="mm_net_srv_name" group="mm_mp_server"/>
	    	<texture>ui_inGame2_edit_box_1</texture>
	    </edit_server_name>
	    <edit_password x="120" y="65" width="220" height="25" password="1" max_symb_count="10">
		    <text x="3" font="letterica16" complex_mode="0" vert_align="c"/>
		    <texture>ui_inGame2_edit_box_1</texture>
	    </edit_password>
		<spin_game_mode x="120" y="92" width="220" height="20">
			<options_item entry="mm_net_srv_gamemode" group="mm_mp_server"/>
		    <text_color>
	            <e r="255" g="255" b="255"/>
		    </text_color>
		</spin_game_mode>
		<spin_max_players x="120" y="114" width="36" height="20">
			<options_item entry="mm_net_srv_maxplayers" group="mm_mp_server"/>
		</spin_max_players>


	    <check_dedicated x="254" y="110" width="35" height="29" stretch="1">
	        <texture>ui_inGame2_checkbox</texture>
	        <text x="-13" font="letterica16" complex_mode="0" vert_align="c">mm_mp_dedicated</text>
	    </check_dedicated>

		<static_map_pic x="372" y="6" width="164" height="132" stretch="1">
			<texture width="204" height="175">ui\ui_noise</texture>
		</static_map_pic>
		<static_map_pic_fore x="371" y="5" width="166" height="135" stretch="1">
			<texture>ui_inGame2_picture_window</texture>
		</static_map_pic_fore>
		<cap_map_info x="372" y="149" width="161" height="142">
			<auto_frameline x="-1" y="-2" width="165" height="147" vertical="1">
				<texture>ui_inGame2_empty_frame</texture>
			</auto_frameline>
			<text>CAP_MAP_INFO</text>
		</cap_map_info>

		<map_list x="17" y="140" width="332" height="199">
			<header_1 x="0" y="0" width="147" height="15">
				<texture>ui_inGame2_servers_list_button</texture>
				<auto_static x="0" y="0" width="147" height="15">
					<text font="arial_14" vert_align="c" align="c">mm_mp_avail_maps</text>
				</auto_static>
			</header_1>
			<header_2 x="188" y="0" width="147" height="15">
				<texture>ui_inGame2_servers_list_button</texture>
				<auto_static x="0" y="0" width="147" height="15">
					<text font="arial_14" vert_align="c" align="c">mm_mp_sel_maps</text>
				</auto_static>
			</header_2>
			<frame_1 x="0" y="15" width="145" height="187">
				<texture>ui_inGame2_servers_list_frame</texture>
			</frame_1>
			<frame_2 x="188" y="15" width="145" height="187">
				<texture>ui_inGame2_servers_list_frame</texture>
			</frame_2>
			<list_1 x="1" y="17" width="142" height="183" item_height="18" always_show_scroll="1" can_select="1" multiselect="1">
				<font font="arial_14"/>
			</list_1>
			<list_2 x="189" y="17" width="142" height="183" item_height="18" always_show_scroll="1" can_select="1">
				<font font="arial_14"/>
			</list_2>
			<btn_left x="152" y="50" width="28" height="20" stretch="1">
				<texture>ui_inGame2_arrow_button</texture>
			</btn_left>
			<btn_right x="152" y="72" width="28" height="20" stretch="1">
				<texture>ui_inGame2_arrow_button</texture>
			</btn_right>
			<btn_up x="152" y="114" width="28" height="20" stretch="1">
				<texture>ui_inGame2_arrow_button</texture>
			</btn_up>
			<btn_down x="152" y="136" width="28" height="20" stretch="1">
				<texture>ui_inGame2_arrow_button</texture>
			</btn_down>
		</map_list>
        <btn_left_static x="180" y="195" width="8" height="9" stretch="1">
            <texture>ui_inGame2_arrow_left</texture>
        </btn_left_static>
        <btn_right_static x="180" y="217" width="8" height="9" stretch="1">
            <texture>ui_inGame2_arrow_right</texture>
        </btn_right_static>
        <btn_up_static x="180" y="258" width="7" height="10" stretch="1">
            <texture>ui_inGame2_arrow_up</texture>
        </btn_up_static>
        <btn_down_static x="180" y="282" width="7" height="10" stretch="1">
            <texture>ui_inGame2_arrow_down</texture>
        </btn_down_static>
	</tab_server>
