<w>
  <award_0_active x="0" y="0" width="121" height="121" hint="st_achievement_1_descr">
    <auto_static x="0" y="0" width="121" height="121">
      <texture>ui_inGame2_awards_background</texture>
    </auto_static>
    <auto_static x="0" y="0" width="121" height="121">
      <texture>mp_award_massacre</texture>
    </auto_static>
    <cap_count x="90" y="90" width="30" height="30">
      <text font="letterica18" vert_align="c" align="c" r="250" g="0" b="0" complex_mode="1">0</text>
    </cap_count>
  </award_0_active>
  <award_0_inactive x="0" y="0" width="121" height="121" hint="st_achievement_1_descr">
    <auto_static x="0" y="0" width="121" height="121">
      <texture>ui_inGame2_awards_background</texture>
    </auto_static>
    <auto_static x="0" y="0" width="121" height="121">
      <texture a="80">mp_award_unknown</texture>
    </auto_static>
  </award_0_inactive>


  <award_1_active x="0" y="0" width="121" height="121" hint="st_achievement_2_descr">
    <auto_static x="0" y="0" width="121" height="121">
      <texture>ui_inGame2_awards_background</texture>
    </auto_static>
    <auto_static x="0" y="0" width="121" height="121">
      <texture>mp_award_paranoia</texture>
    </auto_static>
    <cap_count x="90" y="90" width="30" height="30">
      <text font="letterica18" vert_align="c" align="c" r="250" g="0" b="0" complex_mode="1">0</text>
    </cap_count>
  </award_1_active>
  <award_1_inactive x="0" y="0" width="121" height="121" hint="st_achievement_2_descr">
    <auto_static x="0" y="0" width="121" height="121">
      <texture>ui_inGame2_awards_background</texture>
    </auto_static>
    <auto_static x="0" y="0" width="121" height="121">
      <texture a="80">mp_award_unknown</texture>
    </auto_static>
  </award_1_inactive>

  
  <award_2_active x="0" y="0" width="121" height="121" hint="st_achievement_3_descr">
    <auto_static x="0" y="0" width="121" height="121">
      <texture>ui_inGame2_awards_background</texture>
    </auto_static>
    <auto_static x="0" y="0" width="121" height="121">
      <texture>mp_award_overwhelming_superiority</texture>
    </auto_static>
    <cap_count x="90" y="90" width="30" height="30">
      <text font="letterica18" vert_align="c" align="c" r="250" g="0" b="0" complex_mode="1">0</text>
    </cap_count>
  </award_2_active>
  <award_2_inactive x="0" y="0" width="121" height="121" hint="st_achievement_3_descr">
    <auto_static x="0" y="0" width="121" height="121">
      <texture>ui_inGame2_awards_background</texture>
    </auto_static>
    <auto_static x="0" y="0" width="121" height="121">
      <texture a="80">mp_award_unknown</texture>
    </auto_static>
  </award_2_inactive>


  <award_3_active x="0" y="0" width="121" height="121" hint="st_achievement_4_descr">
    <auto_static x="0" y="0" width="121" height="121">
      <texture>ui_inGame2_awards_background</texture>
    </auto_static>
    <auto_static x="0" y="0" width="121" height="121">
      <texture>mp_award_blitzkrieg</texture>
    </auto_static>
    <cap_count x="90" y="90" width="30" height="30">
      <text font="letterica18" vert_align="c" align="c" r="250" g="0" b="0" complex_mode="1">0</text>
    </cap_count>
  </award_3_active>
  <award_3_inactive x="0" y="0" width="121" height="121" hint="st_achievement_4_descr">
    <auto_static x="0" y="0" width="121" height="121">
      <texture>ui_inGame2_awards_background</texture>
    </auto_static>
    <auto_static x="0" y="0" width="121" height="121">
      <texture a="80">mp_award_unknown</texture>
    </auto_static>
  </award_3_inactive>

  <award_4_active x="0" y="0" width="121" height="121" hint="st_achievement_5_descr">
    <auto_static x="0" y="0" width="121" height="121">
      <texture>ui_inGame2_awards_background</texture>
    </auto_static>
    <auto_static x="0" y="0" width="121" height="121">
      <texture>mp_award_dry_victory</texture>
    </auto_static>
    <cap_count x="90" y="90" width="30" height="30">
      <text font="letterica18" vert_align="c" align="c" r="250" g="0" b="0" complex_mode="1">0</text>
    </cap_count>
  </award_4_active>
  <award_4_inactive x="0" y="0" width="121" height="121" hint="st_achievement_5_descr">
    <auto_static x="0" y="0" width="121" height="121">
      <texture>ui_inGame2_awards_background</texture>
    </auto_static>
    <auto_static x="0" y="0" width="121" height="121">
      <texture a="80">mp_award_unknown</texture>
    </auto_static>
  </award_4_inactive>

  <award_5_active x="0" y="0" width="121" height="121" hint="st_achievement_6_descr">
    <auto_static x="0" y="0" width="121" height="121">
      <texture>ui_inGame2_awards_background</texture>
    </auto_static>
    <auto_static x="0" y="0" width="121" height="121">
      <texture>mp_award_multichampion</texture>
    </auto_static>
    <cap_count x="90" y="90" width="30" height="30">
      <text font="letterica18" vert_align="c" align="c" r="250" g="0" b="0" complex_mode="1">0</text>
    </cap_count>
  </award_5_active>
  <award_5_inactive x="0" y="0" width="121" height="121" hint="st_achievement_6_descr">
    <auto_static x="0" y="0" width="121" height="121">
      <texture>ui_inGame2_awards_background</texture>
    </auto_static>
    <auto_static x="0" y="0" width="121" height="121">
      <texture a="80">mp_award_unknown</texture>
    </auto_static>
  </award_5_inactive>

  <award_6_active x="0" y="0" width="121" height="121" hint="st_achievement_7_descr">
    <auto_static x="0" y="0" width="121" height="121">
      <texture>ui_inGame2_awards_background</texture>
    </auto_static>
    <auto_static x="0" y="0" width="121" height="121">
      <texture>mp_award_mad</texture>
    </auto_static>
    <cap_count x="90" y="90" width="30" height="30">
      <text font="letterica18" vert_align="c" align="c" r="250" g="0" b="0" complex_mode="1">0</text>
    </cap_count>
  </award_6_active>
  <award_6_inactive x="0" y="0" width="121" height="121" hint="st_achievement_7_descr">
    <auto_static x="0" y="0" width="121" height="121">
      <texture>ui_inGame2_awards_background</texture>
    </auto_static>
    <auto_static x="0" y="0" width="121" height="121">
      <texture a="80">mp_award_unknown</texture>
    </auto_static>
  </award_6_inactive>

  <award_7_active x="0" y="0" width="121" height="121" hint="st_achievement_8_descr">
    <auto_static x="0" y="0" width="121" height="121">
      <texture>ui_inGame2_awards_background</texture>
    </auto_static>
    <auto_static x="0" y="0" width="121" height="121">
      <texture>mp_award_achilles_heel</texture>
    </auto_static>
    <cap_count x="90" y="90" width="30" height="30">
      <text font="letterica18" vert_align="c" align="c" r="250" g="0" b="0" complex_mode="1">0</text>
    </cap_count>
  </award_7_active>
  <award_7_inactive x="0" y="0" width="121" height="121" hint="st_achievement_8_descr">
    <auto_static x="0" y="0" width="121" height="121">
      <texture>ui_inGame2_awards_background</texture>
    </auto_static>
    <auto_static x="0" y="0" width="121" height="121">
      <texture a="80">mp_award_unknown</texture>
    </auto_static>
  </award_7_inactive>

  <award_8_active x="0" y="0" width="121" height="121" hint="st_achievement_9_descr">
    <auto_static x="0" y="0" width="121" height="121">
      <texture>ui_inGame2_awards_background</texture>
    </auto_static>
    <auto_static x="0" y="0" width="121" height="121">
      <texture>mp_award_fater_than_bullets</texture>
    </auto_static>
    <cap_count x="90" y="90" width="30" height="30">
      <text font="letterica18" vert_align="c" align="c" r="250" g="0" b="0" complex_mode="1">0</text>
    </cap_count>
  </award_8_active>
  <award_8_inactive x="0" y="0" width="121" height="121" hint="st_achievement_9_descr">
    <auto_static x="0" y="0" width="121" height="121">
      <texture>ui_inGame2_awards_background</texture>
    </auto_static>
    <auto_static x="0" y="0" width="121" height="121">
      <texture a="80">mp_award_unknown</texture>
    </auto_static>
  </award_8_inactive>

  <award_9_active x="0" y="0" width="121" height="121" hint="st_achievement_10_descr">
    <auto_static x="0" y="0" width="121" height="121">
      <texture>ui_inGame2_awards_background</texture>
    </auto_static>
    <auto_static x="0" y="0" width="121" height="121">
      <texture>mp_award_harvest_time</texture>
    </auto_static>
    <cap_count x="90" y="90" width="30" height="30">
      <text font="letterica18" vert_align="c" align="c" r="250" g="0" b="0" complex_mode="1">0</text>
    </cap_count>
  </award_9_active>
  <award_9_inactive x="0" y="0" width="121" height="121" hint="st_achievement_10_descr">
    <auto_static x="0" y="0" width="121" height="121">
      <texture>ui_inGame2_awards_background</texture>
    </auto_static>
    <auto_static x="0" y="0" width="121" height="121">
      <texture a="80">mp_award_unknown</texture>
    </auto_static>
  </award_9_inactive>

  <award_10_active x="0" y="0" width="121" height="121" hint="st_achievement_11_descr">
    <auto_static x="0" y="0" width="121" height="121">
      <texture>ui_inGame2_awards_background</texture>
    </auto_static>
    <auto_static x="0" y="0" width="121" height="121">
      <texture>mp_award_skewer</texture>
    </auto_static>
    <cap_count x="90" y="90" width="30" height="30">
      <text font="letterica18" vert_align="c" align="c" r="250" g="0" b="0" complex_mode="1">0</text>
    </cap_count>
  </award_10_active>
  <award_10_inactive x="0" y="0" width="121" height="121" hint="st_achievement_11_descr">
    <auto_static x="0" y="0" width="121" height="121">
      <texture>ui_inGame2_awards_background</texture>
    </auto_static>
    <auto_static x="0" y="0" width="121" height="121">
      <texture a="80">mp_award_unknown</texture>
    </auto_static>
  </award_10_inactive>

  <award_11_active x="0" y="0" width="121" height="121" hint="st_achievement_12_descr">
    <auto_static x="0" y="0" width="121" height="121">
      <texture>ui_inGame2_awards_background</texture>
    </auto_static>
    <auto_static x="0" y="0" width="121" height="121">
      <texture>mp_award_double_shot_double_kill</texture>
    </auto_static>
    <cap_count x="90" y="90" width="30" height="30">
      <text font="letterica18" vert_align="c" align="c" r="250" g="0" b="0" complex_mode="1">0</text>
    </cap_count>
  </award_11_active>
  <award_11_inactive x="0" y="0" width="121" height="121" hint="st_achievement_12_descr">
    <auto_static x="0" y="0" width="121" height="121">
      <texture>ui_inGame2_awards_background</texture>
    </auto_static>
    <auto_static x="0" y="0" width="121" height="121">
      <texture a="80">mp_award_unknown</texture>
    </auto_static>
  </award_11_inactive>

  <award_12_active x="0" y="0" width="121" height="121" hint="st_achievement_13_descr">
    <auto_static x="0" y="0" width="121" height="121">
      <texture>ui_inGame2_awards_background</texture>
    </auto_static>
    <auto_static x="0" y="0" width="121" height="121">
      <texture>mp_award_climber</texture>
    </auto_static>
    <cap_count x="90" y="90" width="30" height="30">
      <text font="letterica18" vert_align="c" align="c" r="250" g="0" b="0" complex_mode="1">0</text>
    </cap_count>
  </award_12_active>
  <award_12_inactive x="0" y="0" width="121" height="121" hint="st_achievement_13_descr">
    <auto_static x="0" y="0" width="121" height="121">
      <texture>ui_inGame2_awards_background</texture>
    </auto_static>
    <auto_static x="0" y="0" width="121" height="121">
      <texture a="80">mp_award_unknown</texture>
    </auto_static>
  </award_12_inactive>

  <award_13_active x="0" y="0" width="121" height="121" hint="st_achievement_14_descr">
    <auto_static x="0" y="0" width="121" height="121">
      <texture>ui_inGame2_awards_background</texture>
    </auto_static>
    <auto_static x="0" y="0" width="121" height="121">
      <texture>mp_award_opener</texture>
    </auto_static>
    <cap_count x="90" y="90" width="30" height="30">
      <text font="letterica18" vert_align="c" align="c" r="250" g="0" b="0" complex_mode="1">0</text>
    </cap_count>
  </award_13_active>
  <award_13_inactive x="0" y="0" width="121" height="121" hint="st_achievement_14_descr">
    <auto_static x="0" y="0" width="121" height="121">
      <texture>ui_inGame2_awards_background</texture>
    </auto_static>
    <auto_static x="0" y="0" width="121" height="121">
      <texture a="80">mp_award_unknown</texture>
    </auto_static>
  </award_13_inactive>

  <award_14_active x="0" y="0" width="121" height="121" hint="st_achievement_15_descr">
    <auto_static x="0" y="0" width="121" height="121">
      <texture>ui_inGame2_awards_background</texture>
    </auto_static>
    <auto_static x="0" y="0" width="121" height="121">
      <texture>mp_award_toughy</texture>
    </auto_static>
    <cap_count x="90" y="90" width="30" height="30">
      <text font="letterica18" vert_align="c" align="c" r="250" g="0" b="0" complex_mode="1">0</text>
    </cap_count>
  </award_14_active>
  <award_14_inactive x="0" y="0" width="121" height="121" hint="st_achievement_15_descr">
    <auto_static x="0" y="0" width="121" height="121">
      <texture>ui_inGame2_awards_background</texture>
    </auto_static>
    <auto_static x="0" y="0" width="121" height="121">
      <texture a="80">mp_award_unknown</texture>
    </auto_static>
  </award_14_inactive>

  <award_15_active x="0" y="0" width="121" height="121" hint="st_achievement_16_descr">
    <auto_static x="0" y="0" width="121" height="121">
      <texture>ui_inGame2_awards_background</texture>
    </auto_static>
    <auto_static x="0" y="0" width="121" height="121">
      <texture>mp_award_invincible_fury</texture>
    </auto_static>
    <cap_count x="90" y="90" width="30" height="30">
      <text font="letterica18" vert_align="c" align="c" r="250" g="0" b="0" complex_mode="1">0</text>
    </cap_count>
  </award_15_active>
  <award_15_inactive x="0" y="0" width="121" height="121" hint="st_achievement_16_descr">
    <auto_static x="0" y="0" width="121" height="121">
      <texture>ui_inGame2_awards_background</texture>
    </auto_static>
    <auto_static x="0" y="0" width="121" height="121">
      <texture a="80">mp_award_unknown</texture>
    </auto_static>
  </award_15_inactive>

  <award_16_active x="0" y="0" width="121" height="121" hint="st_achievement_17_descr">
    <auto_static x="0" y="0" width="121" height="121">
      <texture>ui_inGame2_awards_background</texture>
    </auto_static>
    <auto_static x="0" y="0" width="121" height="121">
      <texture>mp_award_oculist</texture>
    </auto_static>
    <cap_count x="90" y="90" width="30" height="30">
      <text font="letterica18" vert_align="c" align="c" r="250" g="0" b="0" complex_mode="1">0</text>
    </cap_count>
  </award_16_active>
  <award_16_inactive x="0" y="0" width="121" height="121" hint="st_achievement_17_descr">
    <auto_static x="0" y="0" width="121" height="121">
      <texture>ui_inGame2_awards_background</texture>
    </auto_static>
    <auto_static x="0" y="0" width="121" height="121">
      <texture a="80">mp_award_unknown</texture>
    </auto_static>
  </award_16_inactive>

  <award_17_active x="0" y="0" width="121" height="121" hint="st_achievement_18_descr">
    <auto_static x="0" y="0" width="121" height="121">
      <texture>ui_inGame2_awards_background</texture>
    </auto_static>
    <auto_static x="0" y="0" width="121" height="121">
      <texture>mp_award_lightning_reflexes</texture>
    </auto_static>
    <cap_count x="90" y="90" width="30" height="30">
      <text font="letterica18" vert_align="c" align="c" r="250" g="0" b="0" complex_mode="1">0</text>
    </cap_count>
  </award_17_active>
  <award_17_inactive x="0" y="0" width="121" height="121" hint="st_achievement_18_descr">
    <auto_static x="0" y="0" width="121" height="121">
      <texture>ui_inGame2_awards_background</texture>
    </auto_static>
    <auto_static x="0" y="0" width="121" height="121">
      <texture a="80">mp_award_unknown</texture>
    </auto_static>
  </award_17_inactive>

  <award_18_active x="0" y="0" width="121" height="121" hint="st_achievement_19_descr">
    <auto_static x="0" y="0" width="121" height="121">
      <texture>ui_inGame2_awards_background</texture>
    </auto_static>
    <auto_static x="0" y="0" width="121" height="121">
      <texture>mp_award_sprinter_stopper</texture>
    </auto_static>
    <cap_count x="90" y="90" width="30" height="30">
      <text font="letterica18" vert_align="c" align="c" r="250" g="0" b="0" complex_mode="1">0</text>
    </cap_count>
  </award_18_active>
  <award_18_inactive x="0" y="0" width="121" height="121" hint="st_achievement_19_descr">
    <auto_static x="0" y="0" width="121" height="121">
      <texture>ui_inGame2_awards_background</texture>
    </auto_static>
    <auto_static x="0" y="0" width="121" height="121">
      <texture a="80">mp_award_unknown</texture>
    </auto_static>
  </award_18_inactive>

  <award_19_active x="0" y="0" width="121" height="121" hint="st_achievement_20_descr">
    <auto_static x="0" y="0" width="121" height="121">
      <texture>ui_inGame2_awards_background</texture>
    </auto_static>
    <auto_static x="0" y="0" width="121" height="121">
      <texture>mp_award_marksman</texture>
    </auto_static>
    <cap_count x="90" y="90" width="30" height="30">
      <text font="letterica18" vert_align="c" align="c" r="250" g="0" b="0" complex_mode="1">0</text>
    </cap_count>
  </award_19_active>
  <award_19_inactive x="0" y="0" width="121" height="121" hint="st_achievement_20_descr">
    <auto_static x="0" y="0" width="121" height="121">
      <texture>ui_inGame2_awards_background</texture>
    </auto_static>
    <auto_static x="0" y="0" width="121" height="121">
      <texture a="80">mp_award_unknown</texture>
    </auto_static>
  </award_19_inactive>

  <award_20_active x="0" y="0" width="121" height="121" hint="st_achievement_21_descr">
    <auto_static x="0" y="0" width="121" height="121">
      <texture>ui_inGame2_awards_background</texture>
    </auto_static>
    <auto_static x="0" y="0" width="121" height="121">
      <texture>mp_award_peace_ambassador</texture>
    </auto_static>
    <cap_count x="90" y="90" width="30" height="30">
      <text font="letterica18" vert_align="c" align="c" r="250" g="0" b="0" complex_mode="1">0</text>
    </cap_count>
  </award_20_active>
  <award_20_inactive x="0" y="0" width="121" height="121" hint="st_achievement_21_descr">
    <auto_static x="0" y="0" width="121" height="121">
      <texture>ui_inGame2_awards_background</texture>
    </auto_static>
    <auto_static x="0" y="0" width="121" height="121">
      <texture a="80">mp_award_unknown</texture>
    </auto_static>
  </award_20_inactive>

  <award_21_active x="0" y="0" width="121" height="121" hint="st_achievement_22_descr">
    <auto_static x="0" y="0" width="121" height="121">
      <texture>ui_inGame2_awards_background</texture>
    </auto_static>
    <auto_static x="0" y="0" width="121" height="121">
      <texture>mp_award_deadly_accuracy</texture>
    </auto_static>
    <cap_count x="90" y="90" width="30" height="30">
      <text font="letterica18" vert_align="c" align="c" r="250" g="0" b="0" complex_mode="1">0</text>
    </cap_count>
  </award_21_active>
  <award_21_inactive x="0" y="0" width="121" height="121" hint="st_achievement_22_descr">
    <auto_static x="0" y="0" width="121" height="121">
      <texture>ui_inGame2_awards_background</texture>
    </auto_static>
    <auto_static x="0" y="0" width="121" height="121">
      <texture a="80">mp_award_unknown</texture>
    </auto_static>
  </award_21_inactive>

  <award_22_active x="0" y="0" width="121" height="121" hint="st_achievement_23_descr">
    <auto_static x="0" y="0" width="121" height="121">
      <texture>ui_inGame2_awards_background</texture>
    </auto_static>
    <auto_static x="0" y="0" width="121" height="121">
      <texture>mp_award_remembrance</texture>
    </auto_static>
    <cap_count x="90" y="90" width="30" height="30">
      <text font="letterica18" vert_align="c" align="c" r="250" g="0" b="0" complex_mode="1">0</text>
    </cap_count>
  </award_22_active>
  <award_22_inactive x="0" y="0" width="121" height="121" hint="st_achievement_23_descr">
    <auto_static x="0" y="0" width="121" height="121">
      <texture>ui_inGame2_awards_background</texture>
    </auto_static>
    <auto_static x="0" y="0" width="121" height="121">
      <texture a="80">mp_award_unknown</texture>
    </auto_static>
  </award_22_inactive>

  <award_23_active x="0" y="0" width="121" height="121" hint="st_achievement_24_descr">
    <auto_static x="0" y="0" width="121" height="121">
      <texture>ui_inGame2_awards_background</texture>
    </auto_static>
    <auto_static x="0" y="0" width="121" height="121">
      <texture>mp_award_avenger</texture>
    </auto_static>
    <cap_count x="90" y="90" width="30" height="30">
      <text font="letterica18" vert_align="c" align="c" r="250" g="0" b="0" complex_mode="1">0</text>
    </cap_count>
  </award_23_active>
  <award_23_inactive x="0" y="0" width="121" height="121" hint="st_achievement_24_descr">
    <auto_static x="0" y="0" width="121" height="121">
      <texture>ui_inGame2_awards_background</texture>
    </auto_static>
    <auto_static x="0" y="0" width="121" height="121">
      <texture a="80">mp_award_unknown</texture>
    </auto_static>
  </award_23_inactive>

  <award_24_active x="0" y="0" width="121" height="121" hint="st_achievement_25_descr">
    <auto_static x="0" y="0" width="121" height="121">
      <texture>ui_inGame2_awards_background</texture>
    </auto_static>
    <auto_static x="0" y="0" width="121" height="121">
      <texture>mp_award_cherub</texture>
    </auto_static>
    <cap_count x="90" y="90" width="30" height="30">
      <text font="letterica18" vert_align="c" align="c" r="250" g="0" b="0" complex_mode="1">0</text>
    </cap_count>
  </award_24_active>
  <award_24_inactive x="0" y="0" width="121" height="121" hint="st_achievement_25_descr">
    <auto_static x="0" y="0" width="121" height="121">
      <texture>ui_inGame2_awards_background</texture>
    </auto_static>
    <auto_static x="0" y="0" width="121" height="121">
      <texture a="80">mp_award_unknown</texture>
    </auto_static>
  </award_24_inactive>

  <award_25_active x="0" y="0" width="121" height="121" hint="st_achievement_26_descr">
    <auto_static x="0" y="0" width="121" height="121">
      <texture>ui_inGame2_awards_background</texture>
    </auto_static>
    <auto_static x="0" y="0" width="121" height="121">
      <texture>mp_award_dignity</texture>
    </auto_static>
    <cap_count x="90" y="90" width="30" height="30">
      <text font="letterica18" vert_align="c" align="c" r="250" g="0" b="0" complex_mode="1">0</text>
    </cap_count>
  </award_25_active>
  <award_25_inactive x="0" y="0" width="121" height="121" hint="st_achievement_26_descr">
    <auto_static x="0" y="0" width="121" height="121">
      <texture>ui_inGame2_awards_background</texture>
    </auto_static>
    <auto_static x="0" y="0" width="121" height="121">
      <texture a="80">mp_award_unknown</texture>
    </auto_static>
  </award_25_inactive>

  <award_26_active x="0" y="0" width="121" height="121" hint="st_achievement_27_descr">
    <auto_static x="0" y="0" width="121" height="121">
      <texture>ui_inGame2_awards_background</texture>
    </auto_static>
    <auto_static x="0" y="0" width="121" height="121">
      <texture>mp_award_stalker_flair</texture>
    </auto_static>
    <cap_count x="90" y="90" width="30" height="30">
      <text font="letterica18" vert_align="c" align="c" r="250" g="0" b="0" complex_mode="1">0</text>
    </cap_count>
  </award_26_active>
  <award_26_inactive x="0" y="0" width="121" height="121" hint="st_achievement_27_descr">
    <auto_static x="0" y="0" width="121" height="121">
      <texture>ui_inGame2_awards_background</texture>
    </auto_static>
    <auto_static x="0" y="0" width="121" height="121">
      <texture a="80">mp_award_unknown</texture>
    </auto_static>
  </award_26_inactive>

  <award_27_active x="0" y="0" width="121" height="121" hint="st_achievement_28_descr">
    <auto_static x="0" y="0" width="121" height="121">
      <texture>ui_inGame2_awards_background</texture>
    </auto_static>
    <auto_static x="0" y="0" width="121" height="121">
      <texture>mp_award_lucky</texture>
    </auto_static>
    <cap_count x="90" y="90" width="30" height="30">
      <text font="letterica18" vert_align="c" align="c" r="250" g="0" b="0" complex_mode="1">0</text>
    </cap_count>
  </award_27_active>
  <award_27_inactive x="0" y="0" width="121" height="121" hint="st_achievement_28_descr">
    <auto_static x="0" y="0" width="121" height="121">
      <texture>ui_inGame2_awards_background</texture>
    </auto_static>
    <auto_static x="0" y="0" width="121" height="121">
      <texture a="80">mp_award_unknown</texture>
    </auto_static>
  </award_27_inactive>

  <award_28_active x="0" y="0" width="121" height="121" hint="st_achievement_29_descr">
    <auto_static x="0" y="0" width="121" height="121">
      <texture>ui_inGame2_awards_background</texture>
    </auto_static>
    <auto_static x="0" y="0" width="121" height="121">
      <texture>mp_award_black_list</texture>
    </auto_static>
    <cap_count x="90" y="90" width="30" height="30">
      <text font="letterica18" vert_align="c" align="c" r="250" g="0" b="0" complex_mode="1">0</text>
    </cap_count>
  </award_28_active>
  <award_28_inactive x="0" y="0" width="121" height="121" hint="st_achievement_29_descr">
    <auto_static x="0" y="0" width="121" height="121">
      <texture>ui_inGame2_awards_background</texture>
    </auto_static>
    <auto_static x="0" y="0" width="121" height="121">
      <texture a="80">mp_award_unknown</texture>
    </auto_static>
  </award_28_inactive>

  <award_29_active x="0" y="0" width="121" height="121" hint="st_achievement_30_descr">
    <auto_static x="0" y="0" width="121" height="121">
      <texture>ui_inGame2_awards_background</texture>
    </auto_static>
    <auto_static x="0" y="0" width="121" height="121">
      <texture>mp_award_silent_death</texture>
    </auto_static>
    <cap_count x="90" y="90" width="30" height="30">
      <text font="letterica18" vert_align="c" align="c" r="250" g="0" b="0" complex_mode="1">0</text>
    </cap_count>
  </award_29_active>
  <award_29_inactive x="0" y="0" width="121" height="121" hint="st_achievement_30_descr">
    <auto_static x="0" y="0" width="121" height="121">
      <texture>ui_inGame2_awards_background</texture>
    </auto_static>
    <auto_static x="0" y="0" width="121" height="121">
      <texture a="80">mp_award_unknown</texture>
    </auto_static>
  </award_29_inactive>
</w>
