	<tab_client>
	    <main x="347" y="362" width="550" height="341"/>
	    <server_list x="17" y="62" width="428" height="228">
	        <sizes icon="32" server="95" map="81" game="65" players="49" ping="40" version="66"/>
	        <frame x="0" y="15" width="425" height="228">
	            <texture>ui_inGame2_servers_list_frame</texture>
	        </frame>
	        <list x="1" y="16" width="424" height="206" height2="102" item_height="18" always_show_scroll="1" can_select="1">
	            <font font="letterica16"/>
	        </list>
	        <list_item>
	            <text font="letterica16" complex_mode="0"/>
	        </list_item>
	        <header x="0" y="0" width="8" height="15">
	            <text font="arial_14" x="2" y="1" align="c" vert_align="c" complex_mode="0"/>
	        </header>

	        <header_frames x="0" y="0" width="16" height="15">
	            <texture>ui_inGame2_servers_list_button</texture>
	        </header_frames>
	        <separator x="0" y="3" width="1" height="29" vertical="1">
	            <texture>ui_inGame2_servers_list_button_devider</texture>
	        </separator>

	        <filter max_symb_count="32">
	            <text font="letterica16" vert_align="c" complex_mode="0"/>
	        </filter>
	        <edit_gs_filter x="46" y2="129" y="239" width="381" height="30" max_symb_count="48">
	            <text x="3" font="letterica16" complex_mode="0"/>
	            <texture>ui_inGame2_edit_box</texture>
	            <auto_static x="-48" y="0" width="40" height="30">
	                <text font="letterica16" vert_align="c" align="r" complex_mode="0">st_mp_gsfilter</text>
	            </auto_static>
	        </edit_gs_filter>

	        <cap_server_properties x="0" y="165" width="263" height="15">
	            <text font="arial_14" x="2" y="1" vert_align="c" complex_mode="0">mm_mp_server_prop</text>
	            <texture>ui_inGame2_servers_list_button</texture>
	        </cap_server_properties>
	        <cap_players_list x="269" y="165" width="77" height="15">
	            <text font="arial_14" x="2" y="1" vert_align="c" complex_mode="0">mm_mp_players</text>
	            <texture>ui_inGame2_servers_list_button</texture>
	        </cap_players_list>
	        <cap_frags x="347" y="165" width="33" height="15">
	            <text font="arial_14" x="2" y="1" vert_align="c" complex_mode="0">mm_mp_frags</text>
	            <texture>ui_inGame2_servers_list_button</texture>
	        </cap_frags>
	        <cap_death x="380" y="165" width="48" height="15">
	            <text font="arial_14" x="2" y="1" vert_align="c" complex_mode="0">mm_mp_deaths</text>
	            <texture>ui_inGame2_servers_list_button</texture>
	        </cap_death>

	        <list_server_properties x="1" y="181" width="259" height="93" item_height="18" always_show_scroll="1" can_select="1">
	            <font r="131" g="131" b="131" font="letterica16"/>
	            <frame x="0" y="180" width="262" height="96">
	                <texture>ui_inGame2_servers_list_frame</texture>
	            </frame>
	        </list_server_properties>
	        <list_players_list x="271" y="181" width="155" height="93" item_height="18" always_show_scroll="1" can_select="1">
	            <font r="131" g="131" b="131" font="letterica16"/>
	            <frame x="269" y="180" width="158" height="96">
	                <texture>ui_inGame2_servers_list_frame</texture>
	            </frame>
	        </list_players_list>
	    </server_list>

	    <cap_network_connection x="17" y="0" width="140" height="22" stretch="1">
	        <texture>ui_inGame2_text_leyer_1</texture>
	        <auto_static x="32" y="0" width="392" height="23">
	            <text font="letterica16" vert_align="c">mm_mp_network_connection</text>
	        </auto_static>
	    </cap_network_connection>

	    <cap_server_list x="17" y="32" width="428" height="22" stretch="1">
	        <texture>ui_inGame2_text_leyer</texture>
	        <auto_static x="32" y="0" width="420" height="23">
	            <text font="letterica16" vert_align="c">mm_mp_server_list</text>
	        </auto_static>
	    </cap_server_list>

	    <cap_filters x="455" y="32" width="81" height="22" stretch="1">
	        <texture>ui_inGame2_text_leyer_2</texture>
	        <auto_static x="8" y="0" width="116" height="23">
	            <text font="letterica16" vert_align="c">mm_mp_filters</text>
	        </auto_static>
	    </cap_filters>
<!--
	    <radio_tab_network_connection x="160" y="-3" width="188" height="22" radio="1">
	        <button x="0" y="0" width="22" height="28" id="internet">
	            <text font="letterica16" complex_mode="0" x="24" y="3">mm_mp_internet</text>
	        </button>
	        <button x="72" y="0" width="22" height="28" id="lan">
	            <text font="letterica16" complex_mode="0" x="24" y="3">mm_mp_lan</text>
	        </button>
	    </radio_tab_network_connection>

	    <btn_direct_ip x="345" y="0" width="86" height="24" stretch="1">
	        <text align="c" font="letterica18" complex_mode="0">st_mp_direct_ip</text>
	        <texture>ui_inGame2_button</texture>
	    </btn_direct_ip>
-->
	    <check_empty x="439" y="53" width="35" height="29" stretch="1">
	        <texture>ui_inGame2_checkbox</texture>
	        <text x="-13" font="letterica16">mm_mp_empty</text>
	        <options_item entry="mm_net_filter_empty" group="mm_mp_srv_filter"/>
	    </check_empty>
	    <check_full x="439" y="79" width="35" height="29" stretch="1">
	        <texture>ui_inGame2_checkbox</texture>
	        <text x="-13" font="letterica16">mm_mp_full</text>
	        <options_item entry="mm_net_filter_full" group="mm_mp_srv_filter"/>
	    </check_full>

	    <check_with_pass x="439" y="105" width="35" height="29" stretch="1">
	        <texture>ui_inGame2_checkbox</texture>
		    <text x="-13" font="letterica16">mm_mp_withpassword</text>
		    <options_item entry="mm_net_filter_pass" group="mm_mp_srv_filter"/>
	    </check_with_pass>
	    <check_without_pass x="439" y="131" width="35" height="29" stretch="1">
	        <texture>ui_inGame2_checkbox</texture>
		    <text x="-13" font="letterica16">mm_mp_withoutpassword</text>
		    <options_item entry="mm_net_filter_wo_pass" group="mm_mp_srv_filter"/>
	    </check_without_pass>
	    <check_without_ff x="439" y="157" width="35" height="29" stretch="1">
	        <texture>ui_inGame2_checkbox</texture>
		    <text x="-13" font="letterica16">mm_mp_withoutfriendlyfire</text>
		    <options_item entry="mm_net_filter_wo_ff" group="mm_mp_srv_filter"/>
	    </check_without_ff>
	    <check_listen_servers x="439" y="183" width="35" height="29" stretch="1">
	        <texture>ui_inGame2_checkbox</texture>
		    <text x="-13" font="letterica16">mm_mp_listenservers</text>
		    <options_item entry="mm_net_filter_listen" group="mm_mp_srv_filter"/>
	    </check_listen_servers>

	    <btn_direct_ip x="456" y="220" width="100" height="24" stretch="1">
	        <text align="c" font="letterica16" complex_mode="0">st_mp_direct_ip</text>
	        <texture>ui_inGame2_button</texture>
	    </btn_direct_ip>
	    <btn_refresh x="456" y="248" width="100" height="24" stretch="1">
		    <text align="c" font="letterica16" complex_mode="0">mm_mp_refresh</text>
		    <texture>ui_inGame2_button</texture>
	    </btn_refresh>
	    <btn_quick_refresh x="456" y="276" width="100" height="24" stretch="1">
		    <text align="c" font="letterica16" complex_mode="0">mm_mp_quickrefresh</text>
		    <texture>ui_inGame2_button</texture>
	    </btn_quick_refresh>
	    <btn_server_info x="456" y="304" width="100" height="24" stretch="1">
		    <text align="c" font="letterica16" complex_mode="0">mm_mp_serverinfo</text>
		    <texture>ui_inGame2_button</texture>
	    </btn_server_info>
	</tab_client>
