<w>
    <background x="240" y="256" width="541" height="265" stretch="1">
        <texture>ui_inGame2_message_box</texture>
    </background>

    <sleep_static x="32" y="32" width="472" height="128" stretch="1">
        <texture>ui_inGame2_sky_panorama</texture>
    </sleep_static>

    <static_cover x="29" y="32" width="480" height="128" stretch="1">
        <texture>ui_inGame2_panorama_window</texture>
    </static_cover>

    <st_marker x="0" y="0" width="24" height="118" stretch="1">
        <texture>ui_inGame2_marker</texture>
    </st_marker>

    <sleep_st_1 x="32" y="163" width="20" height="15" complex_mode="0">
        <text align="l" vert_align="c" font="letterica16" r="80" g="80" b="80"/>
    </sleep_st_1>
    <sleep_st_2 x="52" y="163" width="20" height="15" complex_mode="0">
        <text align="l" vert_align="c" font="letterica16" r="80" g="80" b="80"/>
    </sleep_st_2>
    <sleep_st_3 x="72" y="163" width="20" height="15" complex_mode="0">
        <text align="l" vert_align="c" font="letterica16" r="80" g="80" b="80"/>
    </sleep_st_3>
    <sleep_st_4 x="92" y="163" width="20" height="15" complex_mode="0">
        <text align="l" vert_align="c" font="letterica16" r="80" g="80" b="80"/>
    </sleep_st_4>
    <sleep_st_5 x="112" y="163" width="20" height="15" complex_mode="0">
        <text align="l" vert_align="c" font="letterica16" r="80" g="80" b="80"/>
    </sleep_st_5>
    <sleep_st_6 x="132" y="163" width="20" height="15" complex_mode="0">
        <text align="l" vert_align="c" font="letterica16" r="80" g="80" b="80"/>
    </sleep_st_6>
    <sleep_st_7 x="152" y="163" width="20" height="15" complex_mode="0">
        <text align="l" vert_align="c" font="letterica16" r="80" g="80" b="80"/>
    </sleep_st_7>
    <sleep_st_8 x="172" y="163" width="20" height="15" complex_mode="0">
        <text align="l" vert_align="c" font="letterica16" r="80" g="80" b="80"/>
    </sleep_st_8>
    <sleep_st_9 x="192" y="163" width="20" height="15" complex_mode="0">
        <text align="l" vert_align="c" font="letterica16" r="80" g="80" b="80"/>
    </sleep_st_9>
    <sleep_st_10 x="212" y="163" width="20" height="15" complex_mode="0">
        <text align="l" vert_align="c" font="letterica16" r="80" g="80" b="80"/>
    </sleep_st_10>
    <sleep_st_11 x="232" y="163" width="20" height="15" complex_mode="0">
        <text align="l" vert_align="c" font="letterica16" r="80" g="80" b="80"/>
    </sleep_st_11>
    <sleep_st_12 x="252" y="163" width="20" height="15" complex_mode="0">
        <text align="l" vert_align="c" font="letterica16" r="80" g="80" b="80"/>
    </sleep_st_12>
    <sleep_st_13 x="272" y="163" width="20" height="15" complex_mode="0">
        <text align="l" vert_align="c" font="letterica16" r="80" g="80" b="80"/>
    </sleep_st_13>
    <sleep_st_14 x="292" y="163" width="20" height="15" complex_mode="0">
        <text align="l" vert_align="c" font="letterica16" r="80" g="80" b="80"/>
    </sleep_st_14>
    <sleep_st_15 x="312" y="163" width="20" height="15" complex_mode="0">
        <text align="l" vert_align="c" font="letterica16" r="80" g="80" b="80"/>
    </sleep_st_15>
    <sleep_st_16 x="332" y="163" width="20" height="15" complex_mode="0">
        <text align="l" vert_align="c" font="letterica16" r="80" g="80" b="80"/>
    </sleep_st_16>
    <sleep_st_17 x="352" y="163" width="20" height="15" complex_mode="0">
        <text align="l" vert_align="c" font="letterica16" r="80" g="80" b="80"/>
    </sleep_st_17>
    <sleep_st_18 x="372" y="163" width="20" height="15" complex_mode="0">
        <text align="l" vert_align="c" font="letterica16" r="80" g="80" b="80"/>
    </sleep_st_18>
    <sleep_st_19 x="392" y="163" width="20" height="15" complex_mode="0">
        <text align="l" vert_align="c" font="letterica16" r="80" g="80" b="80"/>
    </sleep_st_19>
    <sleep_st_20 x="412" y="163" width="20" height="15" complex_mode="0">
        <text align="l" vert_align="c" font="letterica16" r="80" g="80" b="80"/>
    </sleep_st_20>
    <sleep_st_21 x="432" y="163" width="20" height="15" complex_mode="0">
        <text align="l" vert_align="c" font="letterica16" r="80" g="80" b="80"/>
    </sleep_st_21>
    <sleep_st_22 x="452" y="163" width="20" height="15" complex_mode="0">
        <text align="l" vert_align="c" font="letterica16" r="80" g="80" b="80"/>
    </sleep_st_22>
    <sleep_st_23 x="472" y="163" width="20" height="15" complex_mode="0">
        <text align="l" vert_align="c" font="letterica16" r="80" g="80" b="80"/>
    </sleep_st_23>
    <sleep_st_24 x="492" y="163" width="20" height="15" complex_mode="0">
        <text align="l" vert_align="c" font="letterica16" r="80" g="80" b="80"/>
    </sleep_st_24>

    <time_track x="29" y="177" width="480" height="16" is_integer="1" step="1">
        <options_item entry="g_sleep_time" group="sleep" depend="runtime"/>
    </time_track>

    <btn_sleep x="167" y="212" width="101" height="28" check_mode="0" stretch="1">
        <window_name>button_yes</window_name>
        <text font="letterica18">sleep_ok_button</text>
        <texture>ui_inGame2_Mp_bigbuttone</texture>
    </btn_sleep>

    <btn_cancel x="272" y="212" width="101" height="28" check_mode="0" stretch="1">
        <window_name>button_no</window_name>
        <text font="letterica18">Btn_Cancel</text>
        <texture>ui_inGame2_Mp_bigbuttone</texture>
    </btn_cancel>
</w>