<w>
    <background x="173" y="256" width="677" height="255">
        <texture>ui_inGame2_message_box</texture>
    </background>

    <sleep_static x="40" y="32" width="591" height="128">
        <texture>ui_inGame2_sky_panorama</texture>
    </sleep_static>

    <static_cover x="37" y="32" width="601" height="128">
        <texture>ui_inGame2_panorama_window</texture>
    </static_cover>

    <st_marker x="0" y="0" width="30" height="118">
        <texture>ui_inGame2_marker</texture>
    </st_marker>

    <sleep_st_1 x="40" y="163" width="25" height="15" complex_mode="0">
        <text align="l" vert_align="c" font="letterica16" r="80" g="80" b="80"/>
    </sleep_st_1>
    <sleep_st_2 x="65" y="163" width="25" height="15" complex_mode="0">
        <text align="l" vert_align="c" font="letterica16" r="80" g="80" b="80"/>
    </sleep_st_2>
    <sleep_st_3 x="90" y="163" width="25" height="15" complex_mode="0">
        <text align="l" vert_align="c" font="letterica16" r="80" g="80" b="80"/>
    </sleep_st_3>
    <sleep_st_4 x="115" y="163" width="25" height="15" complex_mode="0">
        <text align="l" vert_align="c" font="letterica16" r="80" g="80" b="80"/>
    </sleep_st_4>
    <sleep_st_5 x="140" y="163" width="25" height="15" complex_mode="0">
        <text align="l" vert_align="c" font="letterica16" r="80" g="80" b="80"/>
    </sleep_st_5>
    <sleep_st_6 x="165" y="163" width="25" height="15" complex_mode="0">
        <text align="l" vert_align="c" font="letterica16" r="80" g="80" b="80"/>
    </sleep_st_6>
    <sleep_st_7 x="190" y="163" width="25" height="15" complex_mode="0">
        <text align="l" vert_align="c" font="letterica16" r="80" g="80" b="80"/>
    </sleep_st_7>
    <sleep_st_8 x="215" y="163" width="25" height="15" complex_mode="0">
        <text align="l" vert_align="c" font="letterica16" r="80" g="80" b="80"/>
    </sleep_st_8>
    <sleep_st_9 x="240" y="163" width="25" height="15" complex_mode="0">
        <text align="l" vert_align="c" font="letterica16" r="80" g="80" b="80"/>
    </sleep_st_9>
    <sleep_st_10 x="265" y="163" width="25" height="15" complex_mode="0">
        <text align="l" vert_align="c" font="letterica16" r="80" g="80" b="80"/>
    </sleep_st_10>
    <sleep_st_11 x="290" y="163" width="25" height="15" complex_mode="0">
        <text align="l" vert_align="c" font="letterica16" r="80" g="80" b="80"/>
    </sleep_st_11>
    <sleep_st_12 x="315" y="163" width="25" height="15" complex_mode="0">
        <text align="l" vert_align="c" font="letterica16" r="80" g="80" b="80"/>
    </sleep_st_12>
    <sleep_st_13 x="340" y="163" width="25" height="15" complex_mode="0">
        <text align="l" vert_align="c" font="letterica16" r="80" g="80" b="80"/>
    </sleep_st_13>
    <sleep_st_14 x="365" y="163" width="25" height="15" complex_mode="0">
        <text align="l" vert_align="c" font="letterica16" r="80" g="80" b="80"/>
    </sleep_st_14>
    <sleep_st_15 x="390" y="163" width="25" height="15" complex_mode="0">
        <text align="l" vert_align="c" font="letterica16" r="80" g="80" b="80"/>
    </sleep_st_15>
    <sleep_st_16 x="415" y="163" width="25" height="15" complex_mode="0">
        <text align="l" vert_align="c" font="letterica16" r="80" g="80" b="80"/>
    </sleep_st_16>
    <sleep_st_17 x="440" y="163" width="25" height="15" complex_mode="0">
        <text align="l" vert_align="c" font="letterica16" r="80" g="80" b="80"/>
    </sleep_st_17>
    <sleep_st_18 x="465" y="163" width="25" height="15" complex_mode="0">
        <text align="l" vert_align="c" font="letterica16" r="80" g="80" b="80"/>
    </sleep_st_18>
    <sleep_st_19 x="490" y="163" width="25" height="15" complex_mode="0">
        <text align="l" vert_align="c" font="letterica16" r="80" g="80" b="80"/>
    </sleep_st_19>
    <sleep_st_20 x="515" y="163" width="25" height="15" complex_mode="0">
        <text align="l" vert_align="c" font="letterica16" r="80" g="80" b="80"/>
    </sleep_st_20>
    <sleep_st_21 x="540" y="163" width="25" height="15" complex_mode="0">
        <text align="l" vert_align="c" font="letterica16" r="80" g="80" b="80"/>
    </sleep_st_21>
    <sleep_st_22 x="565" y="163" width="25" height="15" complex_mode="0">
        <text align="l" vert_align="c" font="letterica16" r="80" g="80" b="80"/>
    </sleep_st_22>
    <sleep_st_23 x="590" y="163" width="25" height="15" complex_mode="0">
        <text align="l" vert_align="c" font="letterica16" r="80" g="80" b="80"/>
    </sleep_st_23>
    <sleep_st_24 x="615" y="163" width="25" height="15" complex_mode="0">
        <text align="l" vert_align="c" font="letterica16" r="80" g="80" b="80"/>
    </sleep_st_24>

    <time_track x="37" y="177" width="601" height="16" is_integer="1" step="1">
        <options_item entry="g_sleep_time" group="sleep" depend="runtime"/>
    </time_track>

    <btn_sleep x="209" y="212" width="127" height="28" check_mode="0">
        <window_name>button_yes</window_name>
        <text font="letterica18">sleep_ok_button</text>
        <texture>ui_inGame2_Mp_bigbuttone</texture>
    </btn_sleep>

    <btn_cancel x="341" y="212" width="127" height="28" check_mode="0">
        <window_name>button_no</window_name>
        <text font="letterica18">Btn_Cancel</text>
        <texture>ui_inGame2_Mp_bigbuttone</texture>
    </btn_cancel>
</w>