<w>
	<team_panels_wnd x="84" y="76" width="845" height="669">
	    <frame class="static" x="0" y="0" width="845" height="669">
		    <texture>ui_inGame2_screen_1</texture>
	    </frame>
	    <team tname="greenteam" x="18" y="27" width="409" height="450">
	        <auto_static x="27" y="16" width="80">
		        <text font="letterica18" r="170" g="170" b="170">mp_team_free_stalkers</text>
	        </auto_static>
	        <scroll_panels count="1">
	            <panel number="0">
	                <scroll_panel x="12" y="81" width="392" height="365" always_show_scroll="0" vert_interval="20" left_ident="10"/>
	                <team_header x="12" y="50" width="392" height="26">
	                    <field name="mp_players" x="220" y="-32" width="60">
	                        <text font="letterica16" r="120" g="120" b="120" />
	                    </field>
	                    <field name="mp_frags_upcase" x="300" y="-32" width="80">
	                        <text font="letterica16" r="120" g="120" b="120" />
	                    </field>
	                    <column name="mp_name" x="0" y="0" width="165" height="26">
	                        <text vert_align="c" align="c" font="letterica16" r="120" g="120" b="120">mp_name</text>
	                    </column>
	                    <auto_frameline x="167" y="31" width="1" height="365" vertical="1">
	                        <texture>ui_inGame2_pda_line_vertical</texture>
	                    </auto_frameline>
	                    <column name="mp_frags" x="167" y="0" width="36" height="26"/>
	                    <auto_frameline x="204" y="31" width="1" height="365" vertical="1">
	                        <texture>ui_inGame2_pda_line_vertical</texture>
	                    </auto_frameline>
	                    <column name="mp_deaths" x="204" y="0" width="37" height="26"/>
	                    <auto_frameline x="241" y="31" width="1" height="365" vertical="1">
	                        <texture>ui_inGame2_pda_line_vertical</texture>
	                    </auto_frameline>
	                    <auto_frameline x="279" y="31" width="1" height="365" vertical="1">
	                        <texture>ui_inGame2_pda_line_vertical</texture>
	                    </auto_frameline>
	                    <column name="mp_spots" x="280" y="0" width="37" height="26"/>
	                    <auto_frameline x="318" y="31" width="1" height="365" vertical="1">
	                        <texture>ui_inGame2_pda_line_vertical</texture>
	                    </auto_frameline>
	                    <column name="mp_status" x="318" y="0" width="37" height="26"/>
	                    <auto_frameline x="355" y="31" width="1" height="365" vertical="1">
	                        <texture>ui_inGame2_pda_line_vertical</texture>
	                    </auto_frameline>
	                    <column name="mp_ping" x="355" y="0" width="45" height="26"/>
	                </team_header>
	            </panel>
	        </scroll_panels>
	        <player_item>
	            <textparam name="mp_name" x="10" y="0" width="155" height="16">
		            <text font="letterica16" r="170" g="170" b="170" align="l"/>
	            </textparam>
	            <textparam name="mp_frags" x="167" y="0" width="36" height="16">
		            <text font="letterica16" r="170" g="170" b="170" align="c"/>
	            </textparam>
	            <textparam name="mp_deaths" x="204" y="0" width="37" height="16">
		            <text font="letterica16" r="170" g="170" b="170" align="c"/>
	            </textparam>
	            <textparam name="mp_spots" x="280" y="0" width="37" height="16">
		            <text font="letterica16" r="170" g="170" b="170" align="c"/>
	            </textparam>
	            <iconparam name="rank" x="320" y="0" width="16" height="16" stretch="1"/>
	            <iconparam name="death_atf" x="337" y="0" width="16" height="16" stretch="1"/>
	            <textparam name="mp_ping" x="355" y="0" width="37" height="16">
		            <text font="letterica16" r="170" g="170" b="170" align="c"/>
	            </textparam>
	        </player_item>
	        <local_player_item>
	            <auto_static x="0" y="0" width="392" height="16" stretch="1">
		            <texture a="200">ui_inGame2_mp_screen_selection</texture>
	            </auto_static>
	            <textparam name="mp_name" x="10" y="0" width="155" height="16">
		            <text font="letterica16" r="170" g="170" b="170" align="l"/>
	            </textparam>
	            <textparam name="mp_frags" x="167" y="0" width="36" height="16">
		            <text font="letterica16" r="170" g="170" b="170" align="c"/>
	            </textparam>
	            <textparam name="mp_deaths" x="204" y="0" width="37" height="16">
		            <text font="letterica16" r="170" g="170" b="170" align="c"/>
	            </textparam>
	            <textparam name="mp_spots" x="280" y="0" width="37" height="16">
		            <text font="letterica16" r="170" g="170" b="170" align="c"/>
	            </textparam>
	            <iconparam name="rank" x="320" y="0" width="16" height="16" stretch="1"/>
	            <iconparam name="death_atf" x="337" y="0" width="16" height="16" stretch="1"/>
	            <textparam name="mp_ping" x="355" y="0" width="37" height="16">
		            <text font="letterica16" r="170" g="170" b="170" align="c"/>
	            </textparam>
	        </local_player_item>
	    </team>
	    <team tname="blueteam" x="428" y="27" width="409" height="450">
	        <auto_static x="27" y="16" width="80">
		        <text font="letterica18" r="170" g="170" b="170">mp_headhuntrs</text>
	        </auto_static>
	        <scroll_panels count="1">
	            <panel number="0">
	                <scroll_panel x="4" y="81" width="392" height="365" always_show_scroll="0" vert_interval="20" left_ident="10"/>
	                <team_header x="4" y="50" width="392" height="26">
	                    <field name="mp_players" x="220" y="-32" width="60">
	                        <text font="letterica16" r="120" g="120" b="120" />
	                    </field>
	                    <field name="mp_frags_upcase" x="300" y="-32" width="80">
	                        <text font="letterica16" r="120" g="120" b="120" />
	                    </field>
	                    <column name="mp_name" x="0" y="0" width="165" height="26">
	                        <text vert_align="c" align="c" font="letterica16" r="120" g="120" b="120">mp_name</text>
	                    </column>
	                    <auto_frameline x="167" y="31" width="1" height="365" vertical="1">
	                        <texture>ui_inGame2_pda_line_vertical</texture>
	                    </auto_frameline>
	                    <column name="mp_frags" x="167" y="0" width="36" height="26"/>
	                    <auto_frameline x="204" y="31" width="1" height="365" vertical="1">
	                        <texture>ui_inGame2_pda_line_vertical</texture>
	                    </auto_frameline>
	                    <column name="mp_deaths" x="204" y="0" width="37" height="26"/>
	                    <auto_frameline x="241" y="31" width="1" height="365" vertical="1">
	                        <texture>ui_inGame2_pda_line_vertical</texture>
	                    </auto_frameline>
	                    <auto_frameline x="279" y="31" width="1" height="365" vertical="1">
	                        <texture>ui_inGame2_pda_line_vertical</texture>
	                    </auto_frameline>
	                    <column name="mp_spots" x="280" y="0" width="37" height="26"/>
	                    <auto_frameline x="318" y="31" width="1" height="365" vertical="1">
	                        <texture>ui_inGame2_pda_line_vertical</texture>
	                    </auto_frameline>
	                    <column name="mp_status" x="318" y="0" width="37" height="26"/>
	                    <auto_frameline x="355" y="31" width="1" height="365" vertical="1">
	                        <texture>ui_inGame2_pda_line_vertical</texture>
	                    </auto_frameline>
	                    <column name="mp_ping" x="355" y="0" width="45" height="26"/>
	                </team_header>
	            </panel>
	        </scroll_panels>
	        <player_item>
	            <textparam name="mp_name" x="10" y="0" width="155" height="16">
		            <text font="letterica16" r="170" g="170" b="170" align="l"/>
	            </textparam>
	            <textparam name="mp_frags" x="167" y="0" width="36" height="16">
		            <text font="letterica16" r="170" g="170" b="170" align="c"/>
	            </textparam>
	            <textparam name="mp_deaths" x="204" y="0" width="37" height="16">
		            <text font="letterica16" r="170" g="170" b="170" align="c"/>
	            </textparam>
	            <textparam name="mp_spots" x="280" y="0" width="37" height="16">
		            <text font="letterica16" r="170" g="170" b="170" align="c"/>
	            </textparam>
	            <iconparam name="rank" x="320" y="0" width="16" height="16" stretch="1"/>
	            <iconparam name="death_atf" x="337" y="0" width="16" height="16" stretch="1"/>
	            <textparam name="mp_ping" x="355" y="0" width="37" height="16">
		            <text font="letterica16" r="170" g="170" b="170" align="c"/>
	            </textparam>
	        </player_item>
	        <local_player_item>
	            <auto_static x="0" y="0" width="392" height="16" stretch="1">
		            <texture a="200">ui_inGame2_mp_screen_selection</texture>
	            </auto_static>
	            <textparam name="mp_name" x="10" y="0" width="155" height="16">
		            <text font="letterica16" r="170" g="170" b="170" align="l"/>
	            </textparam>
	            <textparam name="mp_frags" x="167" y="0" width="36" height="16">
		            <text font="letterica16" r="170" g="170" b="170" align="c"/>
	            </textparam>
	            <textparam name="mp_deaths" x="204" y="0" width="37" height="16">
		            <text font="letterica16" r="170" g="170" b="170" align="c"/>
	            </textparam>
	            <textparam name="mp_spots" x="280" y="0" width="37" height="16">
		            <text font="letterica16" r="170" g="170" b="170" align="c"/>
	            </textparam>
	            <iconparam name="rank" x="320" y="0" width="16" height="16" stretch="1"/>
	            <iconparam name="death_atf" x="337" y="0" width="16" height="16" stretch="1"/>
	            <textparam name="mp_ping" x="355" y="0" width="37" height="16">
		            <text font="letterica16" r="170" g="170" b="170" align="c"/>
	            </textparam>
	        </local_player_item>
	    </team>
	    <team tname="spectatorsteam"  x="18" y="477" width="819" height="212">
	        <auto_static x="314" y="7" width="193" height="16">
		        <text font="letterica16" r="120" g="120" b="120" align="c">mp_spectators</text>
	        </auto_static>
	        <scroll_panels count="3">
	            <panel number="0">
	                <scroll_panel x="13" y="30" width="262" height="150" always_show_scroll="0" vert_interval="20" />
	                <team_header x="12" y="0" width="262" height="20"/>
                </panel>
                <panel number="1">
                    <scroll_panel x="276" y="30" width="262" height="150" always_show_scroll="0" vert_interval="20" />
                    <team_header x="275" y="0" width="262" height="20"/>
                </panel>
                <panel number="2">
                    <scroll_panel x="539" y="30" width="262" height="150" always_show_scroll="0" vert_interval="20" />
                    <team_header x="538" y="0" width="262" height="20"/>
	            </panel>
	        </scroll_panels>
	        <player_item>
	            <textparam name="mp_name" x="10" y="0" width="215" height="16">
		            <text font="letterica16" r="170" g="170" b="170" align="l"/>
	            </textparam>
	            <textparam name="mp_ping" x="215" y="0" width="45" height="16">
		            <text font="letterica16" r="170" g="170" b="170" align="c"/>
	            </textparam>
	        </player_item>
	        <local_player_item>
	            <auto_static x="0" y="0" width="258" height="16" stretch="1">
		            <texture a="200">ui_inGame2_mp_screen_selection</texture>
	            </auto_static>
	            <textparam name="mp_name" x="10" y="0" width="215" height="16">
		            <text font="letterica16" r="170" g="170" b="170" align="l"/>
	            </textparam>
	            <textparam name="mp_ping" x="215" y="0" width="45" height="16">
		            <text font="letterica16" r="170" g="170" b="170" align="c"/>
	            </textparam>
	        </local_player_item>
	    </team>
	    <team tname="greenteam_pending" x="18" y="27" width="409" height="450">
	        <auto_static x="27" y="16" width="80">
		        <text font="letterica18" r="170" g="170" b="170">mp_team_free_stalkers</text>
	        </auto_static>
	        <scroll_panels count="1">
	            <panel number="0">
	                <scroll_panel x="12" y="81" width="392" height="365" always_show_scroll="0" vert_interval="20" left_ident="10"/>
	                <team_header x="12" y="50" width="392" height="26">
	                    <field name="mp_players" x="220" y="-32" width="60">
	                        <text font="letterica16" r="120" g="120" b="120" />
	                    </field>
	                    <column name="mp_name" x="0" y="0" width="165" height="26">
	                        <text vert_align="c" align="c" font="letterica16" r="120" g="120" b="120">mp_name</text>
	                    </column>
	                    <auto_frameline x="167" y="31" width="1" height="365" vertical="1">
	                        <texture>ui_inGame2_pda_line_vertical</texture>
	                    </auto_frameline>
	                    <auto_frameline x="204" y="31" width="1" height="365" vertical="1">
	                        <texture>ui_inGame2_pda_line_vertical</texture>
	                    </auto_frameline>
	                    <auto_frameline x="241" y="31" width="1" height="365" vertical="1">
	                        <texture>ui_inGame2_pda_line_vertical</texture>
	                    </auto_frameline>
	                    <auto_frameline x="279" y="31" width="1" height="365" vertical="1">
	                        <texture>ui_inGame2_pda_line_vertical</texture>
	                    </auto_frameline>
	                    <auto_frameline x="318" y="31" width="1" height="365" vertical="1">
	                        <texture>ui_inGame2_pda_line_vertical</texture>
	                    </auto_frameline>
	                    <column name="mp_status" x="318" y="0" width="37" height="26"/>
	                    <auto_frameline x="355" y="31" width="1" height="365" vertical="1">
	                        <texture>ui_inGame2_pda_line_vertical</texture>
	                    </auto_frameline>
	                    <column name="mp_ping" x="355" y="0" width="45" height="26"/>
	                </team_header>
	            </panel>
	        </scroll_panels>
	        <player_item>
	            <textparam name="mp_name" x="10" y="0" width="155" height="16">
		            <text font="letterica16" r="170" g="170" b="170" align="l"/>
	            </textparam>
	            <textparam name="mp_status" x="318" y="0" width="37" height="16">
		            <text font="letterica16" r="170" g="170" b="170" align="c"/>
	            </textparam>
	            <textparam name="mp_ping" x="355" y="0" width="37" height="16">
		            <text font="letterica16" r="170" g="170" b="170" align="c"/>
	            </textparam>
	        </player_item>
	        <local_player_item>
	            <auto_static x="0" y="0" width="392" height="16" stretch="1">
		            <texture a="200">ui_inGame2_mp_screen_selection</texture>
	            </auto_static>
	            <textparam name="mp_name" x="10" y="0" width="155" height="16">
		            <text font="letterica16" r="170" g="170" b="170" align="l"/>
	            </textparam>
	            <textparam name="mp_status" x="318" y="0" width="37" height="16">
		            <text font="letterica16" r="170" g="170" b="170" align="c"/>
	            </textparam>
	            <textparam name="mp_ping" x="355" y="0" width="37" height="16">
		            <text font="letterica16" r="170" g="170" b="170" align="c"/>
	            </textparam>
	        </local_player_item>
	    </team>
	    <team tname="blueteam_pending" x="428" y="27" width="409" height="450">
	        <auto_static x="27" y="16" width="80">
		        <text font="letterica18" r="170" g="170" b="170">mp_headhuntrs</text>
	        </auto_static>
	        <scroll_panels count="1">
	            <panel number="0">
	                <scroll_panel x="4" y="81" width="392" height="365" always_show_scroll="0" vert_interval="20" left_ident="10"/>
	                <team_header x="4" y="50" width="392" height="26">
	                    <field name="mp_players" x="220" y="-32" width="60">
	                        <text font="letterica16" r="120" g="120" b="120" />
	                    </field>
	                    <column name="mp_name" x="0" y="0" width="165" height="26">
	                        <text vert_align="c" align="c" font="letterica16" r="120" g="120" b="120">mp_name</text>
	                    </column>
	                    <auto_frameline x="167" y="31" width="1" height="365" vertical="1">
	                        <texture>ui_inGame2_pda_line_vertical</texture>
	                    </auto_frameline>
	                    <auto_frameline x="204" y="31" width="1" height="365" vertical="1">
	                        <texture>ui_inGame2_pda_line_vertical</texture>
	                    </auto_frameline>
	                    <auto_frameline x="241" y="31" width="1" height="365" vertical="1">
	                        <texture>ui_inGame2_pda_line_vertical</texture>
	                    </auto_frameline>
	                    <auto_frameline x="279" y="31" width="1" height="365" vertical="1">
	                        <texture>ui_inGame2_pda_line_vertical</texture>
	                    </auto_frameline>
	                    <auto_frameline x="318" y="31" width="1" height="365" vertical="1">
	                        <texture>ui_inGame2_pda_line_vertical</texture>
	                    </auto_frameline>
	                    <column name="mp_status" x="318" y="0" width="37" height="26"/>
	                    <auto_frameline x="355" y="31" width="1" height="365" vertical="1">
	                        <texture>ui_inGame2_pda_line_vertical</texture>
	                    </auto_frameline>
	                    <column name="mp_ping" x="355" y="0" width="45" height="26"/>
	                </team_header>
	            </panel>
	        </scroll_panels>
	        <player_item>
	            <textparam name="mp_name" x="10" y="0" width="155" height="16">
		            <text font="letterica16" r="170" g="170" b="170" align="l"/>
	            </textparam>
	            <textparam name="mp_status" x="318" y="0" width="37" height="16">
		            <text font="letterica16" r="170" g="170" b="170" align="c"/>
	            </textparam>
	            <textparam name="mp_ping" x="355" y="0" width="37" height="16">
		            <text font="letterica16" r="170" g="170" b="170" align="c"/>
	            </textparam>
	        </player_item>
	        <local_player_item>
	            <auto_static x="0" y="0" width="392" height="16" stretch="1">
		            <texture a="200">ui_inGame2_mp_screen_selection</texture>
	            </auto_static>
	            <textparam name="mp_name" x="10" y="0" width="155" height="16">
		            <text font="letterica16" r="170" g="170" b="170" align="l"/>
	            </textparam>
	            <textparam name="mp_status" x="318" y="0" width="37" height="16">
		            <text font="letterica16" r="170" g="170" b="170" align="c"/>
	            </textparam>
	            <textparam name="mp_ping" x="355" y="0" width="37" height="16">
		            <text font="letterica16" r="170" g="170" b="170" align="c"/>
	            </textparam>
	        </local_player_item>
	    </team>
	</team_panels_wnd>
</w>
