<window>
	<minimap>
		<level_frame x="0.117" y="0.117" width="0.191" height="0.191" stretch="1" alignment="c"/>

		<background width="0.322" height="0.322" stretch="1" alignment="c">
			<texture>ui_inGame2_Radar_main_window</texture>
		</background>

	    <clock_wnd x="0.883" y="0.473" width="39" height="16" alignment="c">
	        <text x="0" y="0" font="letterica16" color="ui_7" align="c" vert_align="c"/>
	    </clock_wnd>

		<compass x="0.5" y="0.5" width="139" height="139" heading="1" alignment="c">
			<texture>ui_inGame2_Radar_compass</texture>
		</compass>

		<center width="3" height="3" alignment="c" stretch="1">
			<texture >ui_minimap_point</texture>
		</center>

		<static_counter x="0.883" y="0.538" width="18" height="17" alignment="c">
			<text_static width="18" height="17">
				<text  align="c" font="letterica16" color="ui_7"/>
			</text_static>
		</static_counter>

	</minimap>
</window>