<?xml version="1.0" encoding="windows-1251" ?>
 

    <esc_final_fly_ui>

	<table x="300" y="205" width="400" height="400" stretch="1">
		<texture x="0" y="0" width="1024" height="768">ui\actors_note\esc_message_box_lc</texture>
	</table>

	<name x="-5450" y="200" width="480" height="500" stretch="1" complex_mode="1">
		<text x="0" y="0" r="0" g="0" b="0" a="158" font="graffiti22">actor_note_name_4</text>
	</name>

	<text1 x="330" y="240" width="380" height="250">
		<text x="0" y="0" r="255" g="255" b="255" a="255" font="letterica16"  complex_mode="1">esc_glava_1_end_warn</text>
	</text1>

	<btn_1 x="350" y="330" width="108" height="24">
	    <texture_e>ui\button_invisible1</texture_e>
		<texture_t>ui\button_invisible1</texture_t>
		<texture_h>ui\button_invisible1</texture_h>
	    <text x="0" y="0" r="15" g="255" b="0" a="250" font="letterica16" >mod_ui_fly_glava_1</text>
	</btn_1>

	<btn_2 x="530" y="330" width="108" height="24">
	    <texture_e>ui\button_invisible1</texture_e>
		<texture_t>ui\button_invisible1</texture_t>
		<texture_h>ui\button_invisible1</texture_h>
	    <text x="0" y="0" r="255" g="15" b="0" a="250" font="letterica16" >mod_ui_out</text>
	</btn_2>

    </esc_final_fly_ui>


