<?xml version="1.0" encoding="windows-1251" ?>
 

    <esc_furry_bloknot_ui>

	<table x="380" y="185" width="230" height="400" stretch="1">
		<texture x="0" y="0" width="768" height="1024">ui\actors_note\actors_note_bloknot</texture>
	</table>

	<name x="445" y="200" width="480" height="500" stretch="1" complex_mode="1">
		<text x="0" y="0" r="255" g="255" b="255" a="255" font="graffiti22">furry_choose_page</text>
	</name>

	<text1 x="-5400" y="240" width="200" height="230">
		<text x="0" y="0" r="0" g="0" b="0" a="158" font="letterica16"  complex_mode="1">actor_note_desc</text>
	</text1>

	<btn_1 x="440" y="240" width="108" height="24">
	    <texture_e>ui\button_invisible</texture_e>
		<texture_t>ui\button_invisible</texture_t>
		<texture_h>ui\button_invisible</texture_h>
	    <text x="0" y="0" r="0" g="0" b="0" a="250" font="letterica16" >mod_ui_furry_1_p</text>
	</btn_1>

	<btn_3 x="440" y="270" width="108" height="24">
	    <texture_e>ui\button_invisible</texture_e>
		<texture_t>ui\button_invisible</texture_t>
		<texture_h>ui\button_invisible</texture_h>
	    <text x="0" y="0" r="0" g="0" b="0" a="250" font="letterica16" >mod_ui_furry_2_p</text>
	</btn_3>

	<btn_4 x="440" y="300" width="108" height="24">
	    <texture_e>ui\button_invisible</texture_e>
		<texture_t>ui\button_invisible</texture_t>
		<texture_h>ui\button_invisible</texture_h>
	    <text x="0" y="0" r="0" g="0" b="0" a="250" font="letterica16" >mod_ui_furry_3_p</text>
	</btn_4>

	<btn_5 x="440" y="330" width="108" height="24">
	    <texture_e>ui\button_invisible</texture_e>
		<texture_t>ui\button_invisible</texture_t>
		<texture_h>ui\button_invisible</texture_h>
	    <text x="0" y="0" r="0" g="0" b="0" a="250" font="letterica16" >mod_ui_furry_4_p</text>
	</btn_5>

	<btn_6 x="440" y="360" width="108" height="24">
	    <texture_e>ui\button_invisible</texture_e>
		<texture_t>ui\button_invisible</texture_t>
		<texture_h>ui\button_invisible</texture_h>
	    <text x="0" y="0" r="0" g="0" b="0" a="250" font="letterica16" >mod_ui_furry_5_p</text>
	</btn_6>

	<btn_2 x="520" y="600" width="108" height="24">
	    <texture_e>ui\button_invisible</texture_e>
		<texture_t>ui\button_invisible</texture_t>
		<texture_h>ui\button_invisible</texture_h>
	    <text x="0" y="0" r="0" g="0" b="0" a="250" font="letterica16" >mod_ui_out</text>
	</btn_2>




    </esc_furry_bloknot_ui>


