<?xml version="1.0" encoding="windows-1251" ?>
 

    <mod_startgame_ui>

	<table x="380" y="185" width="230" height="400" stretch="1">
		<texture x="0" y="0" width="768" height="1024">ui\actors_note\startgame_glava</texture>
	</table>

	<name x="445" y="200" width="480" height="500" stretch="1" complex_mode="1">
		<text x="0" y="0" r="255" g="255" b="255" a="255" font="graffiti22">mod_choose_glava_game</text>
	</name>

	<text1 x="-5400" y="240" width="200" height="230">
		<text x="0" y="0" r="0" g="0" b="0" a="158" font="letterica16"  complex_mode="1">actor_note_desc</text>
	</text1>

	<btn_1 x="440" y="240" width="108" height="24">
	    <texture_e>ui\button_invisible</texture_e>
		<texture_t>ui\button_invisible</texture_t>
		<texture_h>ui\button_invisible</texture_h>
	    <text x="0" y="0" r="0" g="0" b="0" a="250" font="letterica16" >mod_glava_1_page</text>
	</btn_1>

	<btn_2 x="440" y="270" width="108" height="24">
	    <texture_e>ui\button_invisible</texture_e>
		<texture_t>ui\button_invisible</texture_t>
		<texture_h>ui\button_invisible</texture_h>
	    <text x="0" y="0" r="0" g="0" b="0" a="250" font="letterica16" >mod_glava_2_page</text>
	</btn_2>

	<btn_3 x="440" y="300" width="108" height="24">
	    <texture_e>ui\button_invisible</texture_e>
		<texture_t>ui\button_invisible</texture_t>
		<texture_h>ui\button_invisible</texture_h>
	    <text x="0" y="0" r="0" g="0" b="0" a="250" font="letterica16" >mod_glava_3_page</text>
	</btn_3>




    </mod_startgame_ui>


