<!--Section of thanks-->

<?xml version="1.0" encoding="UTF-8" ?>
<string_table>
	<string id="ui_mm_contrib_list">
		<text>Раздел благодарностей</text>
	</string>
	<string id="ui_mfs_thanks_text">
		<text>Gratitude and developments</text>
	</string>
	<string id="ui_mfs_developers_text">
		<text>Developers</text>
	</string>
	<string id="ui_mfs_donates_text">
		<text>Donesty</text>
	</string>

<!--Использованы наработки\благодарности-->
	<string id="ui_mfs_SAWK">
		<text>sawk</text>
	</string>
	<string id="ui_mfs_valerok">
		<text>Valers</text>
	</string>
	<string id="ui_mfs_lvutner">
		<text>LVutner</text>
	</string>
	<string id="ui_mfs_xottab_duty">
		<text>Xottab_DUTY</text>
	</string>
	<string id="ui_mfs_forserx">
		<text>Forerx</text>
	</string>
	<string id="ui_mfs_oldserpskistalker">
		<text>OldSerpskiStalker</text>
	</string>
	<string id="ui_mfs_openxray">
		<text>OpenXRay</text>
	</string>
	<string id="ui_mfs_ogsr_engine">
		<text>Also Engine</text>
	</string>
	<string id="ui_mfs_abramcumner">
		<text>Abramcumner</text>
	</string>
	<string id="ui_mfs_atmosfear">
		<text>Atmosphere 3</text>
	</string>
	<string id="ui_mfs_Maylay2k">
		<text>MayLay2k</text>
	</string>
	<string id="ui_mfs_CorryZeron">
		<text>CorryZeron</text>
	</string>
	<string id="ui_mfs_xrOxygen">
		<text>xrOxygen</text>
	</string>
	<string id="ui_mfs_LexAddon">
		<text>Lex Addon</text>
	</string>
	<string id="ui_mfs_rezkiy2">
		<text>Vadim "harsh" kulagin</text>
	</string>
	<string id="ui_mfs_Dig">
		<text>Scava</text>
	</string>
	<string id="ui_mfs_fED">
		<text>Zhora Cements.</text>
	</string>
	<string id="ui_mfs_dwm_team">
		<text>DWM Team</text>
	</string>
	
<!--Разработчики-->
	<string id="ui_mfs_Dance_Maniac">
		<text>Dance Maniac</text>
	</string>
	<string id="ui_mfs_Ggghostt">
		<text>ggGhosTt</text>
	</string>
	
<!--Пожертвовавшие-->
	<string id="ui_mfs_manuel">
		<text>Beu drink</text>
	</string>
	<string id="ui_mfs_atom39">
		<text>Atom39</text>
	</string>
	<string id="ui_mfs_qteria">
		<text>Qteria</text>
	</string>
	<string id="ui_mfs_aruron">
		<text>Artyom Iremadze (Aruron)</text>
	</string>
	<string id="ui_mfs_xabar">
		<text>Message</text>
	</string>
	<string id="ui_mfs_yaroslav_ustujanin">
		<text>Yaroslav Ustuzhanin</text>
	</string>
	<string id="ui_mfs_danya_stakanov">
		<text>Thieves' Dan of glasses</text>
	</string>
	<string id="ui_mfs_rezkiy">
		<text>Vadim is a "harsh" kulagin</text>
	</string>
	<string id="ui_mfs_artyom_menshikov">
		<text>Artyom Menshikov</text>
	</string>
	
<!--Подробнее-->
	<string id="ui_mfs_sawk_descr">
		<text>Gratitude for the help of working on the weather and numerous tips.</text>
	</string>
	<string id="ui_mfs_valerok_descr">
		<text>Gratitude for the help in working on the engine, with the implementation of some innovations and the arms part of the code.</text>
	</string>
	<string id="ui_mfs_lvutner_descr">
		<text>Gratitude for the help with the graphic part, shaaders.</text>
	</string>
	<string id="ui_mfs_xottab_duty_descr">
		<text>Gratitude for the help of working on the engine and help with error elimination.</text>
	</string>
	<string id="ui_mfs_oldserpskistalker_descr">
		<text>Gratitude for the help with the engine, help with the migration of the project at VS2017.</text>
	</string>
	<string id="ui_mfs_narabotki_descr">
		<text>The project has been used.</text>
	</string>
	<string id="ui_mfs_narabotki2_descr">
		<text>Drawing movements were used.</text>
	</string>
	<string id="ui_mfs_MayLay2k_descr">
		<text>SWE script base co -author, which is used in the project.</text>
	</string>
	<string id="ui_mfs_CorryZeron_descr">
		<text>Gratitude for the creation of modification logos.</text>
	</string>
	<string id="ui_mfs_tester_descr">
		<text>Gratitude for testing modification.</text>
	</string>
	<string id="ui_mfs_fed_descr">
		<text>Some textures of the sky from the CGIM weather pack were used for its authorship.</text>
	</string>
	<string id="ui_mfs_dwm_team_descr">
		<text>Gratitude for the help with the graphic part and shaders.</text>
	</string>
	
	<string id="ui_mfs_DanceManiac_descr">
		<text>Leading project developer. Engine, scripts, shaders, weather, configuration, texture of the sky.</text>
	</string>
	<string id="ui_mfs_ggGhosTt_descr">
		<text>Project scripter. Scripts, configuration, engine. The author of the SWE script base.</text>
	</string>
	<string id="ui_mfs_vadim_kulagin_descr">
		<text>The main tester of the team.</text>
	</string>
	
	<string id="ui_mfs_manuel_descr">
		<text>Donated: 2000r</text>
	</string>
	<string id="ui_mfs_atom39_descr">
		<text>Donated: 500 rub</text>
	</string>
	<string id="ui_mfs_qteria_descr">
		<text>Donated: 250 rub</text>
	</string>
	<string id="ui_mfs_aruron_descr">
		<text>Donated: 150 rub</text>
	</string>
	<string id="ui_mfs_xabar_descr">
		<text>Donated: 100r</text>
	</string>
	<string id="ui_mfs_yaroslav_ustujanin_descr">
		<text>Donated: 100r</text>
	</string>
	<string id="ui_mfs_danya_stakanov_descr">
		<text>Donated: 100r</text>
	</string>
	<string id="ui_mfs_vadim_kulagin_donate_descr">
		<text>Donated: 1100 rub</text>
	</string>
	<string id="ui_mfs_artyom_menshikov_donate_descr">
		<text>Donated: 130 rub</text>
	</string>
</string_table>
<!-- Translation made with Stalker Translation XML TOOL -->
<!-- https://www.moddb.com/mods/stalker-anomaly/addons/stalker-translation-xml-tool-v12-executable-version -->