<?xml version="1.0" encoding="UTF-8" ?>
<string_table>
	<string id="pda_btn_enc">
		<text>Encyclopedia</text>
	</string>
	<string id="pda_btn_enc_hint">
		<text>Show the encyclopedia</text>
	</string>
	<string id="pda_btn_diar">
		<text>Magazine</text>
	</string>
	<string id="pda_btn_diar_hint">
		<text>Show the magazine</text>
	</string>
</string_table>

<!-- Translation made with Stalker Translation XML TOOL -->
<!-- https://www.moddb.com/mods/stalker-anomaly/addons/stalker-translation-xml-tool-v12-executable-version -->