<?xml version="1.0" encoding="UTF-8" ?>
<string_table>
	<string id="mod_ach_furry_lover_name">
		<text>Connoor of art</text>
	</string>
	<string id="mod_ach_furry_lover_desc">
		<text>You found a hidden masterpiece.</text>
	</string>
	<string id="mod_ach_furry_lover_hint">
		<text>You are a true connoisseur of the beautiful!</text>
	</string>
	<string id="mod_ach_furry_lover_note">
		<text>You have received an achievement "Connoor of Art"</text>
	</string>
	<string id="mod_ach_zavet_fav_name">
		<text>Covenant</text>
	</string>
	<string id="mod_ach_zavet_fav_desc">
		<text>Raguil studied all the commandments. This will change his life and the life of the Metropolitan.</text>
	</string>
	<string id="mod_ach_zavet_fav_hint">
		<text>You found all the commandments of the metropolitan.</text>
	</string>
	<string id="mod_ach_zavet_fav_note">
		<text>You have received the achievement of the Testament</text>
	</string>
	<string id="mod_ach_cassets_collector_name">
		<text>Therapy</text>
	</string>
	<string id="mod_ach_cassets_collector_desc">
		<text>Has the session successfully?</text>
	</string>
	<string id="mod_ach_cassets_collector_hint">
		<text>You found all the cassettes on the cordon.</text>
	</string>
	<string id="mod_ach_cassets_collector_note">
		<text>You have received the achievement of "therapy"</text>
	</string>
</string_table>

<!-- Translation made with Stalker Translation XML TOOL -->
<!-- https://www.moddb.com/mods/stalker-anomaly/addons/stalker-translation-xml-tool-v12-executable-version -->