<?xml version="1.0" encoding="UTF-8" ?>
<string_table>
	<string id="mod_minds">
		<text>Thoughts</text>
	</string>
	<string id="st_actor_name">
		<text>You</text>
	</string>
	<string id="esc_trader">
		<text>Sidorovich</text>
	</string>
	<string id="st_actor_1_name">
		<text>Vadim Inquisitor</text>
	</string>
	<string id="esc_bandit_1">
		<text>Sour</text>
	</string>
	<string id="esc_bandit_2">
		<text>Root</text>
	</string>
	<string id="esc_bandit_3">
		<text>Ash</text>
	</string>
	<string id="esc_bandit_4">
		<text>Dark</text>
	</string>
	<string id="esc_bandit_5">
		<text>Bottle</text>
	</string>
	<string id="esc_bandit_6">
		<text>Hook</text>
	</string>
	<string id="esc_bandit_7">
		<text>Powder</text>
	</string>
	<string id="esc_bandit_8">
		<text>Light</text>
	</string>
	<string id="esc_bandit_9">
		<text>Dried</text>
	</string>
	<string id="esc_bandit_10">
		<text>Shepherd</text>
	</string>
	<string id="esc_stalker_d_lead">
		<text>Claw</text>
	</string>
	<string id="esc_stalker_d_1">
		<text>Bald</text>
	</string>
	<string id="esc_stalker_d_2">
		<text>Jamb</text>
	</string>
	<string id="esc_stalker_d_3">
		<text>Tape</text>
	</string>
	<string id="esc_stalker_d_4">
		<text>Stuffy</text>
	</string>
	<string id="esc_stalker_d_5">
		<text>Dart</text>
	</string>
	<string id="esc_stalker_ecolog">
		<text>Associate Professor Kirk</text>
	</string>
	<string id="esc_stalker_ecolog_enemy">
		<text>Unknown</text>
	</string>
	<string id="esc_stalker_thief">
		<text>Miserable</text>
	</string>
	<string id="esc_stalker_guard">
		<text>Paw</text>
	</string>
	<string id="esc_army_guard">
		<text>Seversky</text>
	</string>
	<string id="esc_army_leader">
		<text>Colonel Kozlov</text>
	</string>
	<string id="esc_army_help_to_1">
		<text>Flour</text>
	</string>
	<string id="esc_army_help_to_2">
		<text>Travin</text>
	</string>
	<string id="esc_army_help_to_3">
		<text>Gosa</text>
	</string>
	<string id="esc_stalker_svin_doc">
		<text>Morphine</text>
	</string>
	<string id="esc_stalker_svin_dolg">
		<text>Missionary</text>
	</string>
	<string id="esc_stalker_svin_lead">
		<text>Sleeve</text>
	</string>
	<string id="esc_thing">
		<text>...</text>
	</string>
	<string id="esc_dolbaeb">
		<text>Vadik</text>
	</string>
	<string id="esc_stalker_panatseya">
		<text>Plush</text>
	</string>
	<string id="esc_stalker_bar_sit">
		<text>Raguil</text>
	</string>
	<string id="esc_army_random_1">
		<text>Screen</text>
	</string>
	<string id="esc_army_random_2">
		<text>Sinitsyn</text>
	</string>
	<string id="esc_army_random_3">
		<text>Sokolov</text>
	</string>
	<string id="esc_army_random_4">
		<text>Voronov</text>
	</string>
	<string id="esc_army_random_5">
		<text>Hawks</text>
	</string>
	<string id="esc_army_random_6">
		<text>Toporov</text>
	</string>
	<string id="esc_army_random_7">
		<text>Denisov</text>
	</string>
	<string id="esc_army_random_8">
		<text>Scat</text>
	</string>
	<string id="esc_army_random_9">
		<text>Volkov</text>
	</string>
	<string id="esc_army_random_10">
		<text>Lev</text>
	</string>
	<string id="esc_army_random_11">
		<text>Zaitsev</text>
	</string>
	<string id="esc_army_random_12">
		<text>Tsvetkov</text>
	</string>
	<string id="esc_army_random_13">
		<text>Krylov</text>
	</string>
	<string id="esc_army_random_14">
		<text>Carrick</text>
	</string>
	<string id="esc_army_random_15">
		<text>Zebrov</text>
	</string>
	<string id="esc_army_random_16">
		<text>Nikulin</text>
	</string>
	<string id="esc_army_random_17">
		<text>Burrows</text>
	</string>
	<string id="esc_army_random_18">
		<text>Kirillov</text>
	</string>
	<string id="esc_army_tehnik">
		<text>Grin nut</text>
	</string>
	<string id="esc_stalker_random_1">
		<text>Barbarian</text>
	</string>
	<string id="esc_stalker_random_2">
		<text>Timur Klygin</text>
	</string>
	<string id="esc_stalker_random_3">
		<text>Fedor Pantegov</text>
	</string>
	<string id="esc_stalker_random_4">
		<text>Nikita Filin</text>
	</string>
	<string id="esc_stalker_random_5">
		<text>Nikita thanks</text>
	</string>
	<string id="esc_stalker_random_6">
		<text>Roma Truffel</text>
	</string>
	<string id="esc_stalker_random_7">
		<text>Vlad Morozov</text>
	</string>
	<string id="esc_stalker_random_8">
		<text>Daniil Hunter</text>
	</string>
	<string id="esc_stalker_trader">
		<text>Bogdan Shevchenko</text>
	</string>
	<string id="esc_stalker_tehnik">
		<text>Marx</text>
	</string>
	<string id="esc_stalker_barman">
		<text>Mole</text>
	</string>
	<string id="esc_secret_door_corpse">
		<text>Cones</text>
	</string>
	<string id="esc_freedom_1">
		<text>Tindo by Shaji</text>
	</string>
	<string id="esc_freedom_2">
		<text>Andrey Maslin</text>
	</string>
	<string id="esc_freedom_3">
		<text>Igor Amnyam</text>
	</string>
	<string id="esc_freedom_atp">
		<text>Vyacheslav Thirteenth</text>
	</string>
	<string id="esc_freedom_lead">
		<text>Sanya Sopov</text>
	</string>
	<string id="esc_freedom_girl">
		<text>Alice</text>
	</string>
	<string id="esc_zombie_scene_1">
		<text>Zotov</text>
	</string>
	<string id="esc_zombie_scene_2">
		<text>Oracle</text>
	</string>
	<string id="esc_snaff_trader">
		<text>Paris</text>
	</string>
	<string id="esc_bandit_dolzhnik">
		<text>Pumpkin</text>
	</string>
	<string id="esc_zasada_merc_bandit_1">
		<text>Crucian</text>
	</string>
	<string id="esc_zasada_merc_bandit_2">
		<text>Perch</text>
	</string>
	<string id="esc_corpse_menu_pashalka">
		<text>Kaa</text>
	</string>
	<string id="esc_aka_kontrik_novice">
		<text>Ahahahahahaha</text>
	</string>
	<string id="esc_loh_novice_dialog">
		<text>Vlad</text>
	</string>
	<string id="esc_mitropolit">
		<text>Metropolitan</text>
	</string>
	<string id="esc_mercs_leader">
		<text>Crow</text>
	</string>
	<string id="esc_mercs_guard">
		<text>Eagle</text>
	</string>
	<string id="esc_mercs_rand_1">
		<text>Hawk</text>
	</string>
	<string id="esc_mercs_rand_2">
		<text>Sparrow</text>
	</string>
	<string id="esc_mercs_rand_3">
		<text>Falcon</text>
	</string>
	<string id="esc_army_losted">
		<text>Soap</text>
	</string>
	<string id="mod_broooooo">
		<text>Your bro</text>
	</string>
	<string id="lab_merc_tunnel_1">
		<text>Varan</text>
	</string>
	<string id="lab_merc_tunnel_2">
		<text>Razor</text>
	</string>
	<string id="lab_merc_tunnel_3">
		<text>Berry</text>
	</string>
	<string id="lab_merc_tunnel_4">
		<text>Demyan</text>
	</string>
	<string id="lab_merc_tunnel_5">
		<text>Shell</text>
	</string>
	<string id="lbx_doctor">
		<text>Levin</text>
	</string>
</string_table>
<!-- Translation made with Stalker Translation XML TOOL -->
<!-- https://www.moddb.com/mods/stalker-anomaly/addons/stalker-translation-xml-tool-v12-executable-version -->