<?xml version="1.0" encoding="UTF-8" ?>
<string_table>
	<string id="actor_break_dialog_3">
		<text>Bye.</text>
	</string>
	<string id="actor_break_dialog_2">
		<text>See you.</text>
	</string>
	<string id="actor_break_dialog_1">
		<text>Goodbye.</text>
	</string>
	<string id="actor_break_dialog_0">
		<text>See you.</text>
	</string>
</string_table>

<!-- Translation made with Stalker Translation XML TOOL -->
<!-- https://www.moddb.com/mods/stalker-anomaly/addons/stalker-translation-xml-tool-v12-executable-version -->