<?xml version="1.0" encoding="UTF-8" ?>
<string_table>
	<string id="dm_hello_0">
		<text>Do you need something?</text>
	</string>
	<string id="dm_hello_1">
		<text>Greetings.</text>
	</string>
	<string id="dm_hello_10">
		<text>Hello.</text>
	</string>
	<string id="dm_hello_11">
		<text>Hello.</text>
	</string>
	<string id="dm_hello_12">
		<text>What do you need?</text>
	</string>
	<string id="dm_hello_13">
		<text>What are you?</text>
	</string>
	<string id="dm_hello_14">
		<text>He's talking.</text>
	</string>
	<string id="dm_hello_15">
		<text>What do you need?</text>
	</string>
	<string id="dm_hello_16">
		<text>What are you?</text>
	</string>
	<string id="dm_hello_17">
		<text>I'm listening.</text>
	</string>
	<string id="dm_hello_2">
		<text>Well, hello.</text>
	</string>
	<string id="dm_hello_3">
		<text>What are you?</text>
	</string>
	<string id="dm_hello_4">
		<text>Oh, drawn!</text>
	</string>
	<string id="dm_hello_5">
		<text>What do you need?</text>
	</string>
	<string id="dm_hello_6">
		<text>Hayyushki.</text>
	</string>
	<string id="dm_hello_7">
		<text>Great, Men.</text>
	</string>
	<string id="dm_hello_8">
		<text>Let.</text>
	</string>
	<string id="dm_hello_9">
		<text>Great.</text>
	</string>
	<string id="dm_hello_general">
		<text>Hello.</text>
	</string>
</string_table>

<!-- Translation made with Stalker Translation XML TOOL -->
<!-- https://www.moddb.com/mods/stalker-anomaly/addons/stalker-translation-xml-tool-v12-executable-version -->