<?xml version="1.0" encoding="UTF-8" ?>
<string_table>
	<string id="name_bandit_0">
		<text>Sanyak</text>
	</string>
	<string id="name_bandit_1">
		<text>Shurik</text>
	</string>
	<string id="name_bandit_10">
		<text>Take out</text>
	</string>
	<string id="name_bandit_11">
		<text>Vasyan</text>
	</string>
	<string id="name_bandit_12">
		<text>Eight</text>
	</string>
	<string id="name_bandit_13">
		<text>Vityukha</text>
	</string>
	<string id="name_bandit_14">
		<text>Vet</text>
	</string>
	<string id="name_bandit_15">
		<text>Warry</text>
	</string>
	<string id="name_bandit_16">
		<text>JORCA</text>
	</string>
	<string id="name_bandit_17">
		<text>Grishka</text>
	</string>
	<string id="name_bandit_18">
		<text>Grishko</text>
	</string>
	<string id="name_bandit_19">
		<text>Dimon</text>
	</string>
	<string id="name_bandit_2">
		<text>Lech</text>
	</string>
	<string id="name_bandit_20">
		<text>Dimukha</text>
	</string>
	<string id="name_bandit_21">
		<text>Zheka</text>
	</string>
	<string id="name_bandit_22">
		<text>Fimmer</text>
	</string>
	<string id="name_bandit_23">
		<text>Ilyukha</text>
	</string>
	<string id="name_bandit_24">
		<text>Konian</text>
	</string>
	<string id="name_bandit_25">
		<text>Mitka</text>
	</string>
	<string id="name_bandit_26">
		<text>Michal</text>
	</string>
	<string id="name_bandit_27">
		<text>Miha</text>
	</string>
	<string id="name_bandit_28">
		<text>Mikhas</text>
	</string>
	<string id="name_bandit_29">
		<text>Kolyan</text>
	</string>
	<string id="name_bandit_3">
		<text>Tolyan</text>
	</string>
	<string id="name_bandit_30">
		<text>Pavlukha</text>
	</string>
	<string id="name_bandit_31">
		<text>Sashok</text>
	</string>
	<string id="name_bandit_32">
		<text>Stepka</text>
	</string>
	<string id="name_bandit_33">
		<text>Step</text>
	</string>
	<string id="name_bandit_34">
		<text>Timokha</text>
	</string>
	<string id="name_bandit_35">
		<text>The voice</text>
	</string>
	<string id="name_bandit_36">
		<text>Yuras</text>
	</string>
	<string id="name_bandit_37">
		<text>Yashka</text>
	</string>
	<string id="name_bandit_4">
		<text>Andryukha</text>
	</string>
	<string id="name_bandit_5">
		<text>Toha</text>
	</string>
	<string id="name_bandit_6">
		<text>Ben</text>
	</string>
	<string id="name_bandit_7">
		<text>Instruction</text>
	</string>
	<string id="name_bandit_8">
		<text>Boryan</text>
	</string>
	<string id="name_bandit_9">
		<text>Thinks</text>
	</string>
	<string id="name_captain_0">
		<text>Captain</text>
	</string>
	<string id="name_lieutenant_0">
		<text>Lieutenant</text>
	</string>
	<string id="name_private_0">
		<text>Private</text>
	</string>
	<string id="name_science_0">
		<text>Andrey</text>
	</string>
	<string id="name_science_1">
		<text>Anton</text>
	</string>
	<string id="name_science_10">
		<text>Oleg</text>
	</string>
	<string id="name_science_11">
		<text>Novel</text>
	</string>
	<string id="name_science_12">
		<text>Alexander</text>
	</string>
	<string id="name_science_13">
		<text>Sergey</text>
	</string>
	<string id="name_science_14">
		<text>Anatoly</text>
	</string>
	<string id="name_science_15">
		<text>Yuri</text>
	</string>
	<string id="name_science_2">
		<text>Bogdan</text>
	</string>
	<string id="name_science_3">
		<text>Benjamin</text>
	</string>
	<string id="name_science_4">
		<text>Vitaly</text>
	</string>
	<string id="name_science_5">
		<text>Vladimir</text>
	</string>
	<string id="name_science_6">
		<text>Dmitry</text>
	</string>
	<string id="name_science_7">
		<text>Ivan</text>
	</string>
	<string id="name_science_8">
		<text>Konstantin</text>
	</string>
	<string id="name_science_9">
		<text>Alexey</text>
	</string>
	<string id="name_stalker_0">
		<text>Sinea</text>
	</string>
	<string id="name_stalker_1">
		<text>Sanyak</text>
	</string>
	<string id="name_stalker_10">
		<text>Arthur</text>
	</string>
	<string id="name_stalker_100">
		<text>Yashka</text>
	</string>
	<string id="name_stalker_101">
		<text>Yarik</text>
	</string>
	<string id="name_stalker_102">
		<text>Yara</text>
	</string>
	<string id="name_stalker_103">
		<text>Glory</text>
	</string>
	<string id="name_stalker_11">
		<text>Struggle</text>
	</string>
	<string id="name_stalker_12">
		<text>Boryka</text>
	</string>
	<string id="name_stalker_13">
		<text>Bogdan</text>
	</string>
	<string id="name_stalker_14">
		<text>Slavik</text>
	</string>
	<string id="name_stalker_15">
		<text>Vadim</text>
	</string>
	<string id="name_stalker_16">
		<text>Take out</text>
	</string>
	<string id="name_stalker_17">
		<text>Vadik</text>
	</string>
	<string id="name_stalker_18">
		<text>Platen</text>
	</string>
	<string id="name_stalker_19">
		<text>Valer</text>
	</string>
	<string id="name_stalker_2">
		<text>Shurik</text>
	</string>
	<string id="name_stalker_20">
		<text>Vasya</text>
	</string>
	<string id="name_stalker_21">
		<text>Vasko</text>
	</string>
	<string id="name_stalker_22">
		<text>Vasko</text>
	</string>
	<string id="name_stalker_23">
		<text>Venia</text>
	</string>
	<string id="name_stalker_24">
		<text>Vitya</text>
	</string>
	<string id="name_stalker_25">
		<text>Vitka</text>
	</string>
	<string id="name_stalker_26">
		<text>Vitalik</text>
	</string>
	<string id="name_stalker_27">
		<text>Vlad</text>
	</string>
	<string id="name_stalker_28">
		<text>Vova</text>
	</string>
	<string id="name_stalker_29">
		<text>Wolf</text>
	</string>
	<string id="name_stalker_3">
		<text>Lenya</text>
	</string>
	<string id="name_stalker_30">
		<text>Seva</text>
	</string>
	<string id="name_stalker_31">
		<text>SEV</text>
	</string>
	<string id="name_stalker_32">
		<text>Gene</text>
	</string>
	<string id="name_stalker_33">
		<text>Genka</text>
	</string>
	<string id="name_stalker_34">
		<text>George</text>
	</string>
	<string id="name_stalker_35">
		<text>Gosha</text>
	</string>
	<string id="name_stalker_36">
		<text>Coarch</text>
	</string>
	<string id="name_stalker_37">
		<text>Mark</text>
	</string>
	<string id="name_stalker_38">
		<text>Soil</text>
	</string>
	<string id="name_stalker_39">
		<text>Griss</text>
	</string>
	<string id="name_stalker_4">
		<text>Alex</text>
	</string>
	<string id="name_stalker_40">
		<text>Grishka</text>
	</string>
	<string id="name_stalker_41">
		<text>Grishko</text>
	</string>
	<string id="name_stalker_42">
		<text>Dania</text>
	</string>
	<string id="name_stalker_43">
		<text>Kiriukha</text>
	</string>
	<string id="name_stalker_44">
		<text>Danko</text>
	</string>
	<string id="name_stalker_45">
		<text>Denis</text>
	</string>
	<string id="name_stalker_46">
		<text>Smoke</text>
	</string>
	<string id="name_stalker_47">
		<text>Dimka</text>
	</string>
	<string id="name_stalker_48">
		<text>Dmitry</text>
	</string>
	<string id="name_stalker_49">
		<text>Zhenya</text>
	</string>
	<string id="name_stalker_5">
		<text>Leshka</text>
	</string>
	<string id="name_stalker_50">
		<text>Zhenya</text>
	</string>
	<string id="name_stalker_51">
		<text>Egor</text>
	</string>
	<string id="name_stalker_52">
		<text>Egorka</text>
	</string>
	<string id="name_stalker_53">
		<text>Fima</text>
	</string>
	<string id="name_stalker_54">
		<text>Van</text>
	</string>
	<string id="name_stalker_55">
		<text>Vanka</text>
	</string>
	<string id="name_stalker_56">
		<text>Igorek</text>
	</string>
	<string id="name_stalker_57">
		<text>Ilya</text>
	</string>
	<string id="name_stalker_58">
		<text>Kostya</text>
	</string>
	<string id="name_stalker_59">
		<text>Kostya</text>
	</string>
	<string id="name_stalker_6">
		<text>Tolik</text>
	</string>
	<string id="name_stalker_60">
		<text>Lev</text>
	</string>
	<string id="name_stalker_61">
		<text>Lenya</text>
	</string>
	<string id="name_stalker_62">
		<text>Lenka</text>
	</string>
	<string id="name_stalker_63">
		<text>Max</text>
	</string>
	<string id="name_stalker_64">
		<text>Matvey</text>
	</string>
	<string id="name_stalker_65">
		<text>Mitya</text>
	</string>
	<string id="name_stalker_66">
		<text>Mouse</text>
	</string>
	<string id="name_stalker_67">
		<text>Bear</text>
	</string>
	<string id="name_stalker_68">
		<text>Nikita</text>
	</string>
	<string id="name_stalker_69">
		<text>Nick</text>
	</string>
	<string id="name_stalker_7">
		<text>Anton</text>
	</string>
	<string id="name_stalker_70">
		<text>Kolya</text>
	</string>
	<string id="name_stalker_71">
		<text>Oleg</text>
	</string>
	<string id="name_stalker_72">
		<text>Pasha</text>
	</string>
	<string id="name_stalker_73">
		<text>Pashka</text>
	</string>
	<string id="name_stalker_74">
		<text>Peter</text>
	</string>
	<string id="name_stalker_75">
		<text>Peanut</text>
	</string>
	<string id="name_stalker_76">
		<text>Petka</text>
	</string>
	<string id="name_stalker_77">
		<text>Roma</text>
	</string>
	<string id="name_stalker_78">
		<text>Romka</text>
	</string>
	<string id="name_stalker_79">
		<text>Rostik</text>
	</string>
	<string id="name_stalker_8">
		<text>Tash</text>
	</string>
	<string id="name_stalker_80">
		<text>Russian</text>
	</string>
	<string id="name_stalker_81">
		<text>Savva</text>
	</string>
	<string id="name_stalker_82">
		<text>Semyon</text>
	</string>
	<string id="name_stalker_83">
		<text>Seventh</text>
	</string>
	<string id="name_stalker_84">
		<text>Seryoga</text>
	</string>
	<string id="name_stalker_85">
		<text>Rusik</text>
	</string>
	<string id="name_stalker_86">
		<text>Stepan</text>
	</string>
	<string id="name_stalker_87">
		<text>Styopa</text>
	</string>
	<string id="name_stalker_88">
		<text>Team</text>
	</string>
	<string id="name_stalker_89">
		<text>Timka</text>
	</string>
	<string id="name_stalker_9">
		<text>Artem</text>
	</string>
	<string id="name_stalker_90">
		<text>Fedor</text>
	</string>
	<string id="name_stalker_91">
		<text>Fedya</text>
	</string>
	<string id="name_stalker_92">
		<text>Fedka</text>
	</string>
	<string id="name_stalker_93">
		<text>Filya</text>
	</string>
	<string id="name_stalker_94">
		<text>Filka</text>
	</string>
	<string id="name_stalker_95">
		<text>Meek</text>
	</string>
	<string id="name_stalker_96">
		<text>Yurka</text>
	</string>
	<string id="name_stalker_97">
		<text>Yurik</text>
	</string>
	<string id="name_stalker_98">
		<text>Yurko</text>
	</string>
	<string id="name_stalker_99">
		<text>Buffa</text>
	</string>
	<string id="name_private_1">
		<text>Petty officer</text>
	</string>
	<string id="name_sergeant_0">
		<text>Sergeant</text>
	</string>
</string_table>

<!-- Translation made with Stalker Translation XML TOOL -->
<!-- https://www.moddb.com/mods/stalker-anomaly/addons/stalker-translation-xml-tool-v12-executable-version -->