<?xml version="1.0" encoding="UTF-8" ?>

<string_table>
	<string id="st_device_flashlight">
		<text>Manual lantern</text>
	</string>
	<string id="st_device_flashlight_descr">
		<text>An ordinary manual lantern and, judging by the stratified, used. It is an important and vital tool when wandering around the zone. Unfortunately, it is impossible to use this lantern with most weapons, since only one hand remains free.</text>
	</string>
	<string id="st_sleeping_bag">
		<text>Sleeping bag</text>
	</string>
	<string id="st_sleeping_bag_descr">
		<text>A light sleeping bag that will help you stay warm and dry when you decide to relax. Make sure you have chosen a safe place to relax with possible retreats in case of danger.</text>
	</string>
</string_table>
<!-- Translation made with Stalker Translation XML TOOL -->
<!-- https://www.moddb.com/mods/stalker-anomaly/addons/stalker-translation-xml-tool-v12-executable-version -->