<?xml version="1.0" encoding="UTF-8" ?>
<string_table>
	<string id="st_cap_af_options">
		<text>Atmosfear options</text>
	</string>
	<string id="st_cap_af_options_small">
		<text>Atmosphere</text>
	</string>
	<string id="st_cap_af_weather_options">
		<text>Weather</text>
	</string>
	<string id="st_cap_af_event_options">
		<text>The phenomena of the zone</text>
	</string>
	<string id="st_cap_af_moon_options">
		<text>Nights</text>
	</string>
	<string id="st_cap_af_default_options">
		<text>Miscellaneous</text>
	</string>
	<string id="st_cap_af_blowout">
		<text>Exhaust</text>
	</string>
	<string id="st_cap_af_fallout">
		<text>Poisonous precipitation</text>
	</string>
	<string id="st_cap_af_psi_storm">
		<text>Psi-scrap</text>
	</string>
	<string id="st_cap_check_enable_blowout">
		<text>The release is included</text>
	</string>
	<string id="st_cap_check_enable_fallout">
		<text>Poisonous precipitation is included</text>
	</string>
	<string id="st_cap_check_enable_psi_storm">
		<text>Psi-storm is on</text>
	</string>

	<string id="st_cap_fate">
		<text>Influence of NPC:</text>
	</string>
	<string id="st_cap_warning">
		<text>Anxiety:</text>
	</string>
	<string id="st_cap_task">
		<text>Exercise:</text>
	</string>
	<string id="st_cap_freq">
		<text>Periodicity:</text>
	</string>
	
	<string id="st_list_freq_12">
		<text>every 6 - 12 hours</text>
	</string>
	<string id="st_list_freq_24">
		<text>every 12 - 24 hours</text>
	</string>
	<string id="st_list_freq_48">
		<text>every 1 - 2 days</text>
	</string>
	<string id="st_list_freq_96">
		<text>every 2 - 4 days</text>
	</string>

	<string id="st_list_fate_killatend">
		<text>Killing upon completion</text>
	</string>
	<string id="st_list_fate_killatwave">
		<text>Kills the wave</text>
	</string>
	<string id="st_list_fate_turntozombie">
		<text>Turns into zombies</text>
	</string>
	<string id="st_list_fate_explode">
		<text>Rubs with a wave</text>
	</string>
	<string id="st_list_fate_poison">
		<text>Radioactive \ chemical poisoning</text>
	</string>
	<string id="st_list_fate_none">
		<text>Does not affect</text>
	</string>
	<string id="st_list_fate_kill">
		<text>Kills a whirlwind</text>
	</string>
	<string id="st_list_fate_killorturn">
		<text>Kills or turns into a zombie</text>
	</string>
	<string id="st_list_warning_radio_siren">
		<text>Radio and mermaid</text>
	</string>
	<string id="st_list_warning_radio">
		<text>Radio</text>
	</string>
	<string id="st_list_warning_siren">
		<text>Siren</text>
	</string>
	<string id="st_list_warning_none">
		<text>Without anxiety</text>
	</string>
	<string id="st_list_task_give">
		<text>Give a task</text>
	</string>
	<string id="st_list_task_none">
		<text>Do not give tasks</text>
	</string>
	<string id="st_cap_moon_phases">
		<text>The phases of the moon</text>
	</string>
	<string id="st_cap_night_brightness">
		<text>Visibility at night</text>
	</string>
	<string id="st_list_night_brightness_dark">
		<text>Dark nights</text>
	</string>
	<string id="st_list_night_brightness_slight">
		<text>A little bright nights</text>
	</string>
	<string id="st_list_night_brightness_medium">
		<text>Bright nights</text>
	</string>
	<string id="st_list_night_brightness_bright">
		<text>Very bright nights</text>
	</string>
	<string id="st_cap_weather_presets">
		<text>Options:</text>
	</string>
	<string id="st_cap_weather_balance_presets">
		<text>Weather:</text>
	</string>
	<string id="st_cap_weather_length_presets">
		<text>Periods:</text>
	</string>
	<string id="st_cap_af_zaton">
		<text>Zaton</text>
	</string>
	<string id="st_cap_af_jupiter">
		<text>Jupiter</text>
	</string>
	<string id="st_cap_af_pripyat">
		<text>Pripyat</text>
	</string>
	<string id="st_period_length_2h">
		<text>2 2</text>
	</string>
	<string id="st_period_length_3h">
		<text>3ch</text>
	</string>
	<string id="st_period_length_4h">
		<text>4ch</text>
	</string>
	<string id="st_period_length_5h">
		<text>5s</text>
	</string>
	<string id="st_period_length_6h">
		<text>6ch</text>
	</string>
	<string id="st_period_length_7h">
		<text>7h</text>
	</string>
	<string id="st_period_length_8h">
		<text>8</text>
	</string>
	<string id="st_period_length_9h">
		<text>9ch</text>
	</string>
	<string id="st_period_length_10h">
		<text>10am</text>
	</string>
	<string id="st_period_length_11h">
		<text>11 hours</text>
	</string>
	<string id="st_period_length_12h">
		<text>12men</text>
	</string>
	<string id="st_period_length">
		<text>The length of the period</text>
	</string>
	<string id="st_cap_moon_cycle_length">
		<text>Moon cycle:</text>
	</string>
	<string id="st_cap_moon_cycle_length_8">
		<text>8 days</text>
	</string>
	<string id="st_cap_moon_cycle_length_28">
		<text>28 days</text>
	</string>
	<string id="st_cap_moon_static">
		<text>Permanent Moon:</text>
	</string>
	<string id="st_cap_moon_phase_0">
		<text>New moon</text>
	</string>
	<string id="st_cap_moon_phase_1">
		<text>Young moon</text>
	</string>
	<string id="st_cap_moon_phase_2">
		<text>1st quarter</text>
	</string>
	<string id="st_cap_moon_phase_3">
		<text>Growing moon</text>
	</string>
	<string id="st_cap_moon_phase_4">
		<text>Complete moon</text>
	</string>
	<string id="st_cap_moon_phase_5">
		<text>Decreasing moon</text>
	</string>
	<string id="st_cap_moon_phase_6">
		<text>3rd quarter</text>
	</string>
	<string id="st_cap_moon_phase_7">
		<text>Waning down a month</text>
	</string>
	<string id="st_list_weather_balance_preset_default">
		<text>Varied</text>
	</string>
	<string id="st_list_weather_balance_preset_good">
		<text>More often good</text>
	</string>
	<string id="st_list_weather_balance_preset_bad">
		<text>More often bad</text>
	</string>
	<string id="st_list_weather_balance_preset_custom">
		<text>Set by hand</text>
	</string>
	<string id="st_list_weather_length_preset_default">
		<text>Diverse</text>
	</string>
	<string id="st_list_weather_length_preset_short">
		<text>Short</text>
	</string>
	<string id="st_list_weather_length_preset_long">
		<text>Long</text>
	</string>
	<string id="st_list_weather_length_preset_custom">
		<text>Set by hand</text>
	</string>
	<string id="st_list_periods_clear">
		<text>Clearly</text>
	</string>
	<string id="st_list_periods_clear_foggy">
		<text>Clear / foggy</text>
	</string>
	<string id="st_list_periods_foggy">
		<text>Foggy</text>
	</string>
	<string id="st_list_periods_foggy_rainy">
		<text>Foggy / rainy</text>
	</string>
	<string id="st_list_periods_rainy">
		<text>Rainy</text>
	</string>
	<string id="st_list_periods_stormy">
		<text>Hurricane</text>
	</string>
	<string id="st_btn_load_color_balance">
		<text>Return the standard lighting settings</text>
	</string>
	<string id="st_btn_load_default_settings">
		<text>Return standard weather, phenomena and moon settings</text>
	</string>
	<string id="st_msg_after_save">
		<text>The settings will be preserved in the next of the game</text>
	</string>
	<string id="st_msg_load_user">
		<text>Would you like to return the standard lighting settings?</text>
	</string>
	<string id="st_msg_load_default_settings">
		<text>Would you like to return standard weather, phenomena and moon settings?</text>
	</string>
	<string id="st_msg_load_user_done">
		<text>Standard lighting settings were returned</text>
	</string>
	<string id="st_msg_load_default_settings_done">
		<text>Standard weather, phenomena and moon settings were returned</text>
	</string>
</string_table>
<!-- Translation made with Stalker Translation XML TOOL -->
<!-- https://www.moddb.com/mods/stalker-anomaly/addons/stalker-translation-xml-tool-v12-executable-version -->