<?xml version="1.0" encoding="UTF-8" ?>
<string_table>
	<string id="speech_attack">
		<text>All on the attack!</text>
	</string>
	<string id="speech_covermeartifact">
		<text>I take artifact! Shall!</text>
	</string>
	<string id="speech_followme">
		<text>Behind me!</text>
	</string>
	<string id="speech_guardartifact">
		<text>We guard the Arefact. Until we take it!</text>
	</string>
	<string id="speech_holdingpos">
		<text>I remain in position</text>
	</string>
	<string id="speech_holdpos">
		<text>Hold the position!</text>
	</string>
	<string id="speech_icoverartifact">
		<text>Berry artifact! I'm annoying!</text>
	</string>
	<string id="speech_needhelp">
		<text>Need help!</text>
	</string>
	<string id="speech_needmoney">
		<text>No money, buy equipment!</text>
	</string>
	<string id="speech_no">
		<text>No.</text>
	</string>
	<string id="speech_noenemy">
		<text>Nobody nearby.</text>
	</string>
	<string id="speech_report">
		<text>Report the situation!</text>
	</string>
	<string id="speech_retreat">
		<text>We retreat!</text>
	</string>
	<string id="speech_returntheartefact">
		<text>The correct artifact!</text>
	</string>
	<string id="speech_roger">
		<text>I understood you.</text>
	</string>
	<string id="speech_silence">
		<text>Shut up!</text>
	</string>
	<string id="speech_sticktogether">
		<text>Stay together.</text>
	</string>
	<string id="speech_takeartifact">
		<text>Take an artifact!</text>
	</string>
</string_table>

<!-- Translation made with Stalker Translation XML TOOL -->
<!-- https://www.moddb.com/mods/stalker-anomaly/addons/stalker-translation-xml-tool-v12-executable-version -->