<?xml version="1.0" encoding="UTF-8" ?>
<string_table>
	<string id="hide_from_surge_message">
		<text>Attention! There was left before the release</text>
	</string>
	<string id="hide_from_surge_descr_1_a">
		<text>It is urgent to run to the nearest shelter and hide from the emission.</text>
	</string>
	<string id="hide_from_surge_descr_2_a">
		<text>During the release, in no case should you leave the shelter.</text>
	</string>
	<string id="hide_from_surge_name_1">
		<text>Exhaust: Find shelter</text>
	</string>
	<string id="hide_from_surge_name_2">
		<text>Extreme: Wait in shelter</text>
	</string>

	<!-- AtmosFear Fallout -->
	<string id="hide_from_fallout_rad_message_caption">
		<text>Attention!</text>
	</string>
	<string id="hide_from_fallout_rad_message">
		<text>Radactive precipitation begins.</text>
	</string>
	<string id="hide_from_fallout_rad_descr_1_a">
		<text>Dangerous level of radiation. It is urgent to run to the nearest shelter and hide from radioactive precipitation.</text>
	</string>
	<string id="hide_from_fallout_rad_descr_2_a">
		<text>During radioactive precipitation, in no case can you leave the shelter.</text>
	</string>
	<string id="hide_from_fallout_rad_name_1">
		<text>Radioactive precipitation: Find shelter</text>
	</string>
	<string id="hide_from_fallout_rad_name_2">
		<text>Radioactive precipitation: wait in shelter</text>
	</string>
	<string id="end_fallout_rad_message_caption">
		<text>Attention!</text>
	</string>
	<string id="end_fallout_rad_message">
		<text>Radioactive precipitation is over.</text>
	</string>
	
	<string id="hide_from_fallout_acid_message_caption">
		<text>Attention!</text>
	</string>
	<string id="hide_from_fallout_acid_message">
		<text>Chemical precipitation begins.</text>
	</string>
	<string id="hide_from_fallout_acid_descr_1_a">
		<text>Dangerous level of pollution. It is urgent to run to the nearest shelter and hide from chemical precipitation.</text>
	</string>
	<string id="hide_from_fallout_acid_descr_2_a">
		<text>During chemical precipitation, in no case should you leave the shelter.</text>
	</string>
	<string id="hide_from_fallout_acid_name_1">
		<text>Chemical precipitation: Find shelter</text>
	</string>
	<string id="hide_from_fallout_acid_name_2">
		<text>Chemical precipitation: to wait out in shelter</text>
	</string>
	<string id="end_fallout_acid_message_caption">
		<text>Attention!</text>
	</string>
	<string id="end_fallout_acid_message">
		<text>Chemical precipitation is over.</text>
	</string>

	<!-- AtmosFear Psi Storm -->
	<string id="hide_from_psi_storm_message_caption">
		<text>Attention!</text>
	</string>
	<string id="hide_from_psi_storm_message">
		<text>The psi-storm begins.</text>
	</string>
	<string id="hide_from_psi_storm_descr_1_a">
		<text>It is urgent to run to the nearest shelter and hide from the psi-storm.</text>
	</string>
	<string id="hide_from_psi_storm_descr_2_a">
		<text>During the psi-storm, in no case can you leave the shelter.</text>
	</string>
	<string id="hide_from_psi_storm_name_1">
		<text>Psi-scrap: Find shelter</text>
	</string>
	<string id="hide_from_psi_storm_name_2">
		<text>Psi-scrap: to wait out in shelter</text>
	</string>
	<string id="end_psi_storm_caption">
		<text>Attention!</text>
	</string>
	<string id="end_psi_storm_message">
		<text>The psi-storm is over.</text>
	</string>

</string_table>

<!-- Translation made with Stalker Translation XML TOOL -->
<!-- https://www.moddb.com/mods/stalker-anomaly/addons/stalker-translation-xml-tool-v12-executable-version -->