<?xml version="1.0" encoding="UTF-8" ?>
<string_table>
	<string id="mod_info">
		<text>Information</text>
	</string>
	<string id="mod_thx_4_playing">
		<text>Thanks for the passage!</text>
	</string>
	<string id="mod_developer">
		<text>Developers</text>
	</string>
	<string id="mod_scr1pt">
		<text>ScR1pt</text>
	</string>
	<string id="mod_ink">
		<text>Ink</text>
	</string>
	<string id="mod_content">
		<text>Gratitude:</text>
	</string>
	<string id="mod_axr">
		<text>AdvancedXRay + G.S.W.R.</text>
	</string>
	<string id="mod_stcop">
		<text>STCoP 3.7</text>
	</string>
	<string id="mod_voice_smot">
		<text>Smot - voice</text>
	</string>
	<string id="mod_voice_wolf">
		<text>Wolfnttw13 - voice acting</text>
	</string>
	<string id="mod_appro">
		<text>AP-Pro forum and its inhabitants</text>
	</string>
	<string id="mod_others_thanks">
		<text>All the other whose achievements were used</text>
	</string>
	<string id="mod_donations_thx">
		<text>Gratitude for support</text>
	</string>
	<string id="mod_donations_text">
		<text>Many were anonymous and there were many such people. But I am sincerely grateful to all those who did it!</text>
	</string>
	<string id="mod_about_tg">
		<text>Follow the updates to Telegram</text>
	</string>
	<string id="mod_my_tg">
		<text></text>
	</string>
	<string id="mod_music_only">
		<text>Дальше будет только музыка :)</text>
	</string>
</string_table>

<!-- Translation made with Stalker Translation XML TOOL -->
<!-- https://www.moddb.com/mods/stalker-anomaly/addons/stalker-translation-xml-tool-v12-executable-version -->