<?xml version="1.0" encoding="UTF-8" ?>
<string_table>
	<string id="af_neutral">
		<text>Artifact</text>
	</string>
	<string id="friend">
		<text>Ally</text>
	</string>
	<string id="mm_mp_max_ping">
		<text>Max. Ping</text>
	</string>
	<string id="mm_mp_profile">
		<text>Profile</text>
	</string>
	<string id="modes">
		<text>Modes</text>
	</string>
	<string id="mp_art_destroyed">
		<text>The artifact was destroyed</text>
	</string>
	<string id="mp_art_spowned">
		<text>The artifact appeared. Bring it to the base to earn a point.</text>
	</string>
	<string id="mp_artefact_dropped">
		<text>The artifact is lost</text>
	</string>
	<string id="mp_artefact_on_base">
		<text>Artifact on our base</text>
	</string>
	<string id="mp_artefact_on_enemy_base">
		<text>Artifact at the enemy base</text>
	</string>
	<string id="mp_artefacts">
		<text>Artifacts</text>
	</string>
	<string id="mp_artefacts_upcase">
		<text>Artifacts</text>
	</string>
	<string id="mp_auto_select">
		<text>Automobiles</text>
	</string>
	<string id="mp_back">
		<text>Back</text>
	</string>
	<string id="mp_ban">
		<text>4. Blok</text>
	</string>
	<string id="mp_by_anomaly">
		<text>Anomaly</text>
	</string>
	<string id="mp_cancel">
		<text>Cancellation</text>
	</string>
	<string id="mp_captured_artefact">
		<text>He captured the artifact</text>
	</string>
	<string id="mp_change_map">
		<text>5. Change the card</text>
	</string>
	<string id="mp_change_weather">
		<text>6. Change the weather</text>
	</string>
	<string id="mp_change_weather_header">
		<text>Change the weather to</text>
	</string>
	<string id="mp_chat">
		<text>Cite chat</text>
	</string>
	<string id="mp_connected">
		<text>Connected</text>
	</string>
	<string id="mp_deaths">
		<text>Death</text>
	</string>
	<string id="mp_description">
		<text>Description</text>
	</string>
	<string id="mp_disconnected">
		<text>Disconnected</text>
	</string>
	<string id="mp_enter_text">
		<text>Enter voting text</text>
	</string>
	<string id="mp_entered_game">
		<text>Entered the game</text>
	</string>
	<string id="mp_firestation">
		<text>Fire station</text>
	</string>
	<string id="mp_first_eye">
		<text>(From the first person)</text>
	</string>
	<string id="mp_frags">
		<text>Flagi</text>
	</string>
	<string id="mp_frags_upcase">
		<text>Frags</text>
	</string>
	<string id="mp_free_fly">
		<text>(Free flight)</text>
	</string>
	<string id="mp_free_look">
		<text>(From a third person)</text>
	</string>
	<string id="mp_from">
		<text>from</text>
	</string>
	<string id="mp_gamemode">
		<text>7. Mode</text>
	</string>
	<string id="mp_garbage">
		<text>Dump</text>
	</string>
	<string id="mp_go">
		<text>FORWARD!</text>
	</string>
	<string id="mp_has_drop_art">
		<text>Lost a%S artifact</text>
	</string>
	<string id="mp_has_dropped_artefact">
		<text>Lost an artifact</text>
	</string>
	<string id="mp_has_tak_art">
		<text>I took a%S artifact</text>
	</string>
	<string id="mp_headhuntrs">
		<text>Mercenaries</text>
	</string>
	<string id="mp_is_now">
		<text>Now</text>
	</string>
	<string id="mp_joined">
		<text>joined the team</text>
	</string>
	<string id="mp_kick">
		<text>3. Throw it away</text>
	</string>
	<string id="mp_limansk">
		<text>Limansk</text>
	</string>
	<string id="mp_loading_awards">
		<text>Loading awards ...</text>
	</string>
	<string id="mp_loading_best_scores">
		<text>Loading the best results ...</text>
	</string>
	<string id="mp_look_at">
		<text>(Freely tied)</text>
	</string>
	<string id="mp_map_desc">
		<text>Description of the card</text>
	</string>
	<string id="mp_match_started">
		<text>The battle has begun!</text>
	</string>
	<string id="mp_military_2">
		<text>Old village</text>
	</string>
	<string id="mp_modes">
		<text>Modes</text>
	</string>
	<string id="mp_name">
		<text>Name</text>
	</string>
	<string id="mp_next">
		<text>Further</text>
	</string>
	<string id="mp_no_voted">
		<text>They did not vote</text>
	</string>
	<string id="mp_ping">
		<text>Ping</text>
	</string>
	<string id="mp_player_wins">
		<text>Player %S won the battle!</text>
	</string>
	<string id="mp_players">
		<text>Players</text>
	</string>
	<string id="mp_press_fire2spectator">
		<text>Click "Fire" to go to observation mode</text>
	</string>
	<string id="mp_press_jump2pay_spaw">
		<text>Click "Jump" to buy instant birth</text>
	</string>
	<string id="mp_press_jump2select_skin">
		<text>Click the "jump" to choose a uniform</text>
	</string>
	<string id="mp_press_jump2select_team">
		<text>Click the "jump" to choose commands</text>
	</string>
	<string id="mp_press_jump2spawn">
		<text>Click the "jump" to be born</text>
	</string>
	<string id="mp_press_jump2start">
		<text>Click the "jump" to start</text>
	</string>
	<string id="mp_press_to_buy">
		<text>Click $ dollar_buy_menu $ $ to access the purchase menu</text>
	</string>
	<string id="mp_press_yes2pay">
		<text>You have %d $. You can buy a birth for %d $. Click yes to pay</text>
	</string>
	<string id="mp_ready">
		<text>Attention...</text>
	</string>
	<string id="mp_rembasa">
		<text>Repair base</text>
	</string>
	<string id="mp_restart">
		<text>1. Restart</text>
	</string>
	<string id="mp_restart_fast">
		<text>2. Quick restart</text>
	</string>
	<string id="mp_returned_artefact">
		<text>Returned the artifact</text>
	</string>
	<string id="mp_scores">
		<text>They earn a point</text>
	</string>
	<string id="mp_select_ban">
		<text>Choose a player for blocking which voting is assigned</text>
	</string>
	<string id="mp_select_category">
		<text>Choose the voting category</text>
	</string>
	<string id="mp_select_kick">
		<text>Choose a player for ejecting which voting is assigned</text>
	</string>
	<string id="mp_select_kick_player">
		<text>Choose a player for ejecting which voting is assigned</text>
	</string>
	<string id="mp_select_map">
		<text>Select a voting card</text>
	</string>
	<string id="mp_si_afbearer_cant_sprint">
		<text>Do not run with artifact</text>
	</string>
	<string id="mp_si_afcount">
		<text>- Quantity</text>
	</string>
	<string id="mp_si_afrespawntime">
		<text>- The appearance</text>
	</string>
	<string id="mp_si_afstaytime">
		<text>- Time</text>
	</string>
	<string id="mp_si_anomalies">
		<text>Anomalies</text>
	</string>
	<string id="mp_si_anomalies_period">
		<text>Anomalies period</text>
	</string>
	<string id="mp_si_any_time">
		<text>Any time</text>
	</string>
	<string id="mp_si_artefact_captured">
		<text>The artifact is captured</text>
	</string>
	<string id="mp_si_artefacts">
		<text>Artifacts:</text>
	</string>
	<string id="mp_si_autoteam_balance">
		<text>Autobalals command</text>
	</string>
	<string id="mp_si_autoteam_swap">
		<text>Automobile teams</text>
	</string>
	<string id="mp_si_battleye">
		<text>BattlEye</text>
	</string>
	<string id="mp_si_disabled">
		<text>Off.</text>
	</string>
	<string id="mp_si_enabled">
		<text>GDL.</text>
	</string>
	<string id="mp_si_first_eye">
		<text>- from the first person</text>
	</string>
	<string id="mp_si_forcerespawn">
		<text>Will forced. birth</text>
	</string>
	<string id="mp_si_fraglimit">
		<text>The Limit of Frags</text>
	</string>
	<string id="mp_si_free_fly">
		<text>- Free flight</text>
	</string>
	<string id="mp_si_free_look">
		<text>- Free review</text>
	</string>
	<string id="mp_si_friendly_fire">
		<text>Fire on its own</text>
	</string>
	<string id="mp_si_friendly_indicators">
		<text>Indicators of allies</text>
	</string>
	<string id="mp_si_friendly_names">
		<text>The names of the allies</text>
	</string>
	<string id="mp_si_infinite">
		<text>Endless</text>
	</string>
	<string id="mp_si_invinsibility">
		<text>Invisibility:</text>
	</string>
	<string id="mp_si_invinsibility_indicators">
		<text>- indicator</text>
	</string>
	<string id="mp_si_invinsibility_time">
		<text>- Time</text>
	</string>
	<string id="mp_si_look_at">
		<text>- From a third person</text>
	</string>
	<string id="mp_si_maprotation">
		<text>Change of cards</text>
	</string>
	<string id="mp_si_max_ping">
		<text>Max. Ping</text>
	</string>
	<string id="mp_si_min">
		<text>I am.</text>
	</string>
	<string id="mp_si_no">
		<text>No</text>
	</string>
	<string id="mp_si_players_respawn">
		<text>The birth of players</text>
	</string>
	<string id="mp_si_return_players">
		<text>Return to the base</text>
	</string>
	<string id="mp_si_sec">
		<text>sec.</text>
	</string>
	<string id="mp_si_servername">
		<text>Server name:</text>
	</string>
	<string id="mp_si_shielded_bases">
		<text>Protected bases</text>
	</string>
	<string id="mp_si_spectatormodes">
		<text>Observation modes:</text>
	</string>
	<string id="mp_si_team_only">
		<text>- Only the team</text>
	</string>
	<string id="mp_si_time_limit">
		<text>Time limit</text>
	</string>
	<string id="mp_si_version">
		<text>Version:</text>
	</string>
	<string id="mp_si_voting">
		<text>Vote</text>
	</string>
	<string id="mp_si_warmuptime">
		<text>Warm -up</text>
	</string>
	<string id="mp_si_yes">
		<text>Yes</text>
	</string>
	<string id="mp_skin_selection">
		<text>The choice of uniforms</text>
	</string>
	<string id="mp_spectator">
		<text>Observer</text>
	</string>
	<string id="mp_spectators">
		<text>Observers</text>
	</string>
	<string id="mp_sport_center">
		<text>Sports center</text>
	</string>
	<string id="mp_status">
		<text>Status</text>
	</string>
	<string id="mp_switched_to">
		<text>I went to the team</text>
	</string>
	<string id="mp_team_free_stalkers">
		<text>«Freedom»</text>
	</string>
	<string id="mp_team_selection">
		<text>The choice of the team</text>
	</string>
	<string id="mp_team_wins">
		<text>The %S team wins!</text>
	</string>
	<string id="mp_text">
		<text>Text</text>
	</string>
	<string id="mp_time2respawn">
		<text>Time before birth</text>
	</string>
	<string id="mp_time2start">
		<text>Time before the start:</text>
	</string>
	<string id="mp_timeleft">
		<text>There is time left: %D: %D; Agreed: %.2f</text>
	</string>
	<string id="mp_training_camp">
		<text>Training camp</text>
	</string>
	<string id="mp_vote_hint">
		<text>Vote for-[$ $ Action_vote_yes $] \ n vote against-[$ $ assment_vote_no $ $] \ n results-[$ dollar action_vote $ $]</text>
	</string>
	<string id="mp_vote_no">
		<text>Against</text>
	</string>
	<string id="mp_vote_yes">
		<text>For</text>
	</string>
	<string id="mp_voted">
		<text>Voted</text>
	</string>
	<string id="mp_voted_no">
		<text>«Against»</text>
	</string>
	<string id="mp_voted_yes">
		<text>"For"</text>
	</string>
	<string id="mp_voting_broken">
		<text>Voting is canceled by the server!</text>
	</string>
	<string id="mp_voting_started">
		<text>Voting ' %S' began %S.</text>
	</string>
	<string id="mp_voting_started_msg">
		<text>Voting has begun!</text>
	</string>
	<string id="mp_weather_clear">
		<text>1. Clean</text>
	</string>
	<string id="mp_weather_cloudy">
		<text>4. Cloud</text>
	</string>
	<string id="mp_weather_night">
		<text>3. Night</text>
	</string>
	<string id="mp_weather_rain">
		<text>2. Rain</text>
	</string>
	<string id="mp_with_backstab">
		<text>Stopped!</text>
	</string>
	<string id="mp_with_headshot">
		<text>In your head!</text>
	</string>
	<string id="mp_you_captured_artefact">
		<text>You captured the enemy artifact, bring it to your own!</text>
	</string>
	<string id="mp_you_captured_own_artefact">
		<text>You have raised your artifact. Activate it to return to the base!</text>
	</string>
	<string id="mp_your_rank">
		<text>Your rank now</text>
	</string>
	<string id="self">
		<text>Tagged</text>
	</string>
	<string id="st_mp_disabled_voting">
		<text>Voting is not available on this server</text>
	</string>
	<string id="st_mp_no_current_voting">
		<text>There are no active votes now</text>
	</string>
	<string id="st_mp_only_one_voting">
		<text>Only one active vote is allowed</text>
	</string>
	<string id="st_mp_ready">
		<text>Ready</text>
	</string>
	<string id="st_mp_say_to_all">
		<text>All</text>
	</string>
	<string id="st_mp_say_to_team">
		<text>Team</text>
	</string>
	<string id="st_mp_voting_failed">
		<text>Voting failed!</text>
	</string>
	<string id="st_mp_voting_succeed">
		<text>Voting was successful!</text>
	</string>
	<string id="team_base_1">
		<text>Base "Freedom"</text>
	</string>
	<string id="team_base_2">
		<text>The base of the mercenaries</text>
	</string>
	<string id="ui_mp_ah">
		<text>2. Hunting for artifact</text>
	</string>
	<string id="ui_mp_cta">
		<text>4. The capture of the artifact</text>
	</string>
	<string id="ui_mp_dm">
		<text>1. All against all</text>
	</string>
	<string id="ui_mp_gamespy_creating_new_profile">
		<text>Creating a new profile ...</text>
	</string>
	<string id="ui_mp_gamespy_getting_account_profiles">
		<text>Obtaining account profiles ...</text>
	</string>
	<string id="ui_mp_gamespy_loading_rewards_hello">
		<text>Hello,</text>
	</string>
	<string id="ui_mp_gamespy_logining_to_profile">
		<text>Connection to the profile ...</text>
	</string>
	<string id="ui_mp_gamespy_profile_created">
		<text>The profile has been successfully created. Please connect to him.</text>
	</string>
	<string id="ui_mp_gamespy_suggesting_unique_name">
		<text>Checking a unique name ...</text>
	</string>
	<string id="ui_mp_gamespy_use_existing_profile">
		<text>Would you like to use an existing profile named</text>
	</string>
	<string id="ui_mp_gamespy_verify_account_profiles">
		<text>The account was found. Obtaining registered profiles ...</text>
	</string>
	<string id="ui_mp_gamespy_verify_account_profiles_error1">
		<text>Your profile has already been created. Please connect to him.</text>
	</string>
	<string id="ui_mp_gamespy_verify_email">
		<text>Checking the existence of an account ...</text>
	</string>
	<string id="ui_mp_gamespy_verify_nickname_error1">
		<text>This unique name is already used. Please select one of the proposed in the drop -down list below, or enter the other.</text>
	</string>
	<string id="ui_mp_gamespy_verify_password_error1">
		<text>Password entered do not match!</text>
	</string>
	<string id="ui_mp_tdm">
		<text>3. The team against the team</text>
	</string>
	<string id="ui_st_btn_copy_url">
		<text>Copy the link</text>
	</string>
	<string id="ui_st_btn_download_map">
		<text>Download the card</text>
	</string>
	<string id="ui_st_description">
		<text>Description</text>
	</string>
	<string id="ui_st_map_data_corrupted">
		<text>The card is not true or damaged</text>
	</string>
	<string id="ui_st_map_not_found">
		<text>The card is not found</text>
	</string>
	<string id="ui_st_mp_awards">
		<text>Awards</text>
	</string>
	<string id="ui_st_mp_best_results">
		<text>The best results</text>
	</string>
	<string id="ui_st_mp_check_avaliability">
		<text>Check</text>
	</string>
	<string id="ui_st_mp_confirm_password">
		<text>Confirm the password</text>
	</string>
	<string id="ui_st_mp_email">
		<text>E-mail</text>
	</string>
	<string id="ui_st_mp_forgot_password">
		<text>Forgot the password?</text>
	</string>
	<string id="ui_st_mp_gamespy_account_creation">
		<text>Gamespy ID creation page</text>
	</string>
	<string id="ui_st_mp_password">
		<text>Password</text>
	</string>
	<string id="ui_st_mp_remember_me">
		<text>Remember</text>
	</string>
	<string id="ui_st_mp_unique_nickname">
		<text>Unique name</text>
	</string>
	<string id="ui_st_mp_unique_nickname_change">
		<text>The unique name is successfully changed to</text>
	</string>
	<string id="ui_st_team">
		<text>Team</text>
	</string>
	<string id="ui_st_team1_name">
		<text>«Freedom»</text>
	</string>
	<string id="ui_st_team2_name">
		<text>Mercenaries</text>
	</string>
	<string id="ui_st_mp_create_new_account">
		<text>New profile</text>
	</string>
	<string id="ui_st_mp_gamespy_login_page">
		<text>Authorization on Gamespy</text>
	</string>
	<string id="mpd_play">
		<text>play</text>
	</string>
	<string id="mpd_rewind">
		<text>rewinding</text>
	</string>
	<string id="mpd_restart">
		<text>restart</text>
	</string>
	<string id="mpd_rewind_until_start">
		<text>to the start</text>
	</string>
	<string id="mpd_rewind_until_kill">
		<text>to the killings</text>
	</string>
	<string id="mpd_rewind_until_die">
		<text>To death</text>
	</string>
	<string id="mpd_rewind_until_arttake">
		<text>Before the capture of the artifact</text>
	</string>
	<string id="mpd_rewind_until_artdrop">
		<text>to the loss of the artifact</text>
	</string>
	<string id="mpd_rewind_until_artdeliver">
		<text>to the contribution of the artifact</text>
	</string>
	<string id="mpd_any_player">
		<text>any</text>
	</string>
	<string id="mm_mp_login">
		<text>Login</text>
	</string>
	<string id="ui_mp_am_screen_all">
		<text>Screenshots from all</text>
	</string>
	<string id="ui_mp_am_config_all">
		<text>Configures from all</text>
	</string>
	<string id="ui_mp_am_ping_limit">
		<text>Ping restriction:</text>
	</string>
	<string id="ui_mp_am_set_ping_limit">
		<text>Ping restriction</text>
	</string>
	<string id="ui_mp_am_screen_selected">
		<text>Screenshot Select. player</text>
	</string>
	<string id="ui_mp_am_config_selected">
		<text>Config Select. player</text>
	</string>
	<string id="ui_mp_am_kick_selected">
		<text>Throw away the Select. player</text>
	</string>
	<string id="ui_mp_am_ban_selected">
		<text>Select the Select. player</text>
	</string>
	<string id="ui_mp_am_restart">
		<text>Restart</text>
	</string>
	<string id="ui_mp_am_fast_restart">
		<text>Fast restart</text>
	</string>
	<string id="ui_mp_am_change_weather">
		<text>Change the weather</text>
	</string>
	<string id="ui_mp_am_set_change_rate">
		<text>Weather change speed</text>
	</string>
	<string id="ui_mp_am_change_game_type">
		<text>Change the type of game</text>
	</string>
	<string id="ui_mp_am_change_game_limits">
		<text>Change the game settings</text>
	</string>
	<string id="ui_mp_am_stop_cur_voting">
		<text>Stop the tech. vote</text>
	</string>
	<string id="ui_mp_am_set_time_limit">
		<text>Wrong. time (0, 180)</text>
	</string>
	<string id="ui_mp_am_set_frag_limit">
		<text>Wrong. frags (0, 1000)</text>
	</string>
	<string id="ui_mp_am_set_art_limit">
		<text>Wrong. Artifacts (0, 100)</text>
	</string>
	<string id="ui_mp_am_set_warm_up_time">
		<text>Heating time (0, 3600)</text>
	</string>
	<string id="ui_mp_am_set_invincible_time">
		<text>Time is invulnerable. (0, 60 CTA)</text>
	</string>
	<string id="ui_mp_am_set_damage_block_time">
		<text>Time is invulnerable. (0, 600 T/DM)</text>
	</string>
	<string id="ui_mp_am_set_reinforcement_time">
		<text>Time is reinforced. (-1, 3600)</text>
	</string>
	<string id="mp_gp_unknown_error_4">
		<text>Unknown profile error (Code: 4)</text>
	</string>
	<string id="ui_mp_am_10_minutes">
		<text>10 minutes</text>
	</string>
	<string id="ui_mp_am_30_minutes">
		<text>30 minutes</text>
	</string>
	<string id="ui_mp_am_1_hour">
		<text>1 time</text>
	</string>
	<string id="ui_mp_am_6_hours">
		<text>6 hours</text>
	</string>
	<string id="ui_mp_am_1_day">
		<text>1 day</text>
	</string>
	<string id="ui_mp_am_1_week">
		<text>1 Sunday</text>
	</string>
	<string id="ui_mp_am_1_month">
		<text>1 month</text>
	</string>
	<string id="ui_mp_am_3_monthes">
		<text>3 months</text>
	</string>
	<string id="ui_mp_am_forever">
		<text>Forever</text>
	</string>
	<string id="mp_gp_unique_nick_too_short">
		<text>Too short unique name</text>
	</string>
	<string id="mp_gp_unknown_error_512">
		<text>The error of creating a profile</text>
	</string>
</string_table>

<!-- Translation made with Stalker Translation XML TOOL -->
<!-- https://www.moddb.com/mods/stalker-anomaly/addons/stalker-translation-xml-tool-v12-executable-version -->