<?xml version="1.0" encoding="UTF-8" ?>
<string_table>
	<string id="st_chechin">
		<text>Sergey Chechin</text>
	</string>
	<string id="st_abramowicz">
		<text>Maciej Abramowicz</text>
	</string>
	<string id="st_abroyan">
		<text>Arman Abroian</text>
	</string>
	<string id="st_actors">
		<text>Actors</text>
	</string>
	<string id="st_all_qa">
		<text>Testers</text>
	</string>
	<string id="st_amdati">
		<text>AMD/ATI</text>
	</string>
	<string id="st_androshchuk">
		<text>Roman Androshchuk</text>
	</string>
	<string id="st_animator">
		<text>Animator</text>
	</string>
	<string id="st_art_department">
		<text>Schedule department</text>
	</string>
	<string id="st_art_director">
		<text>Art-director</text>
	</string>
	<string id="st_atroshenko">
		<text>Nikita Atroshenko</text>
	</string>
	<string id="st_bajorek">
		<text>Damian Bajorek</text>
	</string>
	<string id="st_bastrikin">
		<text>Mikhail Bastrykin</text>
	</string>
	<string id="st_bilinski">
		<text>Kamil bilinski</text>
	</string>
	<string id="st_binkowski">
		<text>Krzysztof Binkowski</text>
	</string>
	<string id="st_bochenek">
		<text>Arkadiusz Bochenek</text>
	</string>
	<string id="st_boggs">
		<text>Justin Boggs</text>
	</string>
	<string id="st_bogush">
		<text>Anatoly Bogush</text>
	</string>
	<string id="st_borowy">
		<text>Wojciech Borowy</text>
	</string>
	<string id="st_burtsau">
		<text>Stanislaw Bault</text>
	</string>
	<string id="st_character_models">
		<text>Character models</text>
	</string>
	<string id="st_cherevatenko">
		<text>Alexei Cherevatenenko</text>
	</string>
	<string id="st_chrul">
		<text>Jerzy Chrul</text>
	</string>
	<string id="st_ciemny">
		<text>Wojciech Dark</text>
	</string>
	<string id="st_composer">
		<text>Composer</text>
	</string>
	<string id="st_davidian">
		<text>Dmitry "Abe" Davidyan</text>
	</string>
	<string id="st_davies">
		<text>AARON DAVIES</text>
	</string>
	<string id="st_demidenko">
		<text>Alexander Demidenko</text>
	</string>
	<string id="st_dep_programmers">
		<text>Department</text>
	</string>
	<string id="st_dep_programmers1">
		<text>programming</text>
	</string>
	<string id="st_derewonko">
		<text>Lukasz Derewonko</text>
	</string>
	<string id="st_didenko">
		<text>Ruslan Didenko</text>
	</string>
	<string id="st_doroshenko">
		<text>Yuri Doroshenko</text>
	</string>
	<string id="st_dovgoluk">
		<text>Elena Dovgalyuk</text>
	</string>
	<string id="st_durajczyk">
		<text>Rafal Durajczyk</text>
	</string>
	<string id="st_dushinskiy">
		<text>Peter Dushinsky</text>
	</string>
	<string id="st_dziarnowski">
		<text>Maciej Dzarnowski</text>
	</string>
	<string id="st_eremenko">
		<text>Sergey Eremenko</text>
	</string>
	<string id="st_falchenko">
		<text>Yuri "Dark" Falchenko</text>
	</string>
	<string id="st_gabryel">
		<text>Jakub Gabryel</text>
	</string>
	<string id="st_galach">
		<text>Cezary Galach</text>
	</string>
	<string id="st_gamedesign_department">
		<text>Gamedizine</text>
	</string>
	<string id="st_gameplay">
		<text>Gameplay programmers</text>
	</string>
	<string id="st_genega_qa">
		<text>CENEGA QA</text>
	</string>
	<string id="st_genega_thanks">
		<text>Separate gratitude</text>
	</string>
	<string id="st_gerasimov">
		<text>Philip Gerasimov</text>
	</string>
	<string id="st_german">
		<text>Grigory German</text>
	</string>
	<string id="st_girich">
		<text>Angelica Girich</text>
	</string>
	<string id="st_golubinski">
		<text>Pawel Golubinski</text>
	</string>
	<string id="st_gorniak">
		<text>Marcin Gorniak</text>
	</string>
	<string id="st_goscicki">
		<text>Tomasz Goscicki</text>
	</string>
	<string id="st_graphics">
		<text>Graphics programmers</text>
	</string>
	<string id="st_grun">
		<text>Holger shall</text>
	</string>
	<string id="st_grzywaczewski">
		<text>Pawel Grzywaczewski</text>
	</string>
	<string id="st_gsc">
		<text>Sergey Grigorovich</text>
	</string>
	<string id="st_gutowski">
		<text>Marcin Gutowski</text>
	</string>
	<string id="st_iassenev">
		<text>Dmitry Yasenev</text>
	</string>
	<string id="st_intel">
		<text>Intel</text>
	</string>
	<string id="st_ivancov">
		<text>Sergey Ivantsov</text>
	</string>
	<string id="st_jankowski">
		<text>Norbert Jankowski</text>
	</string>
	<string id="st_kachanuyk">
		<text>Alexander Kachanyuk</text>
	</string>
	<string id="st_kalita">
		<text>Dmitry Kalita</text>
	</string>
	<string id="st_keska">
		<text>Alexander Keska</text>
	</string>
	<string id="st_kirienko">
		<text>Andrey "Darin" Kiriyenko</text>
	</string>
	<string id="st_kobylanski">
		<text>Lukasz Kobylanski</text>
	</string>
	<string id="st_kolomiech">
		<text>Andrey Kolomets</text>
	</string>
	<string id="st_komorek">
		<text>Arthur Komorek</text>
	</string>
	<string id="st_konstantinov">
		<text>Yuri Konstantinov</text>
	</string>
	<string id="st_kotolovskaya">
		<text>Maria Kotolovskaya</text>
	</string>
	<string id="st_kovach">
		<text>Alexander Kovach</text>
	</string>
	<string id="st_koval">
		<text>Kirill Koval</text>
	</string>
	<string id="st_krivchenko">
		<text>Irina Kryvchikov</text>
	</string>
	<string id="st_krivets">
		<text>Dmitry Krivets</text>
	</string>
	<string id="st_kuchma">
		<text>Evgeny Kuchma</text>
	</string>
	<string id="st_kudrya">
		<text>Svetlana Kudrya</text>
	</string>
	<string id="st_kurbatov">
		<text>Sergey Kurbatov</text>
	</string>
	<string id="st_kuzhel">
		<text>Olga Kuzhel</text>
	</string>
	<string id="st_kuzmenko">
		<text>Dmitry Kuzmenko</text>
	</string>
	<string id="st_kuznecov">
		<text>Alexey Kuznetsov</text>
	</string>
	<string id="st_kuznecov1">
		<text>Oleg Kuznetsov</text>
	</string>
	<string id="st_lazarski">
		<text>Szymon Lazarski</text>
	</string>
	<string id="st_lead_animator">
		<text>Leading animator</text>
	</string>
	<string id="st_lead_artist">
		<text>Leading artist</text>
	</string>
	<string id="st_lead_game_designer">
		<text>Leading game designer</text>
	</string>
	<string id="st_lead_programmer">
		<text>Leading programmer</text>
	</string>
	<string id="st_lead_qa">
		<text>Leading testers</text>
	</string>
	<string id="st_lead_specialist">
		<text>Leading specialists</text>
	</string>
	<string id="st_level_design">
		<text>Level design</text>
	</string>
	<string id="st_lit_editor">
		<text>Work on texts</text>
	</string>
	<string id="st_litvinenko">
		<text>Vladimir «Fiachna» Litvinenko</text>
	</string>
	<string id="st_lundgren">
		<text>Eric Lundgren</text>
	</string>
	<string id="st_maistrenko">
		<text>Sergey Maistrenko</text>
	</string>
	<string id="st_makedon">
		<text>Dmitry Macedon</text>
	</string>
	<string id="st_malinkin">
		<text>Roman Malinkin</text>
	</string>
	<string id="st_manager_qa">
		<text>Project managers</text>
	</string>
	<string id="st_manilyuk">
		<text>Alexander Manilyuk</text>
	</string>
	<string id="st_mankowski">
		<text>Daniel Mankowski</text>
	</string>
	<string id="st_matveenko">
		<text>Denis Matveenko</text>
	</string>
	<string id="st_mazurek">
		<text>Maciej Mazurek</text>
	</string>
	<string id="st_mazurkiewicz">
		<text>Piotr Mazurkiewicz</text>
	</string>
	<string id="st_mcphee">
		<text>Darren McPhee</text>
	</string>
	<string id="st_melnikov">
		<text>Igor Melnikov</text>
	</string>
	<string id="st_merkulov">
		<text>Victor Merkulov</text>
	</string>
	<string id="st_mielnik">
		<text>Damian Mielnik</text>
	</string>
	<string id="st_mikhailov">
		<text>Pavel Mikhailov</text>
	</string>
	<string id="st_mironov">
		<text>Konstantin Mironov</text>
	</string>
	<string id="st_mocap">
		<text>Many thanks to Oleg Fomenko</text>
	</string>
	<string id="st_mocap1">
		<text>and company "BuntarMedia"</text>
	</string>
	<string id="st_mocap3">
		<text>For consultations on MOCAP</text>
	</string>
	<string id="st_mopev">
		<text>Vladimir Morev</text>
	</string>
	<string id="st_moroz">
		<text>Andrey Frost</text>
	</string>
	<string id="st_mrozowski">
		<text>Dawid Mrozowski</text>
	</string>
	<string id="st_negrobov">
		<text>Yuri Negrobov</text>
	</string>
	<string id="st_network">
		<text>The programmer of the network game</text>
	</string>
	<string id="st_nvidia">
		<text>NVIDIA</text>
	</string>
	<string id="st_omelchuk">
		<text>Alexey Omelchuk</text>
	</string>
	<string id="st_osinski">
		<text>Lukasz Osinski</text>
	</string>
	<string id="st_parphenyuk">
		<text>Mikhail Parfenyuk</text>
	</string>
	<string id="st_pashin">
		<text>Evgeny Pashin</text>
	</string>
	<string id="st_pasichniy">
		<text>Igor Pasichnaya</text>
	</string>
	<string id="st_peas">
		<text>Bartosz Peas</text>
	</string>
	<string id="st_physic">
		<text>Physics programmer</text>
	</string>
	<string id="st_piotrowski">
		<text>Jacek Piotrowski</text>
	</string>
	<string id="st_plichko">
		<text>Alexander Plichko</text>
	</string>
	<string id="st_pr_department">
		<text>PR department</text>
	</string>
	<string id="st_pr_director">
		<text>PR director</text>
	</string>
	<string id="st_pr_manager">
		<text>PR managers</text>
	</string>
	<string id="st_prishepa">
		<text>Sergei Prishchep</text>
	</string>
	<string id="st_producer">
		<text>Producer</text>
	</string>
	<string id="st_project_lead">
		<text>Project Manager</text>
	</string>
	<string id="st_qa_department">
		<text>Testing</text>
	</string>
	<string id="st_ravin">
		<text>Anton Rabbi</text>
	</string>
	<string id="st_rejent">
		<text>Sebastian Reven</text>
	</string>
	<string id="st_rekorajski">
		<text>Mateusz Rekorajski</text>
	</string>
	<string id="st_resiak">
		<text>Filip Resiak</text>
	</string>
	<string id="st_ross">
		<text>Peter Ross</text>
	</string>
	<string id="st_rozin">
		<text>Ivan Rozin</text>
	</string>
	<string id="st_ruminski">
		<text>Lukasz Ruminski</text>
	</string>
	<string id="st_rutkovskiy">
		<text>Denis Rutkovsky</text>
	</string>
	<string id="st_rynkowski">
		<text>Lukasz Rynkowski</text>
	</string>
	<string id="st_sales_department">
		<text>Business development manager</text>
	</string>
	<string id="st_samborowski">
		<text>Piotr Samborowski</text>
	</string>
	<string id="st_shapunova">
		<text>Maria Shapunova</text>
	</string>
	<string id="st_shelest">
		<text>Sergey Shelest</text>
	</string>
	<string id="st_sidorenko">
		<text>Igor Sidorenko</text>
	</string>
	<string id="st_sitkiewicz">
		<text>Mikolaj Sitkiewicz</text>
	</string>
	<string id="st_skripal">
		<text>Yuri Skripal</text>
	</string>
	<string id="st_slipchenko">
		<text>Konstantin Slipchenko</text>
	</string>
	<string id="st_sobotka">
		<text>Tomasz Sobotka</text>
	</string>
	<string id="st_sound_producer">
		<text>Sound mode</text>
	</string>
	<string id="st_special_thanks">
		<text>Separate</text>
	</string>
	<string id="st_special_thanks1">
		<text>Gratitude</text>
	</string>
	<string id="st_stalchuk">
		<text>Oleg Stalchuk</text>
	</string>
	<string id="st_starodub">
		<text>Ludmila Starodub</text>
	</string>
	<string id="st_stavickiy">
		<text>Vladimir Stavitsky</text>
	</string>
	<string id="st_stempien">
		<text>Pawel stamps</text>
	</string>
	<string id="st_strzelczyk">
		<text>Pawel Strzelczyk</text>
	</string>
	<string id="st_stuff">
		<text>The creators of the game</text>
	</string>
	<string id="st_stupicev">
		<text>Konstantin Stupivtsev</text>
	</string>
	<string id="st_support">
		<text>Support Service</text>
	</string>
	<string id="st_support1">
		<text>users</text>
	</string>
	<string id="st_szekalski">
		<text>Rafal Szekalski</text>
	</string>
	<string id="st_szumowski">
		<text>Maciej Szumowski</text>
	</string>
	<string id="st_szwargolinski">
		<text>Marcin Szwargolinski</text>
	</string>
	<string id="st_tereshchyk">
		<text>Vladimir Tereshchuk</text>
	</string>
	<string id="st_terlik">
		<text>Sergey Terluk</text>
	</string>
	<string id="st_textures">
		<text>Textures</text>
	</string>
	<string id="st_thanks">
		<text>As well as everyone who helped us</text>
	</string>
	<string id="st_thanks1">
		<text>Make the game better:</text>
	</string>
	<string id="st_thanks10">
		<text>Konstantin Morozkov</text>
	</string>
	<string id="st_thanks11">
		<text>Yaroslav "Uncle Yar" Alexandrov</text>
	</string>
	<string id="st_thanks12">
		<text>Dmitry "Commander" Ivanov</text>
	</string>
	<string id="st_thanks13">
		<text>Oleg Chernov</text>
	</string>
	<string id="st_thanks14">
		<text>Ig. Valerian (Golovchenko) Aka Oval</text>
	</string>
	<string id="st_thanks15">
		<text>M. Bystrykin</text>
	</string>
	<string id="st_thanks16">
		<text>Eugene "Mulder" Khaletsky</text>
	</string>
	<string id="st_thanks17">
		<text>Pavel "Goon" Bolotov</text>
	</string>
	<string id="st_thanks18">
		<text>Alexander “LEKS” Abramov</text>
	</string>
	<string id="st_thanks19">
		<text>Alexander Novikov</text>
	</string>
	<string id="st_thanks2">
		<text>Alexander Poshtarruk, Andrey Oleshk</text>
	</string>
	<string id="st_thanks20">
		<text>Evgen (Kranz) Goncharenko</text>
	</string>
	<string id="st_thanks21">
		<text>Sergey Two -Zhilny</text>
	</string>
	<string id="st_thanks22">
		<text>Alexey (Don Reba) Badalov</text>
	</string>
	<string id="st_thanks23">
		<text>Sergey Two -Zhilny, Tolusha</text>
	</string>
	<string id="st_thanks24">
		<text>Zuev Artyom AKA BAC9-FLCL</text>
	</string>
	<string id="st_thanks25">
		<text>Glot, patriot, mers</text>
	</string>
	<string id="st_thanks26">
		<text>Tiger, Damisis, Khar, Mobi</text>
	</string>
	<string id="st_thanks3">
		<text>Alexander Oleinik</text>
	</string>
	<string id="st_thanks4">
		<text>Konstantin "Inquisitor" Kryuchkov</text>
	</string>
	<string id="st_thanks5">
		<text>Alexander Shakhovsky, Igor Dolzko</text>
	</string>
	<string id="st_thanks6">
		<text>Sergey "Tour" Leshchenko</text>
	</string>
	<string id="st_thanks7">
		<text>Dmitry "Hill" Gorban</text>
	</string>
	<string id="st_thanks8">
		<text>Mikhail Klyuyev</text>
	</string>
	<string id="st_thanks9">
		<text>Sergei "Termit" Volchanov</text>
	</string>
	<string id="st_tihomirov">
		<text>Sergey Tikhomirov</text>
	</string>
	<string id="st_tolmachev">
		<text>Ilya Tolmachev</text>
	</string>
	<string id="st_trudzik">
		<text>Jakub Trudy</text>
	</string>
	<string id="st_ui_art">
		<text>Interface</text>
	</string>
	<string id="st_uralskiy">
		<text>Yuri Ural</text>
	</string>
	<string id="st_usupov">
		<text>Denis "Tetri $ zz" Yusupov</text>
	</string>
	<string id="st_vander">
		<text>Randyj Vanderheity</text>
	</string>
	<string id="st_vazinskiy">
		<text>Vladimir Vazhinsky</text>
	</string>
	<string id="st_verpahovskiy">
		<text>Andrey Verpakhovsky</text>
	</string>
	<string id="st_vilkov">
		<text>Alexander Vilkov</text>
	</string>
	<string id="st_voskolovich">
		<text>Anastasia Voskolovich</text>
	</string>
	<string id="st_wardziak">
		<text>Andrzej Wardziak</text>
	</string>
	<string id="st_web_programmer">
		<text>Web programmer</text>
	</string>
	<string id="st_wojcik">
		<text>Dominik Wojcik</text>
	</string>
	<string id="st_wtroba">
		<text>Lukasz Watroba</text>
	</string>
	<string id="st_yablon">
		<text>Evgeny Apple tree</text>
	</string>
	<string id="st_yacenko">
		<text>Yuri Yatsenko</text>
	</string>
	<string id="st_yacyk">
		<text>Evgeny Yatsyuk</text>
	</string>
	<string id="st_yavorsky">
		<text>Oleg Yavorsky</text>
	</string>
	<string id="st_yeltyshev">
		<text>Valentin Eltyshev</text>
	</string>
	<string id="st_zaitsev">
		<text>Evgeny Zaitsev</text>
	</string>
	<string id="st_zakolukin">
		<text>Andrey Zakolyukin</text>
	</string>
	<string id="st_zdziarski">
		<text>Marek Zdziarski</text>
	</string>
	<string id="st_zegarski">
		<text>Michal Zegarski</text>
	</string>
	<string id="st_zmudzki">
		<text>Albert Zmudzki</text>
	</string>
	<string id="st_zorin">
		<text>Alexey Zorin</text>
	</string>
	<string id="st_zukowski">
		<text>Bartosz Zukowski</text>
	</string>
	<string id="st_yuhno">
		<text>Victoria "Morrant" Yukhno</text>
	</string>
	<string id="st_kalintsev">
		<text>Sergey "Ion" Kalinsev</text>
	</string>
	<string id="st_kulikov">
		<text>The novel "RVCool" Kulikov</text>
	</string>
	<string id="st_smirnov">
		<text>Maxim Smirnov</text>
	</string>
	<string id="st_alshekhly">
		<text>Omar Al-Shekhly</text>
	</string>
	<string id="st_arhipov">
		<text>Roman = Marauder = Arkhipov</text>
	</string>
</string_table>

<!-- Translation made with Stalker Translation XML TOOL -->
<!-- https://www.moddb.com/mods/stalker-anomaly/addons/stalker-translation-xml-tool-v12-executable-version -->