<?xml version="1.0" encoding="UTF-8" ?>
<string_table>
	<string id="Btn_Cancel">
		<text>Cancel</text>
	</string>
	<string id="Btn_No">
		<text>No</text>
	</string>
	<string id="Btn_OK">
		<text>OK</text>
	</string>
	<string id="Btn_Yes">
		<text>Yes</text>
	</string>
	<string id="bad">
		<text>Badly</text>
	</string>
	<string id="enemy">
		<text>Enemy</text>
	</string>
	<string id="excellent">
		<text>Great</text>
	</string>
	<string id="experienced">
		<text>Experienced</text>
	</string>
	<string id="friendly">
		<text>Other</text>
	</string>
	<string id="global_map">
		<text>Zone map</text>
	</string>
	<string id="good">
		<text>Fine</text>
	</string>
	<string id="indifferent">
		<text>It doesn't matter</text>
	</string>
	<string id="master">
		<text>Master</text>
	</string>
	<string id="mm_mp_pda_hunt">
		<text>Bonus for the PDA</text>
	</string>
	<string id="mp_only_one_voting">
		<text>Only one active vote is allowed</text>
	</string>
	<string id="neutral">
		<text>Neutral</text>
	</string>
	<string id="novice">
		<text>Novic</text>
	</string>
	<string id="st_game">
		<text>A game</text>
	</string>
	<string id="st_item_used">
		<text>Used</text>
	</string>
	<string id="st_level">
		<text>Level</text>
	</string>
	<string id="st_loading_ai_objects">
		<text>Loading and objects</text>
	</string>
	<string id="st_loading_alife_simulator">
		<text>Server: Loading Life Simulation</text>
	</string>
	<string id="st_loading_cform">
		<text>Loading the shape of objects</text>
	</string>
	<string id="st_loading_details">
		<text>Loading detailed objects</text>
	</string>
	<string id="st_loading_geometry">
		<text>Loading geometry</text>
	</string>
	<string id="st_loading_saved_game">
		<text>Loading the game</text>
	</string>
	<string id="st_loading_sectors_portals">
		<text>Loading sectors and portals</text>
	</string>
	<string id="st_loading_shaders">
		<text>Loading shader</text>
	</string>
	<string id="st_loading_spatial_db">
		<text>Loading the database of spaces</text>
	</string>
	<string id="st_loading_textures">
		<text>Texture load</text>
	</string>
	<string id="st_loading_lights">
		<text>Loading lighting</text>
	</string>
	<string id="st_client_connecting_to">
		<text>Client: Connection with</text>
	</string>
	<string id="st_client_spawning">
		<text>Client: Creation</text>
	</string>
	<string id="st_client_synchronising">
		<text>Customer: Synchronization</text>
	</string>
	<string id="st_creating_new_game">
		<text>Creating a new game</text>
	</string>
	<string id="st_mp_direct_ip">
		<text>Direct IP</text>
	</string>
	<string id="st_no_active_task">
		<text>There is no active task</text>
	</string>
	<string id="st_not_enough_money">
		<text>Not enough money</text>
	</string>
	<string id="st_not_enough_money_npc">
		<text>NPC does not have enough money</text>
	</string>
	<string id="st_opening_stream">
		<text>Stream opening</text>
	</string>
	<string id="st_prefetching_objects">
		<text>Caching objects</text>
	</string>
	<string id="st_rubles">
		<text>rubles.</text>
	</string>
	<string id="st_server_connecting">
		<text>Server: SOIDNING</text>
	</string>
	<string id="st_server_starting">
		<text>Server: Start</text>
	</string>
	<string id="st_validating_cdkey">
		<text>Checking the key</text>
	</string>
	<string id="st_video">
		<text>Video</text>
	</string>
	<string id="terrible">
		<text>Terribly</text>
	</string>
	<string id="ui_inv_repair">
		<text>Fix</text>
	</string>
	<string id="ui_st_cant_run_r2">
		<text>You cannot run the second render on your computer</text>
	</string>
	<string id="ui_st_community">
		<text>Group</text>
	</string>
	<string id="ui_st_conn_cdkey_disabled">
		<text>Connection error: Your CD-Key is blocked. Contact the support service.</text>
	</string>
	<string id="ui_st_conn_cdkey_in_use">
		<text>Connection error: such CD-Key is already used</text>
	</string>
	<string id="ui_st_conn_cdkey_invalid">
		<text>Connection error: incorrect CD-Key</text>
	</string>
	<string id="ui_st_conn_invalid_host">
		<text>Connection error: False host</text>
	</string>
	<string id="ui_st_conn_invalid_pass">
		<text>Connection error: wrong password</text>
	</string>
	<string id="ui_st_conn_new_patch">
		<text>A new patch is available. \ n version: %s \ n %s \ n want to download it now?</text>
	</string>
	<string id="ui_st_conn_no_new_patch">
		<text>There are no new patches</text>
	</string>
	<string id="ui_st_conn_rejected_server">
		<text>Connection error: The connection is interrupted by the server</text>
	</string>
	<string id="ui_st_conn_sess_full">
		<text>Connection error: the server is filled</text>
	</string>
	<string id="ui_st_conn_version_differs">
		<text>Connection error: various versions</text>
	</string>
	<string id="ui_st_connecting_to_masterserver">
		<text>Connection with the master server</text>
	</string>
	<string id="ui_st_days">
		<text>DN.</text>
	</string>
	<string id="ui_st_error">
		<text>Error</text>
	</string>
	<string id="ui_st_error_loading">
		<text>Loading error</text>
	</string>
	<string id="ui_st_file_exist_owerwrite_q">
		<text>A file with this name already exists. Rettle?</text>
	</string>
	<string id="ui_st_file_name_is_empty">
		<text>The file name is empty</text>
	</string>
	<string id="ui_st_hours">
		<text>time.</text>
	</string>
	<string id="ui_st_kicked_by_battleye">
		<text>was disconnected by Battleye protection:</text>
	</string>
	<string id="ui_st_kicked_by_server">
		<text>Disconnected. The reason is</text>
	</string>
	<string id="ui_st_leave">
		<text>Leave</text>
	</string>
	<string id="ui_st_load_game_confirm">
		<text>The loading of the game will lead to a loss of disguised data. Would you like to continue?</text>
	</string>
	<string id="ui_st_mins">
		<text>I am.</text>
	</string>
	<string id="ui_st_months">
		<text>month.</text>
	</string>
	<string id="ui_st_opponent_items">
		<text>Backpack</text>
	</string>
	<string id="ui_st_params">
		<text>Parameters</text>
	</string>
	<string id="ui_st_patch_download_error">
		<text>It is impossible to load the patch.</text>
	</string>
	<string id="ui_st_patch_download_success">
		<text>The patch is successfully loaded. Would you like to install?</text>
	</string>
	<string id="ui_st_price">
		<text>Price</text>
	</string>
	<string id="ui_st_rank">
		<text>Rank</text>
	</string>
	<string id="ui_st_relation">
		<text>Attitude</text>
	</string>
	<string id="ui_st_reputation">
		<text>Reputation</text>
	</string>
	<string id="ui_st_secs">
		<text>sec.</text>
	</string>
	<string id="ui_st_select_one_map">
		<text>Please choose at least one card</text>
	</string>
	<string id="ui_st_take_all">
		<text>Take everything</text>
	</string>
	<string id="ui_st_time_remains">
		<text>Left</text>
	</string>
	<string id="ui_st_voting_disabled">
		<text>Voting is disabled</text>
	</string>
	<string id="ui_st_want_to_leave_game_q">
		<text>Do you really want to leave the game?</text>
	</string>
	<string id="ui_total_price">
		<text>All</text>
	</string>
	<string id="very_bad">
		<text>ON. Badly</text>
	</string>
	<string id="very_good">
		<text>ON. Fine</text>
	</string>
	<string id="veteran">
		<text>Veteran</text>
	</string>
	<string id="ui_st_inv_repair">
		<text>Repair</text>
	</string>
	<string id="ui_repair_button_hint">
		<text>Repair the chosen thing</text>
	</string>
	<string id="st_key_notbinded">
		<text>...</text>
	</string>
	<string id="st_save_uni_travel_generic">
		<text>Transition for location</text>
	</string>
	<string id="st_save_uni_travel_zat_to_jup">
		<text>Transition from Zaton to "Yanov"</text>
	</string>
	<string id="st_save_uni_travel_zat_to_pri">
		<text>Transition from Zaton to Pripyat</text>
	</string>
	<string id="st_save_uni_travel_jup_to_zat">
		<text>Transition from Yanov to Zaton</text>
	</string>
	<string id="st_save_uni_travel_jup_to_pri">
		<text>Transition from Yanov to Pripyat</text>
	</string>
	<string id="st_save_uni_travel_pri_to_zat">
		<text>transition from Pripyat to Zaton</text>
	</string>
	<string id="st_save_uni_travel_pri_to_jup">
		<text>Transition from Pripyat to "Yanov"</text>
	</string>
	<string id="st_save_uni_pri_to_labx8">
		<text>transition from Pripyat to X8</text>
	</string>
	<string id="st_save_uni_labx8_to_pri">
		<text>Transition from X8 to Pripyat</text>
	</string>
	<string id="st_save_uni_surge_start">
		<text>Exhaust</text>
	</string>
	<string id="st_save_zat_a1_game_start">
		<text>The beginning of the game</text>
	</string>
	<string id="st_save_zat_a2_reached_skadovsk">
		<text>Arrival at Skadovsk</text>
	</string>
	<string id="st_save_jup_b9_searched_heli_1">
		<text>studied "Skat-1"</text>
	</string>
	<string id="st_save_zat_b100_searched_heli_2">
		<text>studied "SKA-2"</text>
	</string>
	<string id="st_save_zat_b28_searched_heli_3">
		<text>studied "SKA-3"</text>
	</string>
	<string id="st_save_jup_b8_searched_heli_4">
		<text>studied "SKA-4"</text>
	</string>
	<string id="st_save_zat_b101_searched_heli_5">
		<text>studied "SKA-5"</text>
	</string>
	<string id="st_save_zat_b18_noah_showed_teleport">
		<text>The path to the plateau</text>
	</string>
	<string id="st_save_jup_b217_arrived_to_jup">
		<text>Arrival at "Yanov"</text>
	</string>
	<string id="st_save_jup_a9_got_underpass_docs">
		<text>Found the path to Pripyat</text>
	</string>
	<string id="st_save_jup_b15_drunk_with_zulu">
		<text>Zulus joined the detachment</text>
	</string>
	<string id="st_save_jup_a10_gonna_return_debt">
		<text>Dolga Vanvrat</text>
	</string>
	<string id="st_save_jup_b218_vano_in_squad">
		<text>Vano joined the detachment</text>
	</string>
	<string id="st_save_jup_b206_got_anomalous_plant">
		<text>An abnormal plant is taken</text>
	</string>
	<string id="st_save_jup_b218_sokolov_in_squad">
		<text>Sokolov joined the detachment</text>
	</string>
	<string id="st_save_jup_b218_strider_in_squad">
		<text>The tramp joined the detachment</text>
	</string>
	<string id="st_save_jup_b218_travel_jup_to_pas">
		<text>The detachment is assembled</text>
	</string>
	<string id="st_save_pas_b400_underpass_start">
		<text>Arrival in the overpass</text>
	</string>
	<string id="st_save_uni_travel_pas_to_pri">
		<text>output to Pripyat</text>
	</string>
	<string id="st_save_pri_a16_arrived_to_pri">
		<text>The military was found</text>
	</string>
	<string id="st_save_pri_a17_hospital_start">
		<text>The capture of unknown weapons</text>
	</string>
	<string id="st_save_pri_a20_found_dead_recon">
		<text>A reconnaissance group was found</text>
	</string>
	<string id="st_save_pri_a18_met_reinforcement">
		<text>Reinforcement arrived</text>
	</string>
	<string id="st_save_pri_a18_searched_antenna">
		<text>investigated "Antenna"</text>
	</string>
	<string id="st_save_pri_a21_approached_mad_sentry">
		<text>The missing sentry was found</text>
	</string>
	<string id="st_save_pri_a21_killed_controller">
		<text>The controller was killed near the sentry</text>
	</string>
	<string id="st_save_zat_a23_entered_test_center">
		<text>Testing entrance</text>
	</string>
	<string id="st_save_zat_a23_got_gauss_docs">
		<text>Found documentation for Gauss-gun</text>
	</string>
	<string id="st_save_pri_a22_found_dead_squad">
		<text>Found a dead fighter</text>
	</string>
	<string id="st_save_pri_a25_gonna_place_explosive">
		<text>kindergarten entrance</text>
	</string>
	<string id="st_save_pri_a25_freed_medic">
		<text>A military physician is saved</text>
	</string>
	<string id="st_save_pri_a28_talked_with_ssu">
		<text>a connection with the command has been established</text>
	</string>
	<string id="st_save_pri_a28_evacutaion_start">
		<text>The beginning of evacuation from Pripyat</text>
	</string>
	<string id="st_save_pri_a28_evacuation_end">
		<text>Helicopters of evacuation have been achieved</text>
	</string>
	<string id="st_save_uni_zone_to_reality">
		<text>Leaving the zone</text>
	</string>
	<string id="st_save_jup_b209_placed_mutant_scanner">
		<text>The sensor of the presence of mutants</text>
	</string>
	<string id="st_save_jup_a12_gave_artefact_for_hostage">
		<text>Redeminate hostage</text>
	</string>
	<string id="st_save_jup_a12_met_with_liberators">
		<text>The release of the hostage</text>
	</string>
	<string id="st_save_jup_b6_arrived_to_ash_heap">
		<text>Measurements of anomalies "Pepelishche"</text>
	</string>
	<string id="st_save_jup_b6_arrived_to_fen">
		<text>Measurements of the anomalies "Flavni"</text>
	</string>
	<string id="st_save_zat_b38_met_with_grouse">
		<text>Line of bloodsuckers</text>
	</string>
	<string id="st_save_jup_b19_arrived_to_kopachy">
		<text>Sending to digging</text>
	</string>
	<string id="st_save_zat_b40_warned_by_mercs">
		<text>approach to waste processing station</text>
	</string>
	<string id="st_save_zat_b7_met_with_robbers">
		<text>Council on stalkers</text>
	</string>
	<string id="st_save_zat_b33_got_container">
		<text>found container in a cache</text>
	</string>
	<string id="st_save_zat_b106_arrived_to_chimera_lair">
		<text>Hunting on the Chimères</text>
	</string>
	<string id="st_save_jup_b16_passed_labyrinth">
		<text>Foren</text>
	</string>
	<string id="st_save_pri_b35_ready_to_snipe">
		<text>The beginning of the operation "One shot"</text>
	</string>
	<string id="st_save_jup_b1_entered_railroad_tunnel">
		<text>Search for a source of psi radiation</text>
	</string>
	<string id="st_save_jup_b47_got_admin_docs">
		<text>Administrative documents</text>
	</string>
	<string id="st_save_zat_b103_warned_by_mercs">
		<text>approach to substation workshops</text>
	</string>
	<string id="st_save_zat_b5_met_with_others">
		<text>The deal near the forestry</text>
	</string>
	<string id="st_save_jup_b207_arrived_to_duty_depot">
		<text>Debt warehouse</text>
	</string>
	<string id="st_save_zat_b14_got_altered_wheel">
		<text>Found a source of strange glow</text>
	</string>
	<string id="st_save_pri_b301_arrived_to_help_zulu">
		<text>found Zulus</text>
	</string>
	<string id="st_save_zat_b42_arrived_to_controler_lair">
		<text>Dangerous cave</text>
	</string>
	<string id="ui_st_upgrade">
		<text>Repair/modification</text>
	</string>
	<string id="ui_st_buy">
		<text>Buy</text>
	</string>
	<string id="ui_st_sell">
		<text>Sell</text>
	</string>
	<string id="ui_st_trade">
		<text>Trade</text>
	</string>
	<string id="ui_st_exit_hint">
		<text>Close the window ($ $ Action_use $ $)</text>
	</string>
	<string id="ui_st_trade_hint">
		<text>Open a trade window ($ Action_Sprint_TOGGLE $ $)</text>
	</string>
	<string id="ui_st_upgrade_hint">
		<text>Open a repair and modification window ($ dollar Action_Sprint_toggle $ $)</text>
	</string>
	<string id="ui_st_take_all_hint">
		<text>Move all things to your backpack ($ dollar Action_Sprint_TOGGLE $ $)</text>
	</string>
	<string id="ui_st_buy_hint">
		<text>Buy selected things</text>
	</string>
	<string id="ui_st_sell_hint">
		<text>Sell ​​the selected things</text>
	</string>
	<string id="st_save_pri_a28_evacuation_heli">
		<text>The departure of the helicopter evacuation</text>
	</string>
</string_table>

<!-- Translation made with Stalker Translation XML TOOL -->
<!-- https://www.moddb.com/mods/stalker-anomaly/addons/stalker-translation-xml-tool-v12-executable-version -->