<?xml version="1.0" encoding="UTF-8" ?>
<string_table>
	<string id="pda_btn_skills">
		<text>Skills</text>
	</string>
	<string id="pda_btn_skills_hint">
		<text>Open the skills menu</text>
	</string>
	<string id="st_skills_points">
		<text>Skills points:</text>
	</string>
	<string id="st_survival_name">
		<text>Survival</text>
	</string>
	<string id="st_survival_descr">
		<text>Survival skill affects the rate of removal of radiation, health restoration, wound healing, appetite, thirst and intoxication.</text>
	</string>
	<string id="st_survival_lvl">
		<text>Survival:</text>
	</string>
	<string id="st_power_name">
		<text>Force</text>
	</string>
	<string id="st_power_descr">
		<text>Strength gives an increase in tolerated weight and dropping from cold weapons, and also increases the height of the jump and speed of movement.</text>
	</string>
	<string id="st_power_lvl">
		<text>Power:</text>
	</string>
	<string id="st_repair_name">
		<text>Repair</text>
	</string>
	<string id="st_repair_descr">
		<text>The repair skill allows you to independently repair your equipment. With each level of skill, the repair quality increases.</text>
	</string>
	<string id="st_repair_lvl">
		<text>Repair:</text>
	</string>
	<string id="st_endurance_name">
		<text>Endurance</text>
	</string>
	<string id="st_endurance_descr">
		<text>The endurance skill helps to get tired less and affects drowsiness.</text>
	</string>
	<string id="st_endurance_lvl">
		<text>Endurance:</text>
	</string>
	<string id="st_buy">
		<text>To study</text>
	</string>
	<string id="st_buy_survival_descr">
		<text>To study the new level of skill "Survival".</text>
	</string>
	<string id="st_buy_power_descr">
		<text>To study the new level of the Speech Skill.</text>
	</string>
	<string id="st_buy_repair_descr">
		<text>To study the new level of skill "Repair".</text>
	</string>
	<string id="st_buy_endurance_descr">
		<text>To study the new level of endurance skill.</text>
	</string>
</string_table>

<!-- Translation made with Stalker Translation XML TOOL -->
<!-- https://www.moddb.com/mods/stalker-anomaly/addons/stalker-translation-xml-tool-v12-executable-version -->