<?xml version="1.0" encoding="UTF-8" ?>
<string_table>
	<string id="kb_active_jobs">
		<text>CCP</text>
	</string>
	<string id="kb_alife_command">
		<text>Order to attack</text>
	</string>
	<string id="kb_always_run">
		<text>Step</text>
	</string>
	<string id="kb_artefact">
		<text>Artifact</text>
	</string>
	<string id="kb_backward">
		<text>Back</text>
	</string>
	<string id="kb_binoculars">
		<text>Binoculars</text>
	</string>
	<string id="kb_buy_menu">
		<text>The purchase menu</text>
	</string>
	<string id="kb_chat">
		<text>Cite chat</text>
	</string>
	<string id="kb_chat_team">
		<text>Team chat</text>
	</string>
	<string id="kb_console">
		<text>Console</text>
	</string>
	<string id="kb_contacts">
		<text>Contacts to the PDA</text>
	</string>
	<string id="kb_crouch">
		<text>Sit down</text>
	</string>
	<string id="kb_crouch_toggle">
		<text>Constantly crouching</text>
	</string>
	<string id="kb_detector">
		<text>Detector</text>
	</string>
	<string id="kb_down">
		<text>Down</text>
	</string>
	<string id="kb_drop">
		<text>Put</text>
	</string>
	<string id="kb_fire">
		<text>Fire</text>
	</string>
	<string id="kb_firemode_next">
		<text>Shooting mode trace.</text>
	</string>
	<string id="kb_firemode_prev">
		<text>Shooting mode before.</text>
	</string>
	<string id="kb_forward">
		<text>Forward</text>
	</string>
	<string id="kb_func">
		<text>Lodger</text>
	</string>
	<string id="kb_grp_common">
		<text>General</text>
	</string>
	<string id="kb_grp_direction">
		<text>Direction</text>
	</string>
	<string id="kb_grp_inventory">
		<text>Backpack</text>
	</string>
	<string id="kb_grp_movement">
		<text>Movement</text>
	</string>
	<string id="kb_grp_multiplayer">
		<text>Network game</text>
	</string>
	<string id="kb_grp_weapons">
		<text>Weapon</text>
	</string>
	<string id="kb_inventory">
		<text>Backpack</text>
	</string>
	<string id="kb_jump">
		<text>Bounce</text>
	</string>
	<string id="kb_left">
		<text>To the left</text>
	</string>
	<string id="kb_left_lookout">
		<text>Look to the left</text>
	</string>
	<string id="kb_left_strafe">
		<text>Step to the left</text>
	</string>
	<string id="kb_map">
		<text>Map in the PDA</text>
	</string>
	<string id="kb_next_slot">
		<text>Weapon from the next slot</text>
	</string>
	<string id="kb_night_vision">
		<text>Night vision device</text>
	</string>
	<string id="kb_pause">
		<text>Pause</text>
	</string>
	<string id="kb_pda">
		<text>CCP</text>
	</string>
	<string id="kb_prev_slot">
		<text>The weapon from the previous slot</text>
	</string>
	<string id="kb_quit">
		<text>Exit</text>
	</string>
	<string id="kb_reload">
		<text>Return</text>
	</string>
	<string id="kb_repair">
		<text>Fix</text>
	</string>
	<string id="kb_right">
		<text>To the right</text>
	</string>
	<string id="kb_right_lookout">
		<text>Look to the right</text>
	</string>
	<string id="kb_right_strafe">
		<text>Step to the right</text>
	</string>
	<string id="kb_scores">
		<text>Glasses</text>
	</string>
	<string id="kb_screenshot">
		<text>Screenshot</text>
	</string>
	<string id="kb_skin_menu">
		<text>Model selection menu</text>
	</string>
	<string id="kb_sprint">
		<text>Run</text>
	</string>
	<string id="kb_team_menu">
		<text>The menu for choosing a team</text>
	</string>
	<string id="kb_torch">
		<text>Flashlight</text>
	</string>
	<string id="kb_turn_engine">
		<text>Bring the engine</text>
	</string>
	<string id="kb_switch_horn">
		<text>Getting</text>
	</string>
	<string id="kb_up">
		<text>Up</text>
	</string>
	<string id="kb_use">
		<text>Use</text>
	</string>
	<string id="kb_use_bandage">
		<text>Quickly. Using a bandage</text>
	</string>
	<string id="kb_use_medkit">
		<text>Quickly. Using a first -aid kit</text>
	</string>
	<string id="kb_vote_begin">
		<text>Start voting</text>
	</string>
	<string id="kb_vote_menu">
		<text>Vote</text>
	</string>
	<string id="kb_vote_no">
		<text>Vote "no"</text>
	</string>
	<string id="kb_vote_yes">
		<text>Vote "yes"</text>
	</string>
	<string id="kb_weapon1">
		<text>Weapon 1</text>
	</string>
	<string id="kb_weapon2">
		<text>Weapons 2</text>
	</string>
	<string id="kb_weapon3">
		<text>Weapons 3</text>
	</string>
	<string id="kb_weapon4">
		<text>Weapons 4</text>
	</string>
	<string id="kb_weapon5">
		<text>Weapons 5</text>
	</string>
	<string id="kb_weapon6">
		<text>Weapons 6</text>
	</string>
	<string id="kb_wpn_next">
		<text>Change the type of cartridges</text>
	</string>
	<string id="kb_wpn_prev">
		<text>Previous weapons of this type</text>
	</string>
	<string id="kb_zoom">
		<text>Bring closer</text>
	</string>
	<string id="speech_menu_group">
		<text>Voice messages (1)</text>
	</string>
	<string id="kb_quick_use_1">
		<text>Fast access cell 1</text>
	</string>
	<string id="kb_quick_use_2">
		<text>Fast access cell 2</text>
	</string>
	<string id="kb_quick_use_3">
		<text>Fast access cell 3</text>
	</string>
	<string id="kb_quick_use_4">
		<text>Fast access cell 4</text>
	</string>
	<string id="kb_laser_on">
		<text>Lcu</text>
	</string>
	<string id="kb_flashlight_on">
		<text>Tactical flashlight</text>
	</string>
	<string id="kb_clean_mask">
		<text>Wipe the mask</text>
	</string>
	<string id="kb_wpn_alt_aim">
		<text>Aiming mode</text>
	</string>
	<string id="kb_quick_kick">
		<text>Quick blow</text>
	</string>
	<string id="kb_quick_grenade">
		<text>A quick throw of a grenade</text>
	</string>
</string_table>

<!-- Translation made with Stalker Translation XML TOOL -->
<!-- https://www.moddb.com/mods/stalker-anomaly/addons/stalker-translation-xml-tool-v12-executable-version -->