<?xml version="1.0" encoding="UTF-8" ?>
<string_table>
	<string id="Clear">
		<text>Clear</text>
	</string>
	<string id="Cloudy">
		<text>Cloudy</text>
	</string>
	<string id="Default">
		<text>Medium</text>
	</string>
	<string id="Extreme">
		<text>Maximum</text>
	</string>
	<string id="High">
		<text>Tall</text>
	</string>
	<string id="Low">
		<text>low</text>
	</string>
	<string id="Minimum">
		<text>Minimum</text>
	</string>
	<string id="Night">
		<text>Night</text>
	</string>
	<string id="Rain">
		<text>Rain</text>
	</string>
	<string id="game type">
		<text>Type of game</text>
	</string>
	<string id="gd_master">
		<text>master</text>
	</string>
	<string id="gd_novice">
		<text>Novic</text>
	</string>
	<string id="gd_veteran">
		<text>veteran</text>
	</string>
	<string id="icon">
		<text>Icons</text>
	</string>
	<string id="map">
		<text>MAP</text>
	</string>
	<string id="mm_mp_actret_time">
		<text>Return with activation</text>
	</string>
	<string id="mm_mp_allowvoting">
		<text>Allow voting</text>
	</string>
	<string id="mm_mp_anomalytime">
		<text>Anomaly time (min.)</text>
	</string>
	<string id="mm_mp_artefactcapture">
		<text>The capture of the artifact</text>
	</string>
	<string id="mm_mp_artefdelay">
		<text>The delay of the artifact</text>
	</string>
	<string id="mm_mp_artefnum">
		<text>Sum of artifacts</text>
	</string>
	<string id="mm_mp_artefstay">
		<text>The time of the artifact</text>
	</string>
	<string id="mm_mp_artret_time">
		<text>Return of the artifact</text>
	</string>
	<string id="mm_mp_autoteambalance">
		<text>Autobalals command</text>
	</string>
	<string id="mm_mp_autoteamswap">
		<text>Automobile teams</text>
	</string>
	<string id="mm_mp_avail_maps">
		<text>Available cards</text>
	</string>
	<string id="mm_mp_cancel">
		<text>Cancellation</text>
	</string>
	<string id="mm_mp_cd_key">
		<text>CD-key</text>
	</string>
	<string id="mm_mp_check_cdkey">
		<text>Check CD-Key</text>
	</string>
	<string id="mm_mp_client">
		<text>Client</text>
	</string>
	<string id="mm_mp_create">
		<text>Create</text>
	</string>
	<string id="mm_mp_damageblock">
		<text>Invulnerability (sec.)</text>
	</string>
	<string id="mm_mp_damageblockindicator">
		<text>Invulneity</text>
	</string>
	<string id="mm_mp_deaths">
		<text>Death</text>
	</string>
	<string id="mm_mp_dedicated">
		<text>Dedicated</text>
	</string>
	<string id="mm_mp_demo_play_list">
		<text>List of demo rolics</text>
	</string>
	<string id="mm_mp_demo_play_players_stats">
		<text>Statistics of players</text>
	</string>
	<string id="mm_mp_demosave">
		<text>Write down demos</text>
	</string>
	<string id="mm_mp_demosave_options">
		<text>Record of the demo rolics</text>
	</string>
	<string id="mm_mp_empty">
		<text>Empty</text>
	</string>
	<string id="mm_mp_filters">
		<text>Filters</text>
	</string>
	<string id="mm_mp_forcerespawn">
		<text>Birth (sec.)</text>
	</string>
	<string id="mm_mp_fraglimit">
		<text>The Limit of Frags</text>
	</string>
	<string id="mm_mp_frags">
		<text>Flagi</text>
	</string>
	<string id="mm_mp_freezetime">
		<text>Delay time</text>
	</string>
	<string id="mm_mp_friendlyfire">
		<text>Ally fire (K.)</text>
	</string>
	<string id="mm_mp_friendlyindicators">
		<text>Indicators of allies</text>
	</string>
	<string id="mm_mp_friendlynames">
		<text>The names of friends</text>
	</string>
	<string id="mm_mp_full">
		<text>Full</text>
	</string>
	<string id="mm_mp_gamemode">
		<text>Mode</text>
	</string>
	<string id="mm_mp_host_port">
		<text>IP/host: port</text>
	</string>
	<string id="mm_mp_internet">
		<text>Internet</text>
	</string>
	<string id="mm_mp_join">
		<text>Connect</text>
	</string>
	<string id="mm_mp_lan">
		<text>Local network</text>
	</string>
	<string id="mm_mp_listenservers">
		<text>Not allocated</text>
	</string>
	<string id="mm_mp_load_demo">
		<text>Reproduce</text>
	</string>
	<string id="mm_mp_mapratation">
		<text>List of cards</text>
	</string>
	<string id="mm_mp_maxplayers">
		<text>Max. players</text>
	</string>
	<string id="mm_mp_network_connection">
		<text>Network connection</text>
	</string>
	<string id="mm_mp_noanomalies">
		<text>Without anomalies</text>
	</string>
	<string id="mm_mp_options">
		<text>Options</text>
	</string>
	<string id="mm_mp_password">
		<text>Password</text>
	</string>
	<string id="mm_mp_player_name">
		<text>Player's name:</text>
	</string>
	<string id="mm_mp_players">
		<text>Players</text>
	</string>
	<string id="mm_mp_players_count">
		<text>The number of players</text>
	</string>
	<string id="mm_mp_publicserver">
		<text>Internet server</text>
	</string>
	<string id="mm_mp_quickrefresh">
		<text>Update one</text>
	</string>
	<string id="mm_mp_rateofchange">
		<text>Coeff. changes</text>
	</string>
	<string id="mm_mp_refresh">
		<text>Update everything</text>
	</string>
	<string id="mm_mp_reinforcement">
		<text>Reinforcement (sec.)</text>
	</string>
	<string id="mm_mp_respawnoptions">
		<text>Options of birth</text>
	</string>
	<string id="mm_mp_sel_maps">
		<text>Selected cards</text>
	</string>
	<string id="mm_mp_server">
		<text>Server</text>
	</string>
	<string id="mm_mp_server_list">
		<text>List of servers</text>
	</string>
	<string id="mm_mp_server_prop">
		<text>Server properties</text>
	</string>
	<string id="mm_mp_serverinfo">
		<text>Server info</text>
	</string>
	<string id="mm_mp_serverlist">
		<text>Server</text>
	</string>
	<string id="mm_mp_servername">
		<text>The name of the server</text>
	</string>
	<string id="mm_mp_serversettings">
		<text>Server settings</text>
	</string>
	<string id="mm_mp_spectator">
		<text>Observer</text>
	</string>
	<string id="mm_mp_spectator_firsteye">
		<text>From the first person</text>
	</string>
	<string id="mm_mp_spectator_freefly">
		<text>Free flight</text>
	</string>
	<string id="mm_mp_spectator_freelook">
		<text>Free-tied</text>
	</string>
	<string id="mm_mp_spectator_lookat">
		<text>From a third party</text>
	</string>
	<string id="mm_mp_spectator_options">
		<text>Observer settings</text>
	</string>
	<string id="mm_mp_spectator_teamonly">
		<text>Only for the team</text>
	</string>
	<string id="mm_mp_startweather">
		<text>Weather</text>
	</string>
	<string id="mm_mp_team_stats">
		<text>check</text>
	</string>
	<string id="mm_mp_timelimit">
		<text>Time limit (min.)</text>
	</string>
	<string id="mm_mp_warmuptime">
		<text>Heating (sec.)</text>
	</string>
	<string id="mm_mp_weatheroptions">
		<text>Weather options</text>
	</string>
	<string id="mm_mp_withoutfriendlyfire">
		<text>Without fire</text>
	</string>
	<string id="mm_mp_withoutpassword">
		<text>Without a password</text>
	</string>
	<string id="mm_mp_withoutpunkbuster">
		<text>Без Punk Buster</text>
	</string>
	<string id="mm_mp_withpassword">
		<text>With a password</text>
	</string>
	<string id="mm_offline_mode">
		<text>Local network</text>
	</string>
	<string id="mm_online_mode">
		<text>Internet</text>
	</string>
	<string id="mp_agroprom">
		<text>Plant "Agroprom"</text>
	</string>
	<string id="mp_atp">
		<text>ATP</text>
	</string>
	<string id="mp_bath">
		<text>Pool</text>
	</string>
	<string id="mp_change_unick_success">
		<text>Successful change in unique nickname!</text>
	</string>
	<string id="mp_darkvalley">
		<text>Dark Valley</text>
	</string>
	<string id="mp_factory">
		<text>Factory "Amber"</text>
	</string>
	<string id="mp_gamespy_atlas_error">
		<text>Error connection with statistics server</text>
	</string>
	<string id="mp_gamespy_ws_login_error">
		<text>Error connection with the login server</text>
	</string>
	<string id="mp_login_success">
		<text>You have successfully authorized</text>
	</string>
	<string id="mp_lost_village">
		<text>An abandoned village</text>
	</string>
	<string id="mp_military_1">
		<text>Military warehouses</text>
	</string>
	<string id="mp_nick_name_not_valid">
		<text>The wrong name</text>
	</string>
	<string id="mp_pool">
		<text>Pool</text>
	</string>
	<string id="mp_railroad">
		<text>Railway station</text>
	</string>
	<string id="mp_rostok">
		<text>Rostock factory</text>
	</string>
	<string id="mp_unique_nick_not_valid">
		<text>The wrong unique nickname</text>
	</string>
	<string id="mp_want_to_delete_demo">
		<text>You really want to delete</text>
	</string>
	<string id="mp_workshop">
		<text>An abandoned factory</text>
	</string>
	<string id="ping">
		<text>Ping</text>
	</string>
	<string id="players">
		<text>Players</text>
	</string>
	<string id="renderer_r1">
		<text>Static lighting</text>
	</string>
	<string id="renderer_r2">
		<text>Complete dynamic lighting</text>
	</string>
	<string id="renderer_r2.5">
		<text>Improved full lighting</text>
	</string>
	<string id="renderer_r2a">
		<text>Dean. Lighting objects</text>
	</string>
	<string id="renderer_r3">
		<text>St. Complete lighting (dx10)</text>
	</string>
	<string id="server name">
		<text>The name of the server</text>
	</string>
	<string id="st_artefacthunt">
		<text>Artifact hunting</text>
	</string>
	<string id="st_capture_the_artefact">
		<text>The capture of the artifact</text>
	</string>
	<string id="st_deathmatch">
		<text>All against all</text>
	</string>
	<string id="st_mp_gsfilter">
		<text>Filter:</text>
	</string>
	<string id="st_opt_high">
		<text>high</text>
	</string>
	<string id="st_opt_low">
		<text>low</text>
	</string>
	<string id="st_opt_medium">
		<text>medium</text>
	</string>
	<string id="st_opt_off">
		<text>Disconnected</text>
	</string>
	<string id="st_rank_experienced">
		<text>experienced</text>
	</string>
	<string id="st_rank_legend">
		<text>The legendary stalker</text>
	</string>
	<string id="st_rank_novice">
		<text>Novic</text>
	</string>
	<string id="st_rank_professional">
		<text>professional</text>
	</string>
	<string id="st_rank_veteran">
		<text>veteran</text>
	</string>
	<string id="st_team_deathmatch">
		<text>The team is against the team</text>
	</string>
	<string id="ui_mm_60_hz">
		<text>Frequency 60Hz</text>
	</string>
	<string id="ui_mm_action">
		<text>Action</text>
	</string>
	<string id="ui_mm_advanced">
		<text>Extended</text>
	</string>
	<string id="ui_mm_alternative">
		<text>Alternative</text>
	</string>
	<string id="ui_mm_anisotropic">
		<text>Filtering of textures</text>
	</string>
	<string id="ui_mm_apply">
		<text>Apply</text>
	</string>
	<string id="ui_mm_back">
		<text>Back</text>
	</string>
	<string id="ui_mm_blood">
		<text>Blood</text>
	</string>
	<string id="ui_mm_brightness">
		<text>Brightness</text>
	</string>
	<string id="ui_mm_cancel">
		<text>Cancellation</text>
	</string>
	<string id="ui_mm_check_updates">
		<text>Updates</text>
	</string>
	<string id="ui_mm_contrast">
		<text>Contrast</text>
	</string>
	<string id="ui_mm_controls">
		<text>Management</text>
	</string>
	<string id="ui_mm_credits">
		<text>Titras</text>
	</string>
	<string id="ui_mm_crosshair_distance">
		<text>Distance</text>
	</string>
	<string id="ui_mm_default">
		<text>at default</text>
	</string>
	<string id="ui_mm_delete">
		<text>Delete</text>
	</string>
	<string id="ui_mm_delete_existing_file_q">
		<text>Do you really want to delete the file?</text>
	</string>
	<string id="ui_mm_detail_density">
		<text>The density of the grass</text>
	</string>
	<string id="ui_mm_difficulty">
		<text>Complexity</text>
	</string>
	<string id="ui_mm_disconnect">
		<text>Disconnect</text>
	</string>
	<string id="ui_mm_disconnect_message">
		<text>Do you really want to disconnect?</text>
	</string>
	<string id="ui_mm_dof">
		<text>The depth of sharpness</text>
	</string>
	<string id="ui_mm_dyn_crosshair">
		<text>Dynamic sight</text>
	</string>
	<string id="ui_mm_dynamic_music">
		<text>Dynamic music</text>
	</string>
	<string id="ui_mm_eax">
		<text>EFX</text>
	</string>
	<string id="ui_mm_fullscreen">
		<text>Full screen</text>
	</string>
	<string id="ui_mm_gameplay">
		<text>A game</text>
	</string>
	<string id="ui_mm_gamma">
		<text>Gamma</text>
	</string>
	<string id="ui_mm_geometry_lod">
		<text>Detailization of objects</text>
	</string>
	<string id="ui_mm_invert_mouse">
		<text>Invert the mouse</text>
	</string>
	<string id="ui_mm_key">
		<text>Button</text>
	</string>
	<string id="ui_mm_keyboard_setup">
		<text>Keyboard setting up</text>
	</string>
	<string id="ui_mm_last_save">
		<text>Out. Preservation</text>
	</string>
	<string id="ui_mm_light_distance">
		<text>Lighting range</text>
	</string>
	<string id="ui_mm_load">
		<text>Download</text>
	</string>
	<string id="ui_mm_load_game">
		<text>Download the game</text>
	</string>
	<string id="ui_mm_logout">
		<text>Get out of the profile</text>
	</string>
	<string id="ui_mm_master">
		<text>Master</text>
	</string>
	<string id="ui_mm_master_volume">
		<text>Volume</text>
	</string>
	<string id="ui_mm_mouse_sense">
		<text>Mouse sensitivity</text>
	</string>
	<string id="ui_mm_msaa_alphatest">
		<text>Smooth a-test objects</text>
	</string>
	<string id="ui_mm_msaa_opt">
		<text>Optimize smoothing</text>
	</string>
	<string id="ui_mm_multiplayer">
		<text>Network game</text>
	</string>
	<string id="ui_mm_multiplayer_n">
		<text>Network game</text>
	</string>
	<string id="ui_mm_music_volume">
		<text>The volume of music</text>
	</string>
	<string id="ui_mm_need_restart">
		<text>Changes will come into force only after rebooting the game</text>
	</string>
	<string id="ui_mm_network_game">
		<text>Network game</text>
	</string>
	<string id="ui_mm_newgame">
		<text>New game</text>
	</string>
	<string id="ui_mm_novice">
		<text>Novic</text>
	</string>
	<string id="ui_mm_npc_torch">
		<text>Light of NPC flashlights</text>
	</string>
	<string id="ui_mm_options">
		<text>Options</text>
	</string>
	<string id="ui_mm_options_n">
		<text>Options</text>
	</string>
	<string id="ui_mm_particles_distance">
		<text>The range of particles</text>
	</string>
	<string id="ui_mm_quality_presets">
		<text>Quality installations</text>
	</string>
	<string id="ui_mm_quit2windows">
		<text>Go to Windows</text>
	</string>
	<string id="ui_mm_quit_game">
		<text>Complete the game</text>
	</string>
	<string id="ui_mm_quit_game_message">
		<text>Do you really want to leave the game?</text>
	</string>
	<string id="ui_mm_quit_windows_message">
		<text>Do you really want to go to Windows?</text>
	</string>
	<string id="ui_mm_r2_detail_bump">
		<text>Detailed relief</text>
	</string>
	<string id="ui_mm_r2_steep_parallax">
		<text>Steep parallax</text>
	</string>
	<string id="ui_mm_r2_sun">
		<text>The shadow from the sun</text>
	</string>
	<string id="ui_mm_r2_sun_details">
		<text>Shadow of grass</text>
	</string>
	<string id="ui_mm_r2_sun_quality">
		<text>The quality of the sun</text>
	</string>
	<string id="ui_mm_r3_DX10_1">
		<text>Use DX10.1</text>
	</string>
	<string id="ui_mm_r3_MSAA">
		<text>Full -scribbled smoothing</text>
	</string>
	<string id="ui_mm_r3_dynamic_wet_surfaces">
		<text>Getting wet of the planes</text>
	</string>
	<string id="ui_mm_r3_gbuffer_opt">
		<text>Optimize the geometer. buffer</text>
	</string>
	<string id="ui_mm_r3_volumetric_smoke">
		<text>Volumetric smoke</text>
	</string>
	<string id="ui_mm_render_2">
		<text>Render-2</text>
	</string>
	<string id="ui_mm_renderer">
		<text>Render type</text>
	</string>
	<string id="ui_mm_resolution">
		<text>Permission</text>
	</string>
	<string id="ui_mm_return_game">
		<text>Return to the game</text>
	</string>
	<string id="ui_mm_save">
		<text>Save</text>
	</string>
	<string id="ui_mm_save_game">
		<text>Save the game</text>
	</string>
	<string id="ui_mm_show_crosshair">
		<text>Show the sight</text>
	</string>
	<string id="ui_mm_show_weapon">
		<text>Show weapons</text>
	</string>
	<string id="ui_mm_simply">
		<text>Basic</text>
	</string>
	<string id="ui_mm_snd_device">
		<text>Sound device</text>
	</string>
	<string id="ui_mm_soft_particles">
		<text>Soft particles</text>
	</string>
	<string id="ui_mm_soft_water">
		<text>Soft water</text>
	</string>
	<string id="ui_mm_sound">
		<text>Sound</text>
	</string>
	<string id="ui_mm_sound_quality">
		<text>Sound quality</text>
	</string>
	<string id="ui_mm_stalker">
		<text>Stalker</text>
	</string>
	<string id="ui_mm_sun_quality">
		<text>The quality of the shadows</text>
	</string>
	<string id="ui_mm_sun_shafts">
		<text>Sunny rays</text>
	</string>
	<string id="ui_mm_supersample">
		<text>Smoothing</text>
	</string>
	<string id="ui_mm_switch_torch">
		<text>The use of AI flashlights</text>
	</string>
	<string id="ui_mm_texture_quality">
		<text>The quality of the textures</text>
	</string>
	<string id="ui_mm_tips">
		<text>NPC recognition</text>
	</string>
	<string id="ui_mm_veteran">
		<text>Veteran</text>
	</string>
	<string id="ui_mm_video">
		<text>Video</text>
	</string>
	<string id="ui_mm_vis_distance">
		<text>Visibility range</text>
	</string>
	<string id="ui_mm_volumetric_light">
		<text>Volumetric light</text>
	</string>
	<string id="ui_mm_vsync">
		<text>Vert. synchronization</text>
	</string>
	<string id="ui_mp_gamespy_changing_unique_nick">
		<text>Changing the unique name ...</text>
	</string>
	<string id="ui_mp_gamespy_email_already_exist">
		<text>Such an e-mail is already used</text>
	</string>
	<string id="ui_mp_internet">
		<text>On the internet</text>
	</string>
	<string id="ui_mp_localnet">
		<text>In the local network</text>
	</string>
	<string id="ui_st_backstabks_in_row">
		<text>With a knife in the back</text>
	</string>
	<string id="ui_st_bleed_kills_in_row">
		<text>from blood loss</text>
	</string>
	<string id="ui_st_explosive_kills_in_row">
		<text>explosion</text>
	</string>
	<string id="ui_st_eye_kills_in_row">
		<text>In the eye</text>
	</string>
	<string id="ui_st_headshots_in_row">
		<text>in the head</text>
	</string>
	<string id="ui_st_invalid_saved_game">
		<text>The version of the saved file does not coincide with the version of the game</text>
	</string>
	<string id="ui_st_kills_in_row">
		<text>murders in a row</text>
	</string>
	<string id="ui_st_knife_kills_in_row">
		<text>With a knife</text>
	</string>
	<string id="ui_st_last_set">
		<text>Out. kit</text>
	</string>
	<string id="ui_st_mp_local_network_login_page">
		<text>Entrance to the network game</text>
	</string>
	<string id="ui_st_mp_nickname">
		<text>Name</text>
	</string>
	<string id="ui_st_mp_try_change">
		<text>Change</text>
	</string>
	<string id="ui_st_preset1">
		<text>Set 1</text>
	</string>
	<string id="ui_st_preset2">
		<text>Set 2</text>
	</string>
	<string id="ui_st_preset3">
		<text>Set 3</text>
	</string>
	<string id="ui_st_reset">
		<text>Reset</text>
	</string>
	<string id="ui_st_sell_all">
		<text>Sell ​​everything</text>
	</string>
	<string id="version">
		<text>Version</text>
	</string>
	<string id="mp_pripyat">
		<text>Pripyat</text>
	</string>
	<string id="ui_mm_crouch_toggle">
		<text>Sitting/getting up</text>
	</string>
	<string id="ui_mm_important_save">
		<text>Автосохрание</text>
	</string>
	<string id="ui_mm_r1_detail_textures">
		<text>Detailed textures</text>
	</string>
	<string id="mm_mp_demo">
		<text>Videos</text>
	</string>
	<string id="ui_st_mp_login">
		<text>Enter</text>
	</string>
	<string id="ui_st_mp_logout">
		<text>Go out</text>
	</string>
	<string id="ui_st_mp_create">
		<text>Create</text>
	</string>
	<string id="mp_gp_unknown_email_or_bad_password">
		<text>Inappropriate e-mail or password</text>
	</string>
	<string id="mp_gp_parameter_error">
		<text>Inappropriate profile</text>
	</string>
	<string id="mp_gp_network_error">
		<text>Connection error</text>
	</string>
	<string id="mp_gp_server_error">
		<text>The server is temporarily unavailable</text>
	</string>
	<string id="mp_gp_unknown_error_2">
		<text>You need to enter the profile</text>
	</string>
	<string id="mp_gp_unknown_error_6">
		<text>Connection error</text>
	</string>
	<string id="mp_gp_unknown_error_7">
		<text>Connection error</text>
	</string>
	<string id="mp_gp_unknown_error_8">
		<text>Connection error</text>
	</string>
	<string id="mp_gp_unknown_error_513">
		<text>The wrong name of the profile</text>
	</string>
	<string id="mp_gp_unknown_error_514">
		<text>Wrong password</text>
	</string>
	<string id="mp_gp_unknown_error_515">
		<text>The wrong unique nickname</text>
	</string>
	<string id="mp_gp_unknown_error_516">
		<text>A unique nickname is already used</text>
	</string>
	<string id="mp_first_need_to_login">
		<text>It is necessary to first enter the profile</text>
	</string>
	<string id="mp_first_need_to_logout">
		<text>You must first leave the profile</text>
	</string>
	<string id="mp_gamespy_http_error">
		<text>Merchant of connection with the profile server</text>
	</string>
	<string id="ui_st_you_cannot_delete_profile_after_creation">
		<text>You cannot remove the profile after its creation</text>
	</string>
	<string id="ui_mm_ssao_quality">
		<text>SSAO quality</text>
	</string>
	<string id="ui_mm_ssao_text">
		<text>SLIO</text>
	</string>
	<string id="ui_mm_ssao">
		<text>at the default</text>
	</string>
	<string id="ui_mm_hdao">
		<text>H DAO</text>
	</string>
	<string id="ui_mm_hbao">
		<text>Hbao</text>
	</string>
	<string id="ui_st_disable_hud">
		<text>Show the interface</text>
	</string>
	<string id="mp_gp_unique_nick_not_registred">
		<text>A unique nickname is not registered. Please register it</text>
	</string>
	<string id="mp_gp_unique_nick_has_expired">
		<text>The unique nickname is outdated. Please register it again</text>
	</string>
	<string id="gd_stalker">
		<text>Stalker</text>
	</string>
	<string id="st_opt_extreme">
		<text>Max. high</text>
	</string>
	<string id="renderer_r4">
		<text>St. Complete lighting (DX11)</text>
	</string>
	<string id="mp_please_login">
		<text>Please authorize to enter the external server.</text>
	</string>
	<string id="mp_already_logged_in">
		<text>This Gamespy ID profile is currently used. Please use another Gamespy ID profile.</text>
	</string>
	<string id="mp_gp_unknown_email">
		<text>Incorrect email</text>
	</string>
	<string id="mp_gp_bad_password">
		<text>Wrong password</text>
	</string>
	<string id="mp_use_offline_mode">
		<text>You cannot use the Gamespy ID profile to enter a local server. Please use the game mode on the local network.</text>
	</string>
	<string id="st_kicked_by_server">
		<text>You were thrown away by a server.</text>
	</string>
	<string id="mp_you_have_been_banned_by">
		<text>You were blocked by the administrator:</text>
	</string>
	<string id="mp_you_have_been_banned_by_server">
		<text>You were blocked by a server</text>
	</string>
	<string id="mp_server_info">
		<text>Information about the server</text>
	</string>
	<string id="mp_gp_email_is_too_big">
		<text>E-mail is too long. You can introduce a maximum of 50 characters.</text>
	</string>
	<string id="mp_gp_bad_email">
		<text>Incorrect e-mail</text>
	</string>
	<string id="mp_gp_password_is_too_small">
		<text>The password is too short</text>
	</string>
	<string id="mp_gp_password_is_too_big">
		<text>The password is too long</text>
	</string>
	<string id="mp_gp_no_email">
		<text>E-mail not found</text>
	</string>
	<string id="mp_gp_no_unique_nick">
		<text>A unique nickname is not set</text>
	</string>
	<string id="mp_gp_unique_nick_is_too_big">
		<text>The unique nickname is too long. You can introduce a maximum of 30 characters.</text>
	</string>
	<string id="mp_gp_unique_nick_must_contain_only">
		<text>The unique nickname can contain only numbers, letters of the Latin and special symbols: "#$ & '()*+-./: <=>@[]^_`} ~ ~ ~ ~</text>
	</string>
	<string id="mp_gp_unique_nick_must_contain_nospaces">
		<text>A unique nickname cannot contain gaps</text>
	</string>
	<string id="mp_gp_unique_nick_bad_first_symbol">
		<text>A unique nickname cannot start with the number or symbols: '@', '+', ':' or '#'</text>
	</string>
	<string id="st_opt_ultra">
		<text>Very high</text>
	</string>
	<string id="ui_mm_r4_enable_tessellation">
		<text>Sselation</text>
	</string>
	<string id="ui_mm_confirm_changes">
		<text>Apply the changes made? All changes will be canceled through</text>
	</string>
</string_table>

<!-- Translation made with Stalker Translation XML TOOL -->
<!-- https://www.moddb.com/mods/stalker-anomaly/addons/stalker-translation-xml-tool-v12-executable-version -->