<w>
	<file name="ui\ui_actor_MP_ingame_menu_2">
	    <texture id="ui_inGame2_screen_1" x="0" y="0" width="845" height="669" />
	    <texture id="ui_inGame2_mp_screen_selection" x="40" y="43" width="370" height="16" />
	</file>
	<file name="ui\ui_actor_MP_ingame_menu_1">
	    <texture id="ui_inGame2_screen_3" x="0" y="0" width="444" height="679"/>
	    <texture id="ui_inGame2_vote_button_e" x="794" y="215" width="207" height="28" />
	    <texture id="ui_inGame2_vote_button_h" x="794" y="215" width="207" height="28" />
	    <texture id="ui_inGame2_vote_button_t" x="794" y="251" width="207" height="28" />
	    <texture id="ui_inGame2_vote_button_d" x="794" y="284" width="207" height="28" />
		<texture id="ui_inGame2_small_plane_1" x="785" y="377" width="223" height="212" />
	</file>
	<file name="ui\ui_actor_widescreen_sidepanels_1">
	    <texture id="ui_inGame2_screen_2" x="290" y="435" width="624" height="411" />
	    <texture id="ui_inGame2_screen_4" x="290" y="3" width="624" height="411" />
	</file>
</w>
