<w>
    <file name="ui\ui_actor_upgrades_1">

        <texture id="ui_inGame2_upgrade_on_icon_lamp_green_upgraded" x="820" y="0" width="5" height="38" />
	<texture id="ui_inGame2_upgrade_on_icon_lamp_red_disabled" x="825" y="0" width="5" height="38" />
	<texture id="ui_inGame2_upgrade_on_icon_lamp_yellow_highlighted" x="830" y="0" width="5" height="38" />

	<texture id="ui_inGame2_upgrade_on_weapon_lamp_empty" x="842" y="3" width="12" height="12" />
	<texture id="ui_inGame2_upgrade_on_weapon_lamp_green_upgraded" x="855" y="3" width="12" height="12" />
	<texture id="ui_inGame2_upgrade_on_weapon_lamp_red_disabled" x="868" y="3" width="12" height="12" />
	<texture id="ui_inGame2_upgrade_on_weapon_lamp_yellow_highlighted" x="858" y="19" width="14" height="14" />
	<texture id="ui_inGame2_upgrade_on_weapon_lamp_empty_highlighted" x="842" y="19" width="14" height="14" />

	<texture id="ui_inGame2_upgrade_AS96_2_1" x="0" y="0" width="90" height="44" />
	<texture id="ui_inGame2_upgrade_AS96_2_2" x="90" y="0" width="90" height="44" />
	<texture id="ui_inGame2_upgrade_AS96_2_3" x="180" y="0" width="90" height="44" />
	<texture id="ui_inGame2_upgrade_AS96_2_4" x="180" y="44" width="90" height="44" />
	<texture id="ui_inGame2_upgrade_AS96_2_5" x="0" y="44" width="90" height="44" />
	<texture id="ui_inGame2_upgrade_AS96_2_6" x="90" y="44" width="90" height="44" />
	<texture id="ui_inGame2_upgrade_AS96_2_7" x="90" y="88" width="90" height="44" />
	<texture id="ui_inGame2_upgrade_AS96_2_8" x="180" y="88" width="90" height="44" />
	<texture id="ui_inGame2_upgrade_AS96_2_9" x="0" y="88" width="90" height="44" />
	<texture id="ui_inGame2_upgrade_AS96_2_10" x="90" y="132" width="90" height="44" />
	<texture id="ui_inGame2_upgrade_AS96_2_11" x="90" y="176" width="90" height="44" />
	<texture id="ui_inGame2_upgrade_AS96_2_12" x="180" y="132" width="90" height="44" />
	<texture id="ui_inGame2_upgrade_AS96_2_13" x="0" y="132" width="90" height="44" />
	<texture id="ui_inGame2_upgrade_AS96_2_14" x="90" y="220" width="90" height="44" />
	<texture id="ui_inGame2_upgrade_AS96_2_15" x="180" y="176" width="90" height="44" />
	<texture id="ui_inGame2_upgrade_AS96_2_16" x="180" y="220" width="90" height="44" />
	<texture id="ui_inGame2_upgrade_AS96_2_17" x="0" y="176" width="90" height="44" />

	<texture id="ui_inGame2_upgrade_AKM_74_2_1" x="0" y="308" width="90" height="44" />
	<texture id="ui_inGame2_upgrade_AKM_74_2_2" x="90" y="308" width="90" height="44" />
	<texture id="ui_inGame2_upgrade_AKM_74_2_3" x="180" y="308" width="90" height="44" />
	<texture id="ui_inGame2_upgrade_AKM_74_2_4" x="180" y="352" width="90" height="44" />
	<texture id="ui_inGame2_upgrade_AKM_74_2_5" x="0" y="352" width="90" height="44" />
	<texture id="ui_inGame2_upgrade_AKM_74_2_6" x="90" y="352" width="90" height="44" />
	<texture id="ui_inGame2_upgrade_AKM_74_2_7" x="90" y="396" width="90" height="44" />
	<texture id="ui_inGame2_upgrade_AKM_74_2_8" x="180" y="396" width="90" height="44" />
	<texture id="ui_inGame2_upgrade_AKM_74_2_9" x="0" y="396" width="90" height="44" />
	<texture id="ui_inGame2_upgrade_AKM_74_2_10" x="90" y="440" width="90" height="44" />
	<texture id="ui_inGame2_upgrade_AKM_74_2_11" x="90" y="484" width="90" height="44" />
	<texture id="ui_inGame2_upgrade_AKM_74_2_12" x="180" y="440" width="90" height="44" />
	<texture id="ui_inGame2_upgrade_AKM_74_2_13" x="0" y="440" width="90" height="44" />
	<texture id="ui_inGame2_upgrade_AKM_74_2_14" x="90" y="528" width="90" height="44" />
	<texture id="ui_inGame2_upgrade_AKM_74_2_15" x="180" y="484" width="90" height="44" />
	<texture id="ui_inGame2_upgrade_AKM_74_2_16" x="0" y="484" width="90" height="44" />
	<texture id="ui_inGame2_upgrade_AKM_74_2_17" x="90" y="572" width="90" height="44" />

	<texture id="ui_inGame2_upgrade_AKM_74_2U_1" x="0" y="660" width="90" height="44" />
	<texture id="ui_inGame2_upgrade_AKM_74_2U_2" x="90" y="660" width="90" height="44" />
	<texture id="ui_inGame2_upgrade_AKM_74_2U_3" x="90" y="704" width="90" height="44" />
	<texture id="ui_inGame2_upgrade_AKM_74_2U_4" x="180" y="660" width="90" height="44" />
	<texture id="ui_inGame2_upgrade_AKM_74_2U_5" x="0" y="704" width="90" height="44" />
	<texture id="ui_inGame2_upgrade_AKM_74_2U_6" x="90" y="748" width="90" height="44" />
	<texture id="ui_inGame2_upgrade_AKM_74_2U_7" x="180" y="704" width="90" height="44" />
	<texture id="ui_inGame2_upgrade_AKM_74_2U_8" x="180" y="748" width="90" height="44" />
	<texture id="ui_inGame2_upgrade_AKM_74_2U_9" x="0" y="748" width="90" height="44" />
	<texture id="ui_inGame2_upgrade_AKM_74_2U_10" x="90" y="792" width="90" height="44" />
	<texture id="ui_inGame2_upgrade_AKM_74_2U_11" x="90" y="836" width="90" height="44" />
	<texture id="ui_inGame2_upgrade_AKM_74_2U_12" x="180" y="792" width="90" height="44" />
	<texture id="ui_inGame2_upgrade_AKM_74_2U_13" x="0" y="792" width="90" height="44" />
	<texture id="ui_inGame2_upgrade_AKM_74_2U_14" x="90" y="880" width="90" height="44" />
	<texture id="ui_inGame2_upgrade_AKM_74_2U_15" x="180" y="836" width="90" height="44" />
	<texture id="ui_inGame2_upgrade_AKM_74_2U_16" x="0" y="836" width="90" height="44" />

	<texture id="ui_inGame2_upgrade_Vintar_VS_1" x="270" y="0" width="90" height="44" />
	<texture id="ui_inGame2_upgrade_Vintar_VS_2" x="360" y="0" width="90" height="44" />
	<texture id="ui_inGame2_upgrade_Vintar_VS_3" x="360" y="44" width="90" height="44" />
	<texture id="ui_inGame2_upgrade_Vintar_VS_4" x="450" y="0" width="90" height="44" />
	<texture id="ui_inGame2_upgrade_Vintar_VS_5" x="450" y="44" width="90" height="44" />
	<texture id="ui_inGame2_upgrade_Vintar_VS_6" x="270" y="44" width="90" height="44" />
	<texture id="ui_inGame2_upgrade_Vintar_VS_7" x="360" y="88" width="90" height="44" />
	<texture id="ui_inGame2_upgrade_Vintar_VS_8" x="360" y="132" width="90" height="44" />
	<texture id="ui_inGame2_upgrade_Vintar_VS_9" x="450" y="88" width="90" height="44" />
	<texture id="ui_inGame2_upgrade_Vintar_VS_10" x="270" y="88" width="90" height="44" />
	<texture id="ui_inGame2_upgrade_Vintar_VS_11" x="360" y="176" width="90" height="44" />
	<texture id="ui_inGame2_upgrade_Vintar_VS_12" x="450" y="132" width="90" height="44" />
	<texture id="ui_inGame2_upgrade_Vintar_VS_13" x="450" y="176" width="90" height="44" />
	<texture id="ui_inGame2_upgrade_Vintar_VS_14" x="270" y="132" width="90" height="44" />
	<texture id="ui_inGame2_upgrade_Vintar_VS_15" x="360" y="220" width="90" height="44" />
	<texture id="ui_inGame2_upgrade_Vintar_VS_16" x="450" y="220" width="90" height="44" />
	<texture id="ui_inGame2_upgrade_Vintar_VS_17" x="450" y="264" width="90" height="44" />

	<texture id="ui_inGame2_upgrade_Volker_P9M_1" x="270" y="308" width="90" height="44" />
	<texture id="ui_inGame2_upgrade_Volker_P9M_2" x="360" y="308" width="90" height="44" />
	<texture id="ui_inGame2_upgrade_Volker_P9M_3" x="360" y="352" width="90" height="44" />
	<texture id="ui_inGame2_upgrade_Volker_P9M_4" x="450" y="308" width="90" height="44" />
	<texture id="ui_inGame2_upgrade_Volker_P9M_5" x="270" y="352" width="90" height="44" />
	<texture id="ui_inGame2_upgrade_Volker_P9M_6" x="360" y="396" width="90" height="44" />
	<texture id="ui_inGame2_upgrade_Volker_P9M_7" x="450" y="352" width="90" height="44" />
	<texture id="ui_inGame2_upgrade_Volker_P9M_8" x="450" y="396" width="90" height="44" />
	<texture id="ui_inGame2_upgrade_Volker_P9M_9" x="270" y="396" width="90" height="44" />
	<texture id="ui_inGame2_upgrade_Volker_P9M_10" x="360" y="440" width="90" height="44" />
	<texture id="ui_inGame2_upgrade_Volker_P9M_11" x="360" y="484" width="90" height="44" />
	<texture id="ui_inGame2_upgrade_Volker_P9M_12" x="270" y="440" width="90" height="44" />
	<texture id="ui_inGame2_upgrade_Volker_P9M_13" x="360" y="528" width="90" height="44" />
	<texture id="ui_inGame2_upgrade_Volker_P9M_14" x="270" y="484" width="90" height="44" />

	<texture id="ui_inGame2_upgrade_Gadyuka_5_1" x="270" y="660" width="90" height="44" />
	<texture id="ui_inGame2_upgrade_Gadyuka_5_2" x="360" y="660" width="90" height="44" />
	<texture id="ui_inGame2_upgrade_Gadyuka_5_3" x="360" y="704" width="90" height="44" />
	<texture id="ui_inGame2_upgrade_Gadyuka_5_4" x="450" y="660" width="90" height="44" />
	<texture id="ui_inGame2_upgrade_Gadyuka_5_5" x="270" y="704" width="90" height="44" />
	<texture id="ui_inGame2_upgrade_Gadyuka_5_6" x="360" y="748" width="90" height="44" />
	<texture id="ui_inGame2_upgrade_Gadyuka_5_7" x="450" y="704" width="90" height="44" />
	<texture id="ui_inGame2_upgrade_Gadyuka_5_8" x="450" y="748" width="90" height="44" />
	<texture id="ui_inGame2_upgrade_Gadyuka_5_9" x="270" y="748" width="90" height="44" />
	<texture id="ui_inGame2_upgrade_Gadyuka_5_10" x="360" y="792" width="90" height="44" />
	<texture id="ui_inGame2_upgrade_Gadyuka_5_11" x="360" y="836" width="90" height="44" />
	<texture id="ui_inGame2_upgrade_Gadyuka_5_12" x="450" y="792" width="90" height="44" />
	<texture id="ui_inGame2_upgrade_Gadyuka_5_13" x="270" y="792" width="90" height="44" />
	<texture id="ui_inGame2_upgrade_Gadyuka_5_14" x="360" y="880" width="90" height="44" />
	<texture id="ui_inGame2_upgrade_Gadyuka_5_15" x="450" y="836" width="90" height="44" />
	<texture id="ui_inGame2_upgrade_Gadyuka_5_16" x="450" y="880" width="90" height="44" />
	<texture id="ui_inGame2_upgrade_Gadyuka_5_17" x="270" y="836" width="90" height="44" />
	<texture id="ui_inGame2_upgrade_Gadyuka_5_18" x="360" y="924" width="90" height="44" />

	<texture id="ui_inGame2_upgrade_GP37_1" x="540" y="0" width="90" height="44" />
	<texture id="ui_inGame2_upgrade_GP37_2" x="630" y="0" width="90" height="44" />
	<texture id="ui_inGame2_upgrade_GP37_3" x="720" y="0" width="90" height="44" />
	<texture id="ui_inGame2_upgrade_GP37_4" x="720" y="44" width="90" height="44" />
	<texture id="ui_inGame2_upgrade_GP37_5" x="540" y="44" width="90" height="44" />
	<texture id="ui_inGame2_upgrade_GP37_6" x="630" y="44" width="90" height="44" />
	<texture id="ui_inGame2_upgrade_GP37_7" x="630" y="88" width="90" height="44" />
	<texture id="ui_inGame2_upgrade_GP37_8" x="720" y="88" width="90" height="44" />
	<texture id="ui_inGame2_upgrade_GP37_9" x="540" y="88" width="90" height="44" />
	<texture id="ui_inGame2_upgrade_GP37_10" x="630" y="132" width="90" height="44" />
	<texture id="ui_inGame2_upgrade_GP37_11" x="720" y="132" width="90" height="44" />
	<texture id="ui_inGame2_upgrade_GP37_12" x="720" y="176" width="90" height="44" />
	<texture id="ui_inGame2_upgrade_GP37_13" x="540" y="132" width="90" height="44" />
	<texture id="ui_inGame2_upgrade_GP37_14" x="630" y="176" width="90" height="44" />
	<texture id="ui_inGame2_upgrade_GP37_15" x="720" y="220" width="90" height="44" />
	<texture id="ui_inGame2_upgrade_GP37_16" x="720" y="264" width="90" height="44" />

	<texture id="ui_inGame2_upgrade_GromS14_1" x="540" y="308" width="90" height="44" />
	<texture id="ui_inGame2_upgrade_GromS14_2" x="630" y="308" width="90" height="44" />
	<texture id="ui_inGame2_upgrade_GromS14_3" x="630" y="352" width="90" height="44" />
	<texture id="ui_inGame2_upgrade_GromS14_4" x="720" y="308" width="90" height="44" />
	<texture id="ui_inGame2_upgrade_GromS14_5" x="720" y="352" width="90" height="44" />
	<texture id="ui_inGame2_upgrade_GromS14_6" x="540" y="352" width="90" height="44" />
	<texture id="ui_inGame2_upgrade_GromS14_7" x="630" y="396" width="90" height="44" />
	<texture id="ui_inGame2_upgrade_GromS14_8" x="720" y="396" width="90" height="44" />
	<texture id="ui_inGame2_upgrade_GromS14_9" x="720" y="440" width="90" height="44" />
	<texture id="ui_inGame2_upgrade_GromS14_10" x="540" y="396" width="90" height="44" />
	<texture id="ui_inGame2_upgrade_GromS14_11" x="630" y="440" width="90" height="44" />
	<texture id="ui_inGame2_upgrade_GromS14_12" x="630" y="484" width="90" height="44" />
	<texture id="ui_inGame2_upgrade_GromS14_13" x="720" y="484" width="90" height="44" />
	<texture id="ui_inGame2_upgrade_GromS14_14" x="720" y="528" width="90" height="44" />
	<texture id="ui_inGame2_upgrade_GromS14_15" x="540" y="440" width="90" height="44" />
	<texture id="ui_inGame2_upgrade_GromS14_16" x="630" y="528" width="90" height="44" />
	<texture id="ui_inGame2_upgrade_GromS14_17" x="720" y="572" width="90" height="44" />
	<texture id="ui_inGame2_upgrade_GromS14_18" x="720" y="616" width="90" height="44" />
	<texture id="ui_inGame2_upgrade_GromS14_19" x="540" y="484" width="90" height="44" />

	<texture id="ui_inGame2_upgrade_IL86_1" x="540" y="660" width="90" height="44" />
	<texture id="ui_inGame2_upgrade_IL86_2" x="630" y="660" width="90" height="44" />
	<texture id="ui_inGame2_upgrade_IL86_3" x="720" y="660" width="90" height="44" />
	<texture id="ui_inGame2_upgrade_IL86_4" x="720" y="704" width="90" height="44" />
	<texture id="ui_inGame2_upgrade_IL86_5" x="540" y="704" width="90" height="44" />
	<texture id="ui_inGame2_upgrade_IL86_6" x="630" y="704" width="90" height="44" />
	<texture id="ui_inGame2_upgrade_IL86_7" x="630" y="748" width="90" height="44" />
	<texture id="ui_inGame2_upgrade_IL86_8" x="720" y="748" width="90" height="44" />
	<texture id="ui_inGame2_upgrade_IL86_9" x="540" y="748" width="90" height="44" />
	<texture id="ui_inGame2_upgrade_IL86_10" x="630" y="792" width="90" height="44" />
	<texture id="ui_inGame2_upgrade_IL86_11" x="720" y="792" width="90" height="44" />
	<texture id="ui_inGame2_upgrade_IL86_12" x="720" y="836" width="90" height="44" />
	<texture id="ui_inGame2_upgrade_IL86_13" x="540" y="792" width="90" height="44" />
	<texture id="ui_inGame2_upgrade_IL86_14" x="630" y="836" width="90" height="44" />
	<texture id="ui_inGame2_upgrade_IL86_15" x="720" y="880" width="90" height="44" />
	<texture id="ui_inGame2_upgrade_IL86_16" x="540" y="836" width="90" height="44" />
	<texture id="ui_inGame2_upgrade_IL86_17" x="630" y="880" width="90" height="44" />
  </file>

  <file name="ui\ui_actor_upgrades_2">

    <texture id="ui_inGame2_upgrade_Kora_919_1" x="0" y="0" width="90" height="44" />
    <texture id="ui_inGame2_upgrade_Kora_919_2" x="90" y="0" width="90" height="44" />
    <texture id="ui_inGame2_upgrade_Kora_919_3" x="90" y="44" width="90" height="44" />
    <texture id="ui_inGame2_upgrade_Kora_919_4" x="180" y="0" width="90" height="44" />
    <texture id="ui_inGame2_upgrade_Kora_919_5" x="0" y="88" width="90" height="44" />
    <texture id="ui_inGame2_upgrade_Kora_919_6" x="90" y="88" width="90" height="44" />
    <texture id="ui_inGame2_upgrade_Kora_919_7" x="90" y="132" width="90" height="44" />
    <texture id="ui_inGame2_upgrade_Kora_919_8" x="180" y="88" width="90" height="44" />
    <texture id="ui_inGame2_upgrade_Kora_919_9" x="0" y="176" width="90" height="44" />
    <texture id="ui_inGame2_upgrade_Kora_919_10" x="90" y="176" width="90" height="44" />
    <texture id="ui_inGame2_upgrade_Kora_919_11" x="90" y="220" width="90" height="44" />
    <texture id="ui_inGame2_upgrade_Kora_919_12" x="0" y="264" width="90" height="44" />
    <texture id="ui_inGame2_upgrade_Kora_919_13" x="90" y="264" width="90" height="44" />
    <texture id="ui_inGame2_upgrade_Kora_919_14" x="0" y="308" width="90" height="44" />

    <texture id="ui_inGame2_upgrade_Marta_1" x="0" y="352" width="90" height="44" />
    <texture id="ui_inGame2_upgrade_Marta_2" x="90" y="352" width="90" height="44" />
    <texture id="ui_inGame2_upgrade_Marta_3" x="90" y="396" width="90" height="44" />
    <texture id="ui_inGame2_upgrade_Marta_4" x="180" y="352" width="90" height="44" />
    <texture id="ui_inGame2_upgrade_Marta_5" x="0" y="440" width="90" height="44" />
    <texture id="ui_inGame2_upgrade_Marta_6" x="90" y="440" width="90" height="44" />
    <texture id="ui_inGame2_upgrade_Marta_7" x="90" y="484" width="90" height="44" />
    <texture id="ui_inGame2_upgrade_Marta_8" x="180" y="440" width="90" height="44" />
    <texture id="ui_inGame2_upgrade_Marta_9" x="0" y="528" width="90" height="44" />
    <texture id="ui_inGame2_upgrade_Marta_10" x="90" y="528" width="90" height="44" />
    <texture id="ui_inGame2_upgrade_Marta_11" x="90" y="572" width="90" height="44" />
    <texture id="ui_inGame2_upgrade_Marta_12" x="0" y="616" width="90" height="44" />
    <texture id="ui_inGame2_upgrade_Marta_13" x="90" y="616" width="90" height="44" />
    <texture id="ui_inGame2_upgrade_Marta_14" x="0" y="660" width="90" height="44" />
    <texture id="ui_inGame2_upgrade_Marta_15" x="90" y="660" width="90" height="44" />

    <texture id="ui_inGame2_upgrade_Obrez_1" x="0" y="704" width="90" height="44" />
    <texture id="ui_inGame2_upgrade_Obrez_2" x="90" y="704" width="90" height="44" />
    <texture id="ui_inGame2_upgrade_Obrez_3" x="0" y="748" width="90" height="44" />
    <texture id="ui_inGame2_upgrade_Obrez_4" x="90" y="748" width="90" height="44" />
    <texture id="ui_inGame2_upgrade_Obrez_5" x="90" y="792" width="90" height="44" />
    <texture id="ui_inGame2_upgrade_Obrez_6" x="0" y="836" width="90" height="44" />
    <texture id="ui_inGame2_upgrade_Obrez_7" x="90" y="836" width="90" height="44" />

    <texture id="ui_inGame2_upgrade_Hunting_rifle_1" x="270" y="0" width="90" height="44" />
    <texture id="ui_inGame2_upgrade_Hunting_rifle_2" x="360" y="0" width="90" height="44" />
    <texture id="ui_inGame2_upgrade_Hunting_rifle_3" x="360" y="44" width="90" height="44" />
    <texture id="ui_inGame2_upgrade_Hunting_rifle_4" x="450" y="0" width="90" height="44" />
    <texture id="ui_inGame2_upgrade_Hunting_rifle_5" x="450" y="44" width="90" height="44" />
    <texture id="ui_inGame2_upgrade_Hunting_rifle_6" x="270" y="88" width="90" height="44" />
    <texture id="ui_inGame2_upgrade_Hunting_rifle_7" x="360" y="88" width="90" height="44" />
    <texture id="ui_inGame2_upgrade_Hunting_rifle_8" x="360" y="132" width="90" height="44" />
    <texture id="ui_inGame2_upgrade_Hunting_rifle_9" x="270" y="176" width="90" height="44" />
    <texture id="ui_inGame2_upgrade_Hunting_rifle_10" x="360" y="176" width="90" height="44" />
    <texture id="ui_inGame2_upgrade_Hunting_rifle_11" x="450" y="176" width="90" height="44" />
    <texture id="ui_inGame2_upgrade_Hunting_rifle_12" x="450" y="220" width="90" height="44" />

    <texture id="ui_inGame2_upgrade_PB_1S_1" x="270" y="264" width="90" height="44" />
    <texture id="ui_inGame2_upgrade_PB_1S_2" x="360" y="264" width="90" height="44" />
    <texture id="ui_inGame2_upgrade_PB_1S_3" x="360" y="308" width="90" height="44" />
    <texture id="ui_inGame2_upgrade_PB_1S_4" x="450" y="264" width="90" height="44" />
    <texture id="ui_inGame2_upgrade_PB_1S_5" x="270" y="352" width="90" height="44" />
    <texture id="ui_inGame2_upgrade_PB_1S_6" x="360" y="352" width="90" height="44" />
    <texture id="ui_inGame2_upgrade_PB_1S_7" x="270" y="396" width="90" height="44" />
    <texture id="ui_inGame2_upgrade_PB_1S_8" x="360" y="396" width="90" height="44" />
    <texture id="ui_inGame2_upgrade_PB_1S_9" x="450" y="396" width="90" height="44" />
    <texture id="ui_inGame2_upgrade_PB_1S_10" x="270" y="440" width="90" height="44" />
    <texture id="ui_inGame2_upgrade_PB_1S_11" x="360" y="440" width="90" height="44" />
    <texture id="ui_inGame2_upgrade_PB_1S_12" x="270" y="484" width="90" height="44" />

    <texture id="ui_inGame2_upgrade_PMm_1" x="270" y="528" width="90" height="44" />
    <texture id="ui_inGame2_upgrade_PMm_2" x="360" y="528" width="90" height="44" />
    <texture id="ui_inGame2_upgrade_PMm_3" x="360" y="572" width="90" height="44" />
    <texture id="ui_inGame2_upgrade_PMm_4" x="450" y="528" width="90" height="44" />
    <texture id="ui_inGame2_upgrade_PMm_5" x="270" y="616" width="90" height="44" />
    <texture id="ui_inGame2_upgrade_PMm_6" x="360" y="616" width="90" height="44" />
    <texture id="ui_inGame2_upgrade_PMm_7" x="270" y="660" width="90" height="44" />
    <texture id="ui_inGame2_upgrade_PMm_8" x="360" y="660" width="90" height="44" />
    <texture id="ui_inGame2_upgrade_PMm_9" x="360" y="704" width="90" height="44" />
    <texture id="ui_inGame2_upgrade_PMm_10" x="270" y="748" width="90" height="44" />
    <texture id="ui_inGame2_upgrade_PMm_11" x="360" y="748" width="90" height="44" />
    <texture id="ui_inGame2_upgrade_PMm_12" x="270" y="792" width="90" height="44" />
    <texture id="ui_inGame2_upgrade_PMm_13" x="360" y="792" width="90" height="44" />

    <texture id="ui_inGame2_upgrade_RP74_1" x="540" y="0" width="90" height="44" />
    <texture id="ui_inGame2_upgrade_RP74_2" x="630" y="0" width="90" height="44" />
    <texture id="ui_inGame2_upgrade_RP74_3" x="630" y="44" width="90" height="44" />
    <texture id="ui_inGame2_upgrade_RP74_4" x="720" y="0" width="90" height="44" />
    <texture id="ui_inGame2_upgrade_RP74_5" x="540" y="88" width="90" height="44" />
    <texture id="ui_inGame2_upgrade_RP74_6" x="630" y="88" width="90" height="44" />
    <texture id="ui_inGame2_upgrade_RP74_7" x="720" y="88" width="90" height="44" />
    <texture id="ui_inGame2_upgrade_RP74_8" x="720" y="132" width="90" height="44" />
    <texture id="ui_inGame2_upgrade_RP74_9" x="540" y="176" width="90" height="44" />
    <texture id="ui_inGame2_upgrade_RP74_10" x="630" y="176" width="90" height="44" />
    <texture id="ui_inGame2_upgrade_RP74_11" x="630" y="220" width="90" height="44" />
    <texture id="ui_inGame2_upgrade_RP74_12" x="720" y="176" width="90" height="44" />
    <texture id="ui_inGame2_upgrade_RP74_13" x="540" y="264" width="90" height="44" />
    <texture id="ui_inGame2_upgrade_RP74_14" x="630" y="264" width="90" height="44" />
    <texture id="ui_inGame2_upgrade_RP74_15" x="720" y="264" width="90" height="44" />
    <texture id="ui_inGame2_upgrade_RP74_16" x="540" y="308" width="90" height="44" />

    <texture id="ui_inGame2_upgrade_SA_Lavina_1" x="540" y="352" width="90" height="44" />
    <texture id="ui_inGame2_upgrade_SA_Lavina_2" x="630" y="352" width="90" height="44" />
    <texture id="ui_inGame2_upgrade_SA_Lavina_3" x="630" y="396" width="90" height="44" />
    <texture id="ui_inGame2_upgrade_SA_Lavina_4" x="720" y="352" width="90" height="44" />
    <texture id="ui_inGame2_upgrade_SA_Lavina_5" x="720" y="396" width="90" height="44" />
    <texture id="ui_inGame2_upgrade_SA_Lavina_6" x="540" y="440" width="90" height="44" />
    <texture id="ui_inGame2_upgrade_SA_Lavina_7" x="630" y="440" width="90" height="44" />
    <texture id="ui_inGame2_upgrade_SA_Lavina_8" x="720" y="440" width="90" height="44" />
    <texture id="ui_inGame2_upgrade_SA_Lavina_9" x="720" y="484" width="90" height="44" />
    <texture id="ui_inGame2_upgrade_SA_Lavina_10" x="540" y="528" width="90" height="44" />
    <texture id="ui_inGame2_upgrade_SA_Lavina_11" x="630" y="528" width="90" height="44" />
    <texture id="ui_inGame2_upgrade_SA_Lavina_12" x="630" y="572" width="90" height="44" />
    <texture id="ui_inGame2_upgrade_SA_Lavina_13" x="720" y="528" width="90" height="44" />
    <texture id="ui_inGame2_upgrade_SA_Lavina_14" x="720" y="572" width="90" height="44" />
    <texture id="ui_inGame2_upgrade_SA_Lavina_15" x="540" y="616" width="90" height="44" />
    <texture id="ui_inGame2_upgrade_SA_Lavina_16" x="630" y="616" width="90" height="44" />
    <texture id="ui_inGame2_upgrade_SA_Lavina_17" x="720" y="616" width="90" height="44" />
    <texture id="ui_inGame2_upgrade_SA_Lavina_18" x="720" y="660" width="90" height="44" />
    <texture id="ui_inGame2_upgrade_SA_Lavina_19" x="540" y="660" width="90" height="44" />

    <texture id="ui_inGame2_upgrade_SVDm2_1" x="540" y="704" width="90" height="44" />
    <texture id="ui_inGame2_upgrade_SVDm2_2" x="630" y="704" width="90" height="44" />
    <texture id="ui_inGame2_upgrade_SVDm2_3" x="630" y="748" width="90" height="44" />
    <texture id="ui_inGame2_upgrade_SVDm2_4" x="720" y="704" width="90" height="44" />
    <texture id="ui_inGame2_upgrade_SVDm2_5" x="720" y="748" width="90" height="44" />
    <texture id="ui_inGame2_upgrade_SVDm2_6" x="540" y="792" width="90" height="44" />
    <texture id="ui_inGame2_upgrade_SVDm2_7" x="630" y="792" width="90" height="44" />
    <texture id="ui_inGame2_upgrade_SVDm2_8" x="630" y="836" width="90" height="44" />
    <texture id="ui_inGame2_upgrade_SVDm2_9" x="720" y="792" width="90" height="44" />
    <texture id="ui_inGame2_upgrade_SVDm2_10" x="540" y="880" width="90" height="44" />
    <texture id="ui_inGame2_upgrade_SVDm2_11" x="630" y="880" width="90" height="44" />
    <texture id="ui_inGame2_upgrade_SVDm2_12" x="720" y="880" width="90" height="44" />
    <texture id="ui_inGame2_upgrade_SVDm2_13" x="540" y="924" width="90" height="44" />
    <texture id="ui_inGame2_upgrade_SVDm2_14" x="630" y="924" width="90" height="44" />
    <texture id="ui_inGame2_upgrade_SVDm2_15" x="720" y="924" width="90" height="44" />
    <texture id="ui_inGame2_upgrade_SVDm2_16" x="720" y="968" width="90" height="44" />
  </file>

  <file name="ui\ui_actor_upgrades_3">

    <texture id="ui_inGame2_upgrade_SVUmk2_1" x="0" y="0" width="90" height="44" />
    <texture id="ui_inGame2_upgrade_SVUmk2_2" x="90" y="0" width="90" height="44" />
    <texture id="ui_inGame2_upgrade_SVUmk2_3" x="180" y="0" width="90" height="44" />
    <texture id="ui_inGame2_upgrade_SVUmk2_4" x="180" y="44" width="90" height="44" />
    <texture id="ui_inGame2_upgrade_SVUmk2_5" x="0" y="88" width="90" height="44" />
    <texture id="ui_inGame2_upgrade_SVUmk2_6" x="90" y="88" width="90" height="44" />
    <texture id="ui_inGame2_upgrade_SVUmk2_7" x="90" y="132" width="90" height="44" />
    <texture id="ui_inGame2_upgrade_SVUmk2_8" x="180" y="88" width="90" height="44" />
    <texture id="ui_inGame2_upgrade_SVUmk2_9" x="180" y="132" width="90" height="44" />
    <texture id="ui_inGame2_upgrade_SVUmk2_10" x="0" y="176" width="90" height="44" />
    <texture id="ui_inGame2_upgrade_SVUmk2_11" x="90" y="176" width="90" height="44" />
    <texture id="ui_inGame2_upgrade_SVUmk2_12" x="0" y="220" width="90" height="44" />
    <texture id="ui_inGame2_upgrade_SVUmk2_13" x="90" y="220" width="90" height="44" />
    <texture id="ui_inGame2_upgrade_SVUmk2_14" x="180" y="220" width="90" height="44" />
    <texture id="ui_inGame2_upgrade_SVUmk2_15" x="180" y="264" width="90" height="44" />
    <texture id="ui_inGame2_upgrade_SVUmk2_16" x="0" y="264" width="90" height="44" />

    <texture id="ui_inGame2_upgrade_SGI_5K_1" x="0" y="308" width="90" height="44" />
    <texture id="ui_inGame2_upgrade_SGI_5K_2" x="90" y="308" width="90" height="44" />
    <texture id="ui_inGame2_upgrade_SGI_5K_3" x="90" y="352" width="90" height="44" />
    <texture id="ui_inGame2_upgrade_SGI_5K_4" x="180" y="308" width="90" height="44" />
    <texture id="ui_inGame2_upgrade_SGI_5K_5" x="0" y="396" width="90" height="44" />
    <texture id="ui_inGame2_upgrade_SGI_5K_6" x="90" y="396" width="90" height="44" />
    <texture id="ui_inGame2_upgrade_SGI_5K_7" x="180" y="396" width="90" height="44" />
    <texture id="ui_inGame2_upgrade_SGI_5K_8" x="180" y="440" width="90" height="44" />
    <texture id="ui_inGame2_upgrade_SGI_5K_9" x="0" y="484" width="90" height="44" />
    <texture id="ui_inGame2_upgrade_SGI_5K_10" x="90" y="484" width="90" height="44" />
    <texture id="ui_inGame2_upgrade_SGI_5K_11" x="90" y="528" width="90" height="44" />
    <texture id="ui_inGame2_upgrade_SGI_5K_12" x="180" y="484" width="90" height="44" />
    <texture id="ui_inGame2_upgrade_SGI_5K_13" x="0" y="572" width="90" height="44" />
    <texture id="ui_inGame2_upgrade_SGI_5K_14" x="90" y="572" width="90" height="44" />
    <texture id="ui_inGame2_upgrade_SGI_5K_15" x="180" y="572" width="90" height="44" />
    <texture id="ui_inGame2_upgrade_SGI_5K_16" x="180" y="616" width="90" height="44" />
    <texture id="ui_inGame2_upgrade_SGI_5K_17" x="0" y="616" width="90" height="44" />

    <texture id="ui_inGame2_upgrade_SIP_t_M200_1" x="0" y="660" width="90" height="44" />
    <texture id="ui_inGame2_upgrade_SIP_t_M200_2" x="90" y="660" width="90" height="44" />
    <texture id="ui_inGame2_upgrade_SIP_t_M200_3" x="90" y="704" width="90" height="44" />
    <texture id="ui_inGame2_upgrade_SIP_t_M200_4" x="180" y="660" width="90" height="44" />
    <texture id="ui_inGame2_upgrade_SIP_t_M200_5" x="0" y="748" width="90" height="44" />
    <texture id="ui_inGame2_upgrade_SIP_t_M200_6" x="90" y="748" width="90" height="44" />
    <texture id="ui_inGame2_upgrade_SIP_t_M200_7" x="180" y="748" width="90" height="44" />
    <texture id="ui_inGame2_upgrade_SIP_t_M200_8" x="180" y="792" width="90" height="44" />
    <texture id="ui_inGame2_upgrade_SIP_t_M200_9" x="0" y="836" width="90" height="44" />
    <texture id="ui_inGame2_upgrade_SIP_t_M200_10" x="90" y="836" width="90" height="44" />
    <texture id="ui_inGame2_upgrade_SIP_t_M200_11" x="90" y="880" width="90" height="44" />
    <texture id="ui_inGame2_upgrade_SIP_t_M200_12" x="0" y="924" width="90" height="44" />
    <texture id="ui_inGame2_upgrade_SIP_t_M200_13" x="90" y="924" width="90" height="44" />
    <texture id="ui_inGame2_upgrade_SIP_t_M200_14" x="180" y="924" width="90" height="44" />
    <texture id="ui_inGame2_upgrade_SIP_t_M200_15" x="0" y="968" width="90" height="44" />

    <texture id="ui_inGame2_upgrade_SPSA14_1" x="270" y="0" width="90" height="44" />
    <texture id="ui_inGame2_upgrade_SPSA14_2" x="360" y="0" width="90" height="44" />
    <texture id="ui_inGame2_upgrade_SPSA14_3" x="360" y="44" width="90" height="44" />
    <texture id="ui_inGame2_upgrade_SPSA14_4" x="450" y="0" width="90" height="44" />
    <texture id="ui_inGame2_upgrade_SPSA14_5" x="450" y="44" width="90" height="44" />
    <texture id="ui_inGame2_upgrade_SPSA14_6" x="270" y="88" width="90" height="44" />
    <texture id="ui_inGame2_upgrade_SPSA14_7" x="360" y="88" width="90" height="44" />
    <texture id="ui_inGame2_upgrade_SPSA14_8" x="360" y="132" width="90" height="44" />
    <texture id="ui_inGame2_upgrade_SPSA14_9" x="270" y="176" width="90" height="44" />
    <texture id="ui_inGame2_upgrade_SPSA14_10" x="360" y="176" width="90" height="44" />
    <texture id="ui_inGame2_upgrade_SPSA14_11" x="360" y="220" width="90" height="44" />
    <texture id="ui_inGame2_upgrade_SPSA14_12" x="450" y="176" width="90" height="44" />
    <texture id="ui_inGame2_upgrade_SPSA14_13" x="450" y="220" width="90" height="44" />
    <texture id="ui_inGame2_upgrade_SPSA14_14" x="270" y="264" width="90" height="44" />

    <texture id="ui_inGame2_upgrade_TRs_301_1" x="270" y="308" width="90" height="44" />
    <texture id="ui_inGame2_upgrade_TRs_301_2" x="360" y="308" width="90" height="44" />
    <texture id="ui_inGame2_upgrade_TRs_301_3" x="360" y="352" width="90" height="44" />
    <texture id="ui_inGame2_upgrade_TRs_301_4" x="450" y="308" width="90" height="44" />
    <texture id="ui_inGame2_upgrade_TRs_301_5" x="270" y="396" width="90" height="44" />
    <texture id="ui_inGame2_upgrade_TRs_301_6" x="360" y="396" width="90" height="44" />
    <texture id="ui_inGame2_upgrade_TRs_301_7" x="450" y="396" width="90" height="44" />
    <texture id="ui_inGame2_upgrade_TRs_301_8" x="450" y="440" width="90" height="44" />
    <texture id="ui_inGame2_upgrade_TRs_301_9" x="270" y="484" width="90" height="44" />
    <texture id="ui_inGame2_upgrade_TRs_301_10" x="360" y="484" width="90" height="44" />
    <texture id="ui_inGame2_upgrade_TRs_301_11" x="360" y="528" width="90" height="44" />
    <texture id="ui_inGame2_upgrade_TRs_301_12" x="450" y="484" width="90" height="44" />
    <texture id="ui_inGame2_upgrade_TRs_301_13" x="270" y="572" width="90" height="44" />
    <texture id="ui_inGame2_upgrade_TRs_301_14" x="360" y="572" width="90" height="44" />
    <texture id="ui_inGame2_upgrade_TRs_301_15" x="450" y="572" width="90" height="44" />
    <texture id="ui_inGame2_upgrade_TRs_301_16" x="450" y="616" width="90" height="44" />
    <texture id="ui_inGame2_upgrade_TRs_301_17" x="270" y="616" width="90" height="44" />

    <texture id="ui_inGame2_upgrade_UDP_compact_1" x="270" y="660" width="90" height="44" />
    <texture id="ui_inGame2_upgrade_UDP_compact_2" x="360" y="660" width="90" height="44" />
    <texture id="ui_inGame2_upgrade_UDP_compact_3" x="360" y="704" width="90" height="44" />
    <texture id="ui_inGame2_upgrade_UDP_compact_4" x="450" y="660" width="90" height="44" />
    <texture id="ui_inGame2_upgrade_UDP_compact_5" x="270" y="748" width="90" height="44" />
    <texture id="ui_inGame2_upgrade_UDP_compact_6" x="360" y="748" width="90" height="44" />
    <texture id="ui_inGame2_upgrade_UDP_compact_7" x="360" y="792" width="90" height="44" />
    <texture id="ui_inGame2_upgrade_UDP_compact_8" x="450" y="748" width="90" height="44" />
    <texture id="ui_inGame2_upgrade_UDP_compact_9" x="270" y="836" width="90" height="44" />
    <texture id="ui_inGame2_upgrade_UDP_compact_10" x="360" y="836" width="90" height="44" />
    <texture id="ui_inGame2_upgrade_UDP_compact_11" x="360" y="880" width="90" height="44" />
    <texture id="ui_inGame2_upgrade_UDP_compact_12" x="450" y="836" width="90" height="44" />
    <texture id="ui_inGame2_upgrade_UDP_compact_13" x="270" y="924" width="90" height="44" />
    <texture id="ui_inGame2_upgrade_UDP_compact_14" x="360" y="924" width="90" height="44" />
    <texture id="ui_inGame2_upgrade_UDP_compact_15" x="450" y="924" width="90" height="44" />
    <texture id="ui_inGame2_upgrade_UDP_compact_16" x="270" y="968" width="90" height="44" />

    <texture id="ui_inGame2_upgrade_Fora_12_1" x="540" y="0" width="90" height="44" />
    <texture id="ui_inGame2_upgrade_Fora_12_2" x="630" y="0" width="90" height="44" />
    <texture id="ui_inGame2_upgrade_Fora_12_3" x="630" y="44" width="90" height="44" />
    <texture id="ui_inGame2_upgrade_Fora_12_4" x="720" y="0" width="90" height="44" />
    <texture id="ui_inGame2_upgrade_Fora_12_5" x="540" y="88" width="90" height="44" />
    <texture id="ui_inGame2_upgrade_Fora_12_6" x="630" y="88" width="90" height="44" />
    <texture id="ui_inGame2_upgrade_Fora_12_7" x="630" y="132" width="90" height="44" />
    <texture id="ui_inGame2_upgrade_Fora_12_8" x="540" y="176" width="90" height="44" />
    <texture id="ui_inGame2_upgrade_Fora_12_9" x="630" y="176" width="90" height="44" />
    <texture id="ui_inGame2_upgrade_Fora_12_10" x="630" y="220" width="90" height="44" />
    <texture id="ui_inGame2_upgrade_Fora_12_11" x="540" y="264" width="90" height="44" />
    <texture id="ui_inGame2_upgrade_Fora_12_12" x="630" y="264" width="90" height="44" />
    <texture id="ui_inGame2_upgrade_Fora_12_13" x="540" y="308" width="90" height="44" />
    <texture id="ui_inGame2_upgrade_Fora_12_14" x="630" y="308" width="90" height="44" />

    <texture id="ui_inGame2_upgrade_FT200M_1" x="540" y="352" width="90" height="44" />
    <texture id="ui_inGame2_upgrade_FT200M_2" x="630" y="352" width="90" height="44" />
    <texture id="ui_inGame2_upgrade_FT200M_3" x="630" y="396" width="90" height="44" />
    <texture id="ui_inGame2_upgrade_FT200M_4" x="720" y="352" width="90" height="44" />
    <texture id="ui_inGame2_upgrade_FT200M_5" x="720" y="396" width="90" height="44" />
    <texture id="ui_inGame2_upgrade_FT200M_6" x="540" y="440" width="90" height="44" />
    <texture id="ui_inGame2_upgrade_FT200M_7" x="630" y="440" width="90" height="44" />
    <texture id="ui_inGame2_upgrade_FT200M_8" x="630" y="484" width="90" height="44" />
    <texture id="ui_inGame2_upgrade_FT200M_9" x="720" y="440" width="90" height="44" />
    <texture id="ui_inGame2_upgrade_FT200M_10" x="720" y="484" width="90" height="44" />
    <texture id="ui_inGame2_upgrade_FT200M_11" x="540" y="528" width="90" height="44" />
    <texture id="ui_inGame2_upgrade_FT200M_12" x="630" y="528" width="90" height="44" />
    <texture id="ui_inGame2_upgrade_FT200M_13" x="630" y="572" width="90" height="44" />
    <texture id="ui_inGame2_upgrade_FT200M_14" x="720" y="528" width="90" height="44" />
    <texture id="ui_inGame2_upgrade_FT200M_15" x="720" y="572" width="90" height="44" />
    <texture id="ui_inGame2_upgrade_FT200M_16" x="540" y="616" width="90" height="44" />
    <texture id="ui_inGame2_upgrade_FT200M_17" x="630" y="616" width="90" height="44" />
    <texture id="ui_inGame2_upgrade_FT200M_18" x="720" y="616" width="90" height="44" />
    <texture id="ui_inGame2_upgrade_FT200M_19" x="720" y="660" width="90" height="44" />

    <texture id="ui_inGame2_upgrade_Cheyser_13_1" x="540" y="704" width="90" height="44" />
    <texture id="ui_inGame2_upgrade_Cheyser_13_2" x="630" y="704" width="90" height="44" />
    <texture id="ui_inGame2_upgrade_Cheyser_13_3" x="630" y="748" width="90" height="44" />
    <texture id="ui_inGame2_upgrade_Cheyser_13_4" x="720" y="704" width="90" height="44" />
    <texture id="ui_inGame2_upgrade_Cheyser_13_5" x="540" y="792" width="90" height="44" />
    <texture id="ui_inGame2_upgrade_Cheyser_13_6" x="630" y="792" width="90" height="44" />
    <texture id="ui_inGame2_upgrade_Cheyser_13_7" x="630" y="836" width="90" height="44" />
    <texture id="ui_inGame2_upgrade_Cheyser_13_8" x="720" y="792" width="90" height="44" />
    <texture id="ui_inGame2_upgrade_Cheyser_13_9" x="540" y="880" width="90" height="44" />
    <texture id="ui_inGame2_upgrade_Cheyser_13_10" x="630" y="880" width="90" height="44" />
    <texture id="ui_inGame2_upgrade_Cheyser_13_11" x="630" y="924" width="90" height="44" />
    <texture id="ui_inGame2_upgrade_Cheyser_13_12" x="720" y="880" width="90" height="44" />
    <texture id="ui_inGame2_upgrade_Cheyser_13_13" x="720" y="924" width="90" height="44" />
    <texture id="ui_inGame2_upgrade_Cheyser_13_14" x="540" y="968" width="90" height="44" />
  </file>
  <file name="ui\ui_actor_upgrades_4">

    <texture id="ui_inGame2_upgrade_HPSS_1m_1" x="0" y="0" width="90" height="44" />
    <texture id="ui_inGame2_upgrade_HPSS_1m_2" x="90" y="0" width="90" height="44" />
    <texture id="ui_inGame2_upgrade_HPSS_1m_3" x="90" y="44" width="90" height="44" />
    <texture id="ui_inGame2_upgrade_HPSS_1m_4" x="180" y="0" width="90" height="44" />
    <texture id="ui_inGame2_upgrade_HPSS_1m_5" x="0" y="88" width="90" height="44" />
    <texture id="ui_inGame2_upgrade_HPSS_1m_6" x="90" y="88" width="90" height="44" />
    <texture id="ui_inGame2_upgrade_HPSS_1m_7" x="180" y="88" width="90" height="44" />
    <texture id="ui_inGame2_upgrade_HPSS_1m_8" x="180" y="132" width="90" height="44" />
    <texture id="ui_inGame2_upgrade_HPSS_1m_9" x="0" y="176" width="90" height="44" />
    <texture id="ui_inGame2_upgrade_HPSS_1m_10" x="90" y="176" width="90" height="44" />
    <texture id="ui_inGame2_upgrade_HPSS_1m_11" x="90" y="220" width="90" height="44" />
    <texture id="ui_inGame2_upgrade_HPSS_1m_12" x="0" y="264" width="90" height="44" />
    <texture id="ui_inGame2_upgrade_HPSS_1m_13" x="90" y="264" width="90" height="44" />
    <texture id="ui_inGame2_upgrade_HPSS_1m_14" x="180" y="264" width="90" height="44" />
    <texture id="ui_inGame2_upgrade_HPSS_1m_15" x="0" y="308" width="90" height="44" />
    <texture id="ui_inGame2_upgrade_HPSS_1m_16" x="90" y="308" width="90" height="44" />

    <texture id="ui_inGame2_upgrade_Black_hawk_1" x="0" y="352" width="90" height="44" />
    <texture id="ui_inGame2_upgrade_Black_hawk_2" x="90" y="352" width="90" height="44" />
    <texture id="ui_inGame2_upgrade_Black_hawk_3" x="180" y="352" width="90" height="44" />
    <texture id="ui_inGame2_upgrade_Black_hawk_4" x="180" y="396" width="90" height="44" />
    <texture id="ui_inGame2_upgrade_Black_hawk_5" x="0" y="440" width="90" height="44" />
    <texture id="ui_inGame2_upgrade_Black_hawk_6" x="90" y="440" width="90" height="44" />
    <texture id="ui_inGame2_upgrade_Black_hawk_7" x="180" y="440" width="90" height="44" />
    <texture id="ui_inGame2_upgrade_Black_hawk_8" x="180" y="484" width="90" height="44" />
    <texture id="ui_inGame2_upgrade_Black_hawk_9" x="0" y="528" width="90" height="44" />
    <texture id="ui_inGame2_upgrade_Black_hawk_10" x="90" y="528" width="90" height="44" />
    <texture id="ui_inGame2_upgrade_Black_hawk_11" x="90" y="572" width="90" height="44" />
    <texture id="ui_inGame2_upgrade_Black_hawk_12" x="180" y="528" width="90" height="44" />
    <texture id="ui_inGame2_upgrade_Black_hawk_13" x="0" y="616" width="90" height="44" />
    <texture id="ui_inGame2_upgrade_Black_hawk_14" x="90" y="616" width="90" height="44" />
    <texture id="ui_inGame2_upgrade_Black_hawk_15" x="0" y="660" width="90" height="44" />

    <texture id="ui_inGame2_upgrade_Protecta_1" x="0" y="704" width="90" height="44" />
    <texture id="ui_inGame2_upgrade_Protecta_2" x="90" y="704" width="90" height="44" />
    <texture id="ui_inGame2_upgrade_Protecta_3" x="180" y="704" width="90" height="44" />
    <texture id="ui_inGame2_upgrade_Protecta_4" x="90" y="748" width="90" height="44" />
    <texture id="ui_inGame2_upgrade_Protecta_5" x="180" y="748" width="90" height="44" />
    <texture id="ui_inGame2_upgrade_Protecta_6" x="0" y="792" width="90" height="44" />
    <texture id="ui_inGame2_upgrade_Protecta_7" x="90" y="792" width="90" height="44" />
    <texture id="ui_inGame2_upgrade_Protecta_8" x="90" y="836" width="90" height="44" />
    <texture id="ui_inGame2_upgrade_Protecta_9" x="0" y="880" width="90" height="44" />
    <texture id="ui_inGame2_upgrade_Protecta_10" x="90" y="880" width="90" height="44" />
    <texture id="ui_inGame2_upgrade_Protecta_11" x="180" y="880" width="90" height="44" />
    <texture id="ui_inGame2_upgrade_Protecta_12" x="90" y="924" width="90" height="44" />
    <texture id="ui_inGame2_upgrade_Protecta_13" x="0" y="968" width="90" height="44" />
    <texture id="ui_inGame2_upgrade_Protecta_14" x="90" y="968" width="90" height="44" />

  </file>
	<file name="ui\ui_actor_weapons">

	<texture id="ui_inGame2_upgrade_weapon_AS96_2" x="591" y="748" width="291" height="115" />
	<texture id="ui_inGame2_upgrade_weapon_AKM74_2" x="304" y="627" width="295" height="110" />
	<texture id="ui_inGame2_upgrade_weapon_AKM74_2U" x="300" y="129" width="258" height="138" />
	<texture id="ui_inGame2_upgrade_weapon_Vintar_VS" x="8" y="395" width="290" height="78" />
	<texture id="ui_inGame2_upgrade_weapon_Volker_P9M" x="569" y="8" width="249" height="117" />
	<texture id="ui_inGame2_upgrade_weapon_Gadyuka_5" x="561" y="129" width="292" height="114" />
	<texture id="ui_inGame2_upgrade_weapon_GP37" x="275" y="8" width="292" height="120" />
	<texture id="ui_inGame2_upgrade_weapon_Grom_S14" x="8" y="128" width="291" height="107" />
	<texture id="ui_inGame2_upgrade_weapon_IL86" x="303" y="515" width="294" height="110" />
	<texture id="ui_inGame2_upgrade_weapon_Kora_919" x="268" y="270" width="192" height="123" />
	<texture id="ui_inGame2_upgrade_weapon_Marta" x="8" y="8" width="265" height="98" />
	<texture id="ui_inGame2_upgrade_weapon_Obrez" x="599" y="559" width="272" height="54" />
	<texture id="ui_inGame2_upgrade_weapon_Hunting_rifle" x="9" y="815" width="286" height="95" />
	<texture id="ui_inGame2_upgrade_weapon_PB1s" x="462" y="270" width="255" height="101" />
	<texture id="ui_inGame2_upgrade_weapon_PMm" x="830" y="8" width="133" height="118" />
	<texture id="ui_inGame2_upgrade_weapon_RP74" x="8" y="593" width="294" height="83" />
	<texture id="ui_inGame2_upgrade_weapon_SA_Lavina" x="297" y="739" width="292" height="99" />
	<texture id="ui_inGame2_upgrade_weapon_SVD_M2" x="8" y="677" width="287" height="135" />
	<texture id="ui_inGame2_upgrade_weapon_SVU_mk2" x="594" y="395" width="294" height="80" />
	<texture id="ui_inGame2_upgrade_weapon_SGI_5K" x="598" y="476" width="296" height="81" />
	<texture id="ui_inGame2_upgrade_weapon_SIP_t_M200" x="8" y="270" width="257" height="100" />
	<texture id="ui_inGame2_upgrade_weapon_SPSA_14" x="8" y="475" width="290" height="57" />
	<texture id="ui_inGame2_upgrade_weapon_TRs_301" x="297" y="840" width="292" height="98" />
	<texture id="ui_inGame2_upgrade_weapon_UDP_compact" x="720" y="270" width="255" height="109" />
	<texture id="ui_inGame2_upgrade_weapon_Fora_12" x="855" y="129" width="161" height="120" />
	<texture id="ui_inGame2_upgrade_weapon_FT200_M" x="300" y="395" width="292" height="118" />
	<texture id="ui_inGame2_upgrade_weapon_HPSS_1M" x="600" y="614" width="192" height="122" />
	<texture id="ui_inGame2_upgrade_weapon_Cheyser_13" x="8" y="533" width="293" height="59" />
	<texture id="ui_inGame2_upgrade_weapon_Black_hawk" x="794" y="614" width="203" height="132" />
	<texture id="ui_inGame2_upgrade_weapon_Gauss" x="298" y="939" width="297" height="81" />
	<texture id="ui_inGame2_upgrade_weapon_RG6" x="596" y="864" width="290" height="141" />
	<texture id="ui_inGame2_upgrade_weapon_Granade_F1" x="924" y="383" width="60" height="132" />
	<texture id="ui_inGame2_upgrade_weapon_Granade_RGD5" x="918" y="856" width="68" height="129" />
	<texture id="ui_inGame2_upgrade_weapon_Knife" x="875" y="556" width="148" height="52" />


</file>
	<file name="ui\ui_actor_armor">

	<texture id="ui_inGame2_upgrade_weapon_RPG" x="29" y="811" width="290" height="124" />

   </file>
</w>


























