<w>
	<file name="ui\ui_actor_upgrades_armor">
		<texture id="ui_inGame2_upgrade_novice_outfit_1" x="1080" y="1407" width="90" height="44" />
		<texture id="ui_inGame2_upgrade_novice_outfit_2" x="1170" y="1407" width="90" height="44" />
		<texture id="ui_inGame2_upgrade_novice_outfit_3" x="1260" y="1407" width="90" height="44" />
		<texture id="ui_inGame2_upgrade_novice_outfit_4" x="1080" y="1451" width="90" height="44" />
		<texture id="ui_inGame2_upgrade_novice_outfit_5" x="1170" y="1451" width="90" height="44" />
		<texture id="ui_inGame2_upgrade_novice_outfit_6" x="1170" y="1495" width="90" height="44" />
		<texture id="ui_inGame2_upgrade_novice_outfit_7" x="1080" y="1539" width="90" height="44" />

		<texture id="ui_inGame2_upgrade_stalker_outfit_1" x="1080" y="1143" width="90" height="44" />
		<texture id="ui_inGame2_upgrade_stalker_outfit_2" x="1170" y="1143" width="90" height="44" />
		<texture id="ui_inGame2_upgrade_stalker_outfit_3" x="1260" y="1143" width="90" height="44" />
		<texture id="ui_inGame2_upgrade_stalker_outfit_4" x="1170" y="1187" width="90" height="44" />
		<texture id="ui_inGame2_upgrade_stalker_outfit_5" x="1080" y="1231" width="90" height="44" />
		<texture id="ui_inGame2_upgrade_stalker_outfit_6" x="1170" y="1231" width="90" height="44" />
		<texture id="ui_inGame2_upgrade_stalker_outfit_7" x="1260" y="1231" width="90" height="44" />
		<texture id="ui_inGame2_upgrade_stalker_outfit_8" x="1170" y="1275" width="90" height="44" />
		<texture id="ui_inGame2_upgrade_stalker_outfit_9" x="1260" y="1275" width="90" height="44" />
		<texture id="ui_inGame2_upgrade_stalker_outfit_10" x="1080" y="1319" width="90" height="44" />
		<texture id="ui_inGame2_upgrade_stalker_outfit_11" x="1170" y="1319" width="90" height="44" />
		<texture id="ui_inGame2_upgrade_stalker_outfit_12" x="1260" y="1319" width="90" height="44" />
		<texture id="ui_inGame2_upgrade_stalker_outfit_13" x="1170" y="1363" width="90" height="44" />

		<texture id="ui_inGame2_upgrade_bandit_brownrain_outfit_1" x="1350" y="1407" width="90" height="44" />
		<texture id="ui_inGame2_upgrade_bandit_brownrain_outfit_2" x="1440" y="1407" width="90" height="44" />
		<texture id="ui_inGame2_upgrade_bandit_brownrain_outfit_3" x="1530" y="1407" width="90" height="44" />
		<texture id="ui_inGame2_upgrade_bandit_brownrain_outfit_4" x="1350" y="1451" width="90" height="44" />
		<texture id="ui_inGame2_upgrade_bandit_brownrain_outfit_5" x="1440" y="1451" width="90" height="44" />
		<texture id="ui_inGame2_upgrade_bandit_brownrain_outfit_6" x="1440" y="1495" width="90" height="44" />
		<texture id="ui_inGame2_upgrade_bandit_brownrain_outfit_7" x="1350" y="1539" width="90" height="44" />

		<texture id="ui_inGame2_upgrade_svoboda_outfit_1" x="0" y="1407" width="90" height="44" />
		<texture id="ui_inGame2_upgrade_svoboda_outfit_2" x="90" y="1407" width="90" height="44" />
		<texture id="ui_inGame2_upgrade_svoboda_outfit_3" x="180" y="1407" width="90" height="44" />
		<texture id="ui_inGame2_upgrade_svoboda_outfit_4" x="180" y="1451" width="90" height="44" />
		<texture id="ui_inGame2_upgrade_svoboda_outfit_5" x="0" y="1495" width="90" height="44" />
		<texture id="ui_inGame2_upgrade_svoboda_outfit_6" x="90" y="1495" width="90" height="44" />
		<texture id="ui_inGame2_upgrade_svoboda_outfit_7" x="180" y="1495" width="90" height="44" />
		<texture id="ui_inGame2_upgrade_svoboda_outfit_8" x="90" y="1539" width="90" height="44" />
		<texture id="ui_inGame2_upgrade_svoboda_outfit_9" x="0" y="1583" width="90" height="44" />
		<texture id="ui_inGame2_upgrade_svoboda_outfit_10" x="90" y="1583" width="90" height="44" />
		<texture id="ui_inGame2_upgrade_svoboda_outfit_11" x="180" y="1583" width="90" height="44" />

		<texture id="ui_inGame2_upgrade_dolg_outfit_1" x="270" y="1407" width="90" height="44" />
		<texture id="ui_inGame2_upgrade_dolg_outfit_2" x="360" y="1407" width="90" height="44" />
		<texture id="ui_inGame2_upgrade_dolg_outfit_3" x="450" y="1407" width="90" height="44" />
		<texture id="ui_inGame2_upgrade_dolg_outfit_4" x="450" y="1451" width="90" height="44" />
		<texture id="ui_inGame2_upgrade_dolg_outfit_5" x="270" y="1495" width="90" height="44" />
		<texture id="ui_inGame2_upgrade_dolg_outfit_6" x="360" y="1495" width="90" height="44" />
		<texture id="ui_inGame2_upgrade_dolg_outfit_7" x="450" y="1495" width="90" height="44" />
		<texture id="ui_inGame2_upgrade_dolg_outfit_8" x="360" y="1539" width="90" height="44" />
		<texture id="ui_inGame2_upgrade_dolg_outfit_9" x="270" y="1583" width="90" height="44" />
		<texture id="ui_inGame2_upgrade_dolg_outfit_10" x="360" y="1583" width="90" height="44" />
		<texture id="ui_inGame2_upgrade_dolg_outfit_11" x="450" y="1583" width="90" height="44" />

		<texture id="ui_inGame2_upgrade_svoboda_light_outfit_1" x="0" y="1142" width="90" height="44" />
		<texture id="ui_inGame2_upgrade_svoboda_light_outfit_2" x="90" y="1142" width="90" height="44" />
		<texture id="ui_inGame2_upgrade_svoboda_light_outfit_3" x="180" y="1142" width="90" height="44" />
		<texture id="ui_inGame2_upgrade_svoboda_light_outfit_4" x="180" y="1187" width="90" height="44" />
		<texture id="ui_inGame2_upgrade_svoboda_light_outfit_5" x="0" y="1231" width="90" height="44" />
		<texture id="ui_inGame2_upgrade_svoboda_light_outfit_6" x="90" y="1231" width="90" height="44" />
		<texture id="ui_inGame2_upgrade_svoboda_light_outfit_7" x="180" y="1231" width="90" height="44" />
		<texture id="ui_inGame2_upgrade_svoboda_light_outfit_8" x="90" y="1275" width="90" height="44" />
		<texture id="ui_inGame2_upgrade_svoboda_light_outfit_9" x="180" y="1275" width="90" height="44" />
		<texture id="ui_inGame2_upgrade_svoboda_light_outfit_10" x="0" y="1319" width="90" height="44" />
		<texture id="ui_inGame2_upgrade_svoboda_light_outfit_11" x="90" y="1319" width="90" height="44" />
		<texture id="ui_inGame2_upgrade_svoboda_light_outfit_12" x="180" y="1319" width="90" height="44" />
		<texture id="ui_inGame2_upgrade_svoboda_light_outfit_13" x="90" y="1363" width="90" height="44" />

		<texture id="ui_inGame2_upgrade_scientific_outfit_1" x="1080" y="747" width="90" height="44" />
		<texture id="ui_inGame2_upgrade_scientific_outfit_2" x="1170" y="747" width="90" height="44" />
		<texture id="ui_inGame2_upgrade_scientific_outfit_3" x="1260" y="747" width="90" height="44" />
		<texture id="ui_inGame2_upgrade_scientific_outfit_4" x="1170" y="791" width="90" height="44" />
		<texture id="ui_inGame2_upgrade_scientific_outfit_5" x="1260" y="791" width="90" height="44" />
		<texture id="ui_inGame2_upgrade_scientific_outfit_6" x="1080" y="835" width="90" height="44" />
		<texture id="ui_inGame2_upgrade_scientific_outfit_7" x="1170" y="835" width="90" height="44" />
		<texture id="ui_inGame2_upgrade_scientific_outfit_8" x="1260" y="835" width="90" height="44" />
		<texture id="ui_inGame2_upgrade_scientific_outfit_9" x="1170" y="879" width="90" height="44" />
		<texture id="ui_inGame2_upgrade_scientific_outfit_10" x="1260" y="879" width="90" height="44" />
		<texture id="ui_inGame2_upgrade_scientific_outfit_11" x="1080" y="923" width="90" height="44" />
		<texture id="ui_inGame2_upgrade_scientific_outfit_12" x="1170" y="923" width="90" height="44" />
		<texture id="ui_inGame2_upgrade_scientific_outfit_13" x="1260" y="923" width="90" height="44" />
		<texture id="ui_inGame2_upgrade_scientific_outfit_14" x="1170" y="967" width="90" height="44" />
		<texture id="ui_inGame2_upgrade_scientific_outfit_15" x="1080" y="1011" width="90" height="44" />
		<texture id="ui_inGame2_upgrade_scientific_outfit_16" x="1170" y="1011" width="90" height="44" />
		<texture id="ui_inGame2_upgrade_scientific_outfit_17" x="1260" y="1011" width="90" height="44" />
		<texture id="ui_inGame2_upgrade_scientific_outfit_18" x="1080" y="1055" width="90" height="44" />
		<texture id="ui_inGame2_upgrade_scientific_outfit_19" x="1170" y="1055" width="90" height="44" />
		<texture id="ui_inGame2_upgrade_scientific_outfit_20" x="1260" y="1055" width="90" height="44" />
		<texture id="ui_inGame2_upgrade_scientific_outfit_21" x="1260" y="1099" width="90" height="44" />

		<texture id="ui_inGame2_upgrade_svoboda_scientific_outfit_1" x="0" y="747" width="90" height="44" />
		<texture id="ui_inGame2_upgrade_svoboda_scientific_outfit_2" x="90" y="747" width="90" height="44" />
		<texture id="ui_inGame2_upgrade_svoboda_scientific_outfit_3" x="180" y="747" width="90" height="44" />
		<texture id="ui_inGame2_upgrade_svoboda_scientific_outfit_4" x="90" y="791" width="90" height="44" />
		<texture id="ui_inGame2_upgrade_svoboda_scientific_outfit_5" x="180" y="791" width="90" height="44" />
		<texture id="ui_inGame2_upgrade_svoboda_scientific_outfit_6" x="0" y="835" width="90" height="44" />
		<texture id="ui_inGame2_upgrade_svoboda_scientific_outfit_7" x="90" y="835" width="90" height="44" />
		<texture id="ui_inGame2_upgrade_svoboda_scientific_outfit_8" x="180" y="835" width="90" height="44" />
		<texture id="ui_inGame2_upgrade_svoboda_scientific_outfit_9" x="90" y="879" width="90" height="44" />
		<texture id="ui_inGame2_upgrade_svoboda_scientific_outfit_10" x="180" y="879" width="90" height="44" />
		<texture id="ui_inGame2_upgrade_svoboda_scientific_outfit_11" x="0" y="923" width="90" height="44" />
		<texture id="ui_inGame2_upgrade_svoboda_scientific_outfit_12" x="90" y="923" width="90" height="44" />
		<texture id="ui_inGame2_upgrade_svoboda_scientific_outfit_13" x="180" y="923" width="90" height="44" />
		<texture id="ui_inGame2_upgrade_svoboda_scientific_outfit_14" x="90" y="967" width="90" height="44" />
		<texture id="ui_inGame2_upgrade_svoboda_scientific_outfit_15" x="0" y="1011" width="90" height="44" />
		<texture id="ui_inGame2_upgrade_svoboda_scientific_outfit_16" x="90" y="1011" width="90" height="44" />
		<texture id="ui_inGame2_upgrade_svoboda_scientific_outfit_17" x="180" y="1011" width="90" height="44" />
		<texture id="ui_inGame2_upgrade_svoboda_scientific_outfit_18" x="0" y="1055" width="90" height="44" />
		<texture id="ui_inGame2_upgrade_svoboda_scientific_outfit_19" x="90" y="1055" width="90" height="44" />
		<texture id="ui_inGame2_upgrade_svoboda_scientific_outfit_20" x="180" y="1055" width="90" height="44" />
		<texture id="ui_inGame2_upgrade_svoboda_scientific_outfit_21" x="180" y="1099" width="90" height="44" />

		<texture id="ui_inGame2_upgrade_dolg_scientific_outfit_1" x="270" y="747" width="90" height="44" />
		<texture id="ui_inGame2_upgrade_dolg_scientific_outfit_2" x="360" y="747" width="90" height="44" />
		<texture id="ui_inGame2_upgrade_dolg_scientific_outfit_3" x="450" y="747" width="90" height="44" />
		<texture id="ui_inGame2_upgrade_dolg_scientific_outfit_4" x="360" y="791" width="90" height="44" />
		<texture id="ui_inGame2_upgrade_dolg_scientific_outfit_5" x="450" y="791" width="90" height="44" />
		<texture id="ui_inGame2_upgrade_dolg_scientific_outfit_6" x="270" y="835" width="90" height="44" />
		<texture id="ui_inGame2_upgrade_dolg_scientific_outfit_7" x="360" y="835" width="90" height="44" />
		<texture id="ui_inGame2_upgrade_dolg_scientific_outfit_8" x="450" y="835" width="90" height="44" />
		<texture id="ui_inGame2_upgrade_dolg_scientific_outfit_9" x="360" y="879" width="90" height="44" />
		<texture id="ui_inGame2_upgrade_dolg_scientific_outfit_10" x="450" y="879" width="90" height="44" />
		<texture id="ui_inGame2_upgrade_dolg_scientific_outfit_11" x="270" y="923" width="90" height="44" />
		<texture id="ui_inGame2_upgrade_dolg_scientific_outfit_12" x="360" y="923" width="90" height="44" />
		<texture id="ui_inGame2_upgrade_dolg_scientific_outfit_13" x="450" y="923" width="90" height="44" />
		<texture id="ui_inGame2_upgrade_dolg_scientific_outfit_14" x="360" y="967" width="90" height="44" />
		<texture id="ui_inGame2_upgrade_dolg_scientific_outfit_15" x="270" y="1011" width="90" height="44" />
		<texture id="ui_inGame2_upgrade_dolg_scientific_outfit_16" x="360" y="1011" width="90" height="44" />
		<texture id="ui_inGame2_upgrade_dolg_scientific_outfit_17" x="450" y="1011" width="90" height="44" />
		<texture id="ui_inGame2_upgrade_dolg_scientific_outfit_18" x="270" y="1055" width="90" height="44" />
		<texture id="ui_inGame2_upgrade_dolg_scientific_outfit_19" x="360" y="1055" width="90" height="44" />
		<texture id="ui_inGame2_upgrade_dolg_scientific_outfit_20" x="450" y="1055" width="90" height="44" />
		<texture id="ui_inGame2_upgrade_dolg_scientific_outfit_21" x="450" y="1099" width="90" height="44" />

		<texture id="ui_inGame2_upgrade_soldier_outfit_1" x="540" y="967" width="90" height="44" />
		<texture id="ui_inGame2_upgrade_soldier_outfit_2" x="630" y="967" width="90" height="44" />
		<texture id="ui_inGame2_upgrade_soldier_outfit_3" x="720" y="967" width="90" height="44" />
		<texture id="ui_inGame2_upgrade_soldier_outfit_4" x="630" y="1011" width="90" height="44" />
		<texture id="ui_inGame2_upgrade_soldier_outfit_5" x="720" y="1011" width="90" height="44" />
		<texture id="ui_inGame2_upgrade_soldier_outfit_6" x="540" y="1055" width="90" height="44" />
		<texture id="ui_inGame2_upgrade_soldier_outfit_7" x="630" y="1055" width="90" height="44" />
		<texture id="ui_inGame2_upgrade_soldier_outfit_8" x="720" y="1055" width="90" height="44" />
		<texture id="ui_inGame2_upgrade_soldier_outfit_9" x="630" y="1099" width="90" height="44" />
		<texture id="ui_inGame2_upgrade_soldier_outfit_10" x="540" y="1143" width="90" height="44" />
		<texture id="ui_inGame2_upgrade_soldier_outfit_11" x="630" y="1143" width="90" height="44" />
		<texture id="ui_inGame2_upgrade_soldier_outfit_12" x="720" y="1143" width="90" height="44" />

		<texture id="ui_inGame2_upgrade_specops_outfit_1" x="540" y="747" width="90" height="44" />
		<texture id="ui_inGame2_upgrade_specops_outfit_2" x="630" y="747" width="90" height="44" />
		<texture id="ui_inGame2_upgrade_specops_outfit_3" x="720" y="747" width="90" height="44" />
		<texture id="ui_inGame2_upgrade_specops_outfit_4" x="630" y="791" width="90" height="44" />
		<texture id="ui_inGame2_upgrade_specops_outfit_5" x="720" y="791" width="90" height="44" />
		<texture id="ui_inGame2_upgrade_specops_outfit_6" x="540" y="835" width="90" height="44" />
		<texture id="ui_inGame2_upgrade_specops_outfit_7" x="630" y="835" width="90" height="44" />
		<texture id="ui_inGame2_upgrade_specops_outfit_8" x="720" y="835" width="90" height="44" />
		<texture id="ui_inGame2_upgrade_specops_outfit_9" x="630" y="879" width="90" height="44" />
		<texture id="ui_inGame2_upgrade_specops_outfit_10" x="540" y="923" width="90" height="44" />
		<texture id="ui_inGame2_upgrade_specops_outfit_11" x="630" y="923" width="90" height="44" />
		<texture id="ui_inGame2_upgrade_specops_outfit_12" x="720" y="923" width="90" height="44" />

		<texture id="ui_inGame2_upgrade_svoboda_heavy_outfit_1" x="0" y="439" width="90" height="44" />
		<texture id="ui_inGame2_upgrade_svoboda_heavy_outfit_2" x="90" y="439" width="90" height="44" />
		<texture id="ui_inGame2_upgrade_svoboda_heavy_outfit_3" x="180" y="439" width="90" height="44" />
		<texture id="ui_inGame2_upgrade_svoboda_heavy_outfit_4" x="180" y="483" width="90" height="44" />
		<texture id="ui_inGame2_upgrade_svoboda_heavy_outfit_5" x="0" y="527" width="90" height="44" />
		<texture id="ui_inGame2_upgrade_svoboda_heavy_outfit_6" x="90" y="527" width="90" height="44" />
		<texture id="ui_inGame2_upgrade_svoboda_heavy_outfit_7" x="180" y="527" width="90" height="44" />
		<texture id="ui_inGame2_upgrade_svoboda_heavy_outfit_8" x="90" y="571" width="90" height="44" />
		<texture id="ui_inGame2_upgrade_svoboda_heavy_outfit_9" x="180" y="571" width="90" height="44" />
		<texture id="ui_inGame2_upgrade_svoboda_heavy_outfit_10" x="0" y="615" width="90" height="44" />
		<texture id="ui_inGame2_upgrade_svoboda_heavy_outfit_11" x="90" y="615" width="90" height="44" />
		<texture id="ui_inGame2_upgrade_svoboda_heavy_outfit_12" x="180" y="615" width="90" height="44" />
		<texture id="ui_inGame2_upgrade_svoboda_heavy_outfit_13" x="90" y="659" width="90" height="44" />

		<texture id="ui_inGame2_upgrade_csky_heavy_outfit_1" x="810" y="439" width="90" height="44" />
		<texture id="ui_inGame2_upgrade_csky_heavy_outfit_2" x="900" y="439" width="90" height="44" />
		<texture id="ui_inGame2_upgrade_csky_heavy_outfit_3" x="990" y="439" width="90" height="44" />
		<texture id="ui_inGame2_upgrade_csky_heavy_outfit_4" x="900" y="483" width="90" height="44" />
		<texture id="ui_inGame2_upgrade_csky_heavy_outfit_5" x="990" y="483" width="90" height="44" />
		<texture id="ui_inGame2_upgrade_csky_heavy_outfit_6" x="810" y="527" width="90" height="44" />
		<texture id="ui_inGame2_upgrade_csky_heavy_outfit_7" x="900" y="527" width="90" height="44" />
		<texture id="ui_inGame2_upgrade_csky_heavy_outfit_8" x="990" y="527" width="90" height="44" />
		<texture id="ui_inGame2_upgrade_csky_heavy_outfit_9" x="900" y="571" width="90" height="44" />
		<texture id="ui_inGame2_upgrade_csky_heavy_outfit_10" x="990" y="571" width="90" height="44" />
		<texture id="ui_inGame2_upgrade_csky_heavy_outfit_11" x="810" y="615" width="90" height="44" />
		<texture id="ui_inGame2_upgrade_csky_heavy_outfit_12" x="900" y="615" width="90" height="44" />
		<texture id="ui_inGame2_upgrade_csky_heavy_outfit_13" x="990" y="615" width="90" height="44" />
		<texture id="ui_inGame2_upgrade_csky_heavy_outfit_14" x="900" y="659" width="90" height="44" />
		<texture id="ui_inGame2_upgrade_csky_heavy_outfit_15" x="810" y="703" width="90" height="44" />
		<texture id="ui_inGame2_upgrade_csky_heavy_outfit_16" x="900" y="703" width="90" height="44" />
		<texture id="ui_inGame2_upgrade_csky_heavy_outfit_17" x="990" y="703" width="90" height="44" />

		<texture id="ui_inGame2_upgrade_military_outfit_1" x="540" y="439" width="90" height="44" />
		<texture id="ui_inGame2_upgrade_military_outfit_2" x="630" y="439" width="90" height="44" />
		<texture id="ui_inGame2_upgrade_military_outfit_3" x="720" y="439" width="90" height="44" />
		<texture id="ui_inGame2_upgrade_military_outfit_4" x="630" y="483" width="90" height="44" />
		<texture id="ui_inGame2_upgrade_military_outfit_5" x="720" y="483" width="90" height="44" />
		<texture id="ui_inGame2_upgrade_military_outfit_6" x="540" y="527" width="90" height="44" />
		<texture id="ui_inGame2_upgrade_military_outfit_7" x="630" y="527" width="90" height="44" />
		<texture id="ui_inGame2_upgrade_military_outfit_8" x="720" y="527" width="90" height="44" />
		<texture id="ui_inGame2_upgrade_military_outfit_9" x="630" y="571" width="90" height="44" />
		<texture id="ui_inGame2_upgrade_military_outfit_10" x="720" y="571" width="90" height="44" />
		<texture id="ui_inGame2_upgrade_military_outfit_11" x="540" y="615" width="90" height="44" />
		<texture id="ui_inGame2_upgrade_military_outfit_12" x="630" y="615" width="90" height="44" />
		<texture id="ui_inGame2_upgrade_military_outfit_13" x="720" y="615" width="90" height="44" />
		<texture id="ui_inGame2_upgrade_military_outfit_14" x="630" y="659" width="90" height="44" />
		<texture id="ui_inGame2_upgrade_military_outfit_15" x="540" y="703" width="90" height="44" />
		<texture id="ui_inGame2_upgrade_military_outfit_16" x="630" y="703" width="90" height="44" />
		<texture id="ui_inGame2_upgrade_military_outfit_17" x="720" y="703" width="90" height="44" />

		<texture id="ui_inGame2_upgrade_dolg_heavy_outfit_1" x="270" y="439" width="90" height="44" />
		<texture id="ui_inGame2_upgrade_dolg_heavy_outfit_2" x="360" y="439" width="90" height="44" />
		<texture id="ui_inGame2_upgrade_dolg_heavy_outfit_3" x="450" y="439" width="90" height="44" />
		<texture id="ui_inGame2_upgrade_dolg_heavy_outfit_4" x="360" y="483" width="90" height="44" />
		<texture id="ui_inGame2_upgrade_dolg_heavy_outfit_5" x="450" y="483" width="90" height="44" />
		<texture id="ui_inGame2_upgrade_dolg_heavy_outfit_6" x="270" y="527" width="90" height="44" />
		<texture id="ui_inGame2_upgrade_dolg_heavy_outfit_7" x="360" y="527" width="90" height="44" />
		<texture id="ui_inGame2_upgrade_dolg_heavy_outfit_8" x="450" y="527" width="90" height="44" />
		<texture id="ui_inGame2_upgrade_dolg_heavy_outfit_9" x="360" y="571" width="90" height="44" />
		<texture id="ui_inGame2_upgrade_dolg_heavy_outfit_10" x="270" y="615" width="90" height="44" />
		<texture id="ui_inGame2_upgrade_dolg_heavy_outfit_11" x="360" y="615" width="90" height="44" />
		<texture id="ui_inGame2_upgrade_dolg_heavy_outfit_12" x="450" y="615" width="90" height="44" />
		<texture id="ui_inGame2_upgrade_dolg_heavy_outfit_13" x="360" y="659" width="90" height="44" />
		<texture id="ui_inGame2_upgrade_dolg_heavy_outfit_14" x="270" y="703" width="90" height="44" />
		<texture id="ui_inGame2_upgrade_dolg_heavy_outfit_15" x="360" y="703" width="90" height="44" />
		<texture id="ui_inGame2_upgrade_dolg_heavy_outfit_16" x="450" y="703" width="90" height="44" />

		<texture id="ui_inGame2_upgrade_exo_outfit_1" x="1080" y="0" width="90" height="44" />
		<texture id="ui_inGame2_upgrade_exo_outfit_2" x="1170" y="0" width="90" height="44" />
		<texture id="ui_inGame2_upgrade_exo_outfit_3" x="1260" y="0" width="90" height="44" />
		<texture id="ui_inGame2_upgrade_exo_outfit_4" x="1170" y="44" width="90" height="44" />
		<texture id="ui_inGame2_upgrade_exo_outfit_5" x="1260" y="44" width="90" height="44" />
		<texture id="ui_inGame2_upgrade_exo_outfit_6" x="1080" y="88" width="90" height="44" />
		<texture id="ui_inGame2_upgrade_exo_outfit_7" x="1170" y="88" width="90" height="44" />
		<texture id="ui_inGame2_upgrade_exo_outfit_8" x="1260" y="88" width="90" height="44" />
		<texture id="ui_inGame2_upgrade_exo_outfit_9" x="1170" y="132" width="90" height="44" />
		<texture id="ui_inGame2_upgrade_exo_outfit_10" x="1260" y="132" width="90" height="44" />
		<texture id="ui_inGame2_upgrade_exo_outfit_11" x="1080" y="176" width="90" height="44" />
		<texture id="ui_inGame2_upgrade_exo_outfit_12" x="1170" y="176" width="90" height="44" />
		<texture id="ui_inGame2_upgrade_exo_outfit_13" x="1260" y="176" width="90" height="44" />
		<texture id="ui_inGame2_upgrade_exo_outfit_14" x="1170" y="220" width="90" height="44" />
		<texture id="ui_inGame2_upgrade_exo_outfit_15" x="1080" y="264" width="90" height="44" />
		<texture id="ui_inGame2_upgrade_exo_outfit_16" x="1170" y="264" width="90" height="44" />
		<texture id="ui_inGame2_upgrade_exo_outfit_17" x="1260" y="264" width="90" height="44" />
		<texture id="ui_inGame2_upgrade_exo_outfit_18" x="1170" y="308" width="90" height="44" />
		<texture id="ui_inGame2_upgrade_exo_outfit_19" x="1260" y="308" width="90" height="44" />
		<texture id="ui_inGame2_upgrade_exo_outfit_20" x="1080" y="352" width="90" height="44" />
		<texture id="ui_inGame2_upgrade_exo_outfit_21" x="1170" y="352" width="90" height="44" />
		<texture id="ui_inGame2_upgrade_exo_outfit_22" x="1260" y="352" width="90" height="44" />
		<texture id="ui_inGame2_upgrade_exo_outfit_23" x="1170" y="396" width="90" height="44" />

		<texture id="ui_inGame2_upgrade_svoboda_exo_outfit_1" x="0" y="0" width="90" height="44" />
		<texture id="ui_inGame2_upgrade_svoboda_exo_outfit_2" x="90" y="0" width="90" height="44" />
		<texture id="ui_inGame2_upgrade_svoboda_exo_outfit_3" x="180" y="0" width="90" height="44" />
		<texture id="ui_inGame2_upgrade_svoboda_exo_outfit_4" x="90" y="44" width="90" height="44" />
		<texture id="ui_inGame2_upgrade_svoboda_exo_outfit_5" x="180" y="44" width="90" height="44" />
		<texture id="ui_inGame2_upgrade_svoboda_exo_outfit_6" x="0" y="88" width="90" height="44" />
		<texture id="ui_inGame2_upgrade_svoboda_exo_outfit_7" x="90" y="88" width="90" height="44" />
		<texture id="ui_inGame2_upgrade_svoboda_exo_outfit_8" x="180" y="88" width="90" height="44" />
		<texture id="ui_inGame2_upgrade_svoboda_exo_outfit_9" x="90" y="132" width="90" height="44" />
		<texture id="ui_inGame2_upgrade_svoboda_exo_outfit_10" x="180" y="132" width="90" height="44" />
		<texture id="ui_inGame2_upgrade_svoboda_exo_outfit_11" x="0" y="176" width="90" height="44" />
		<texture id="ui_inGame2_upgrade_svoboda_exo_outfit_12" x="90" y="176" width="90" height="44" />
		<texture id="ui_inGame2_upgrade_svoboda_exo_outfit_13" x="180" y="176" width="90" height="44" />
		<texture id="ui_inGame2_upgrade_svoboda_exo_outfit_14" x="90" y="220" width="90" height="44" />
		<texture id="ui_inGame2_upgrade_svoboda_exo_outfit_15" x="0" y="264" width="90" height="44" />
		<texture id="ui_inGame2_upgrade_svoboda_exo_outfit_16" x="90" y="264" width="90" height="44" />
		<texture id="ui_inGame2_upgrade_svoboda_exo_outfit_17" x="180" y="264" width="90" height="44" />
		<texture id="ui_inGame2_upgrade_svoboda_exo_outfit_18" x="90" y="308" width="90" height="44" />
		<texture id="ui_inGame2_upgrade_svoboda_exo_outfit_19" x="180" y="308" width="90" height="44" />
		<texture id="ui_inGame2_upgrade_svoboda_exo_outfit_20" x="0" y="352" width="90" height="44" />
		<texture id="ui_inGame2_upgrade_svoboda_exo_outfit_21" x="90" y="352" width="90" height="44" />
		<texture id="ui_inGame2_upgrade_svoboda_exo_outfit_22" x="180" y="352" width="90" height="44" />
		<texture id="ui_inGame2_upgrade_svoboda_exo_outfit_23" x="90" y="396" width="90" height="44" />

		<texture id="ui_inGame2_upgrade_dolg_exo_outfit_1" x="270" y="0" width="90" height="44" />
		<texture id="ui_inGame2_upgrade_dolg_exo_outfit_2" x="360" y="0" width="90" height="44" />
		<texture id="ui_inGame2_upgrade_dolg_exo_outfit_3" x="450" y="0" width="90" height="44" />
		<texture id="ui_inGame2_upgrade_dolg_exo_outfit_4" x="360" y="44" width="90" height="44" />
		<texture id="ui_inGame2_upgrade_dolg_exo_outfit_5" x="450" y="44" width="90" height="44" />
		<texture id="ui_inGame2_upgrade_dolg_exo_outfit_6" x="270" y="88" width="90" height="44" />
		<texture id="ui_inGame2_upgrade_dolg_exo_outfit_7" x="360" y="88" width="90" height="44" />
		<texture id="ui_inGame2_upgrade_dolg_exo_outfit_8" x="450" y="88" width="90" height="44" />
		<texture id="ui_inGame2_upgrade_dolg_exo_outfit_9" x="360" y="132" width="90" height="44" />
		<texture id="ui_inGame2_upgrade_dolg_exo_outfit_10" x="450" y="132" width="90" height="44" />
		<texture id="ui_inGame2_upgrade_dolg_exo_outfit_11" x="270" y="176" width="90" height="44" />
		<texture id="ui_inGame2_upgrade_dolg_exo_outfit_12" x="360" y="176" width="90" height="44" />
		<texture id="ui_inGame2_upgrade_dolg_exo_outfit_13" x="450" y="176" width="90" height="44" />
		<texture id="ui_inGame2_upgrade_dolg_exo_outfit_14" x="360" y="220" width="90" height="44" />
		<texture id="ui_inGame2_upgrade_dolg_exo_outfit_15" x="270" y="264" width="90" height="44" />
		<texture id="ui_inGame2_upgrade_dolg_exo_outfit_16" x="360" y="264" width="90" height="44" />
		<texture id="ui_inGame2_upgrade_dolg_exo_outfit_17" x="450" y="264" width="90" height="44" />
		<texture id="ui_inGame2_upgrade_dolg_exo_outfit_18" x="360" y="308" width="90" height="44" />
		<texture id="ui_inGame2_upgrade_dolg_exo_outfit_19" x="450" y="308" width="90" height="44" />
		<texture id="ui_inGame2_upgrade_dolg_exo_outfit_20" x="270" y="352" width="90" height="44" />
		<texture id="ui_inGame2_upgrade_dolg_exo_outfit_21" x="360" y="352" width="90" height="44" />
		<texture id="ui_inGame2_upgrade_dolg_exo_outfit_22" x="450" y="352" width="90" height="44" />
		<texture id="ui_inGame2_upgrade_dolg_exo_outfit_23" x="360" y="396" width="90" height="44" />

		<texture id="ui_inGame2_upgrade_merc_exo_outfit_1" x="540" y="0" width="90" height="44" />
		<texture id="ui_inGame2_upgrade_merc_exo_outfit_2" x="630" y="0" width="90" height="44" />
		<texture id="ui_inGame2_upgrade_merc_exo_outfit_3" x="720" y="0" width="90" height="44" />
		<texture id="ui_inGame2_upgrade_merc_exo_outfit_4" x="630" y="44" width="90" height="44" />
		<texture id="ui_inGame2_upgrade_merc_exo_outfit_5" x="720" y="44" width="90" height="44" />
		<texture id="ui_inGame2_upgrade_merc_exo_outfit_6" x="540" y="88" width="90" height="44" />
		<texture id="ui_inGame2_upgrade_merc_exo_outfit_7" x="630" y="88" width="90" height="44" />
		<texture id="ui_inGame2_upgrade_merc_exo_outfit_8" x="720" y="88" width="90" height="44" />
		<texture id="ui_inGame2_upgrade_merc_exo_outfit_9" x="630" y="132" width="90" height="44" />
		<texture id="ui_inGame2_upgrade_merc_exo_outfit_10" x="720" y="132" width="90" height="44" />
		<texture id="ui_inGame2_upgrade_merc_exo_outfit_11" x="540" y="176" width="90" height="44" />
		<texture id="ui_inGame2_upgrade_merc_exo_outfit_12" x="630" y="176" width="90" height="44" />
		<texture id="ui_inGame2_upgrade_merc_exo_outfit_13" x="720" y="176" width="90" height="44" />
		<texture id="ui_inGame2_upgrade_merc_exo_outfit_14" x="630" y="220" width="90" height="44" />
		<texture id="ui_inGame2_upgrade_merc_exo_outfit_15" x="540" y="264" width="90" height="44" />
		<texture id="ui_inGame2_upgrade_merc_exo_outfit_16" x="630" y="264" width="90" height="44" />
		<texture id="ui_inGame2_upgrade_merc_exo_outfit_17" x="720" y="264" width="90" height="44" />
		<texture id="ui_inGame2_upgrade_merc_exo_outfit_18" x="630" y="308" width="90" height="44" />
		<texture id="ui_inGame2_upgrade_merc_exo_outfit_19" x="720" y="308" width="90" height="44" />
		<texture id="ui_inGame2_upgrade_merc_exo_outfit_20" x="540" y="352" width="90" height="44" />
		<texture id="ui_inGame2_upgrade_merc_exo_outfit_21" x="630" y="352" width="90" height="44" />
		<texture id="ui_inGame2_upgrade_merc_exo_outfit_22" x="720" y="352" width="90" height="44" />
		<texture id="ui_inGame2_upgrade_merc_exo_outfit_23" x="630" y="396" width="90" height="44" />

		<texture id="ui_inGame2_upgrade_monolith_exo_outfit_1" x="810" y="0" width="90" height="44" />
		<texture id="ui_inGame2_upgrade_monolith_exo_outfit_2" x="900" y="0" width="90" height="44" />
		<texture id="ui_inGame2_upgrade_monolith_exo_outfit_3" x="990" y="0" width="90" height="44" />
		<texture id="ui_inGame2_upgrade_monolith_exo_outfit_4" x="900" y="44" width="90" height="44" />
		<texture id="ui_inGame2_upgrade_monolith_exo_outfit_5" x="990" y="44" width="90" height="44" />
		<texture id="ui_inGame2_upgrade_monolith_exo_outfit_6" x="810" y="88" width="90" height="44" />
		<texture id="ui_inGame2_upgrade_monolith_exo_outfit_7" x="900" y="88" width="90" height="44" />
		<texture id="ui_inGame2_upgrade_monolith_exo_outfit_8" x="990" y="88" width="90" height="44" />
		<texture id="ui_inGame2_upgrade_monolith_exo_outfit_9" x="900" y="132" width="90" height="44" />
		<texture id="ui_inGame2_upgrade_monolith_exo_outfit_10" x="990" y="132" width="90" height="44" />
		<texture id="ui_inGame2_upgrade_monolith_exo_outfit_11" x="810" y="176" width="90" height="44" />
		<texture id="ui_inGame2_upgrade_monolith_exo_outfit_12" x="900" y="176" width="90" height="44" />
		<texture id="ui_inGame2_upgrade_monolith_exo_outfit_13" x="990" y="176" width="90" height="44" />
		<texture id="ui_inGame2_upgrade_monolith_exo_outfit_14" x="900" y="220" width="90" height="44" />
		<texture id="ui_inGame2_upgrade_monolith_exo_outfit_15" x="810" y="264" width="90" height="44" />
		<texture id="ui_inGame2_upgrade_monolith_exo_outfit_16" x="900" y="264" width="90" height="44" />
		<texture id="ui_inGame2_upgrade_monolith_exo_outfit_17" x="990" y="264" width="90" height="44" />
		<texture id="ui_inGame2_upgrade_monolith_exo_outfit_18" x="900" y="308" width="90" height="44" />
		<texture id="ui_inGame2_upgrade_monolith_exo_outfit_19" x="990" y="308" width="90" height="44" />
		<texture id="ui_inGame2_upgrade_monolith_exo_outfit_20" x="810" y="352" width="90" height="44" />
		<texture id="ui_inGame2_upgrade_monolith_exo_outfit_21" x="900" y="352" width="90" height="44" />
		<texture id="ui_inGame2_upgrade_monolith_exo_outfit_22" x="990" y="352" width="90" height="44" />
		<texture id="ui_inGame2_upgrade_monolith_exo_outfit_23" x="900" y="396" width="90" height="44" />



		<texture id="ui_inGame2_upgrade_helm_respirator_1" x="990" y="1871" width="90" height="44" />
		<texture id="ui_inGame2_upgrade_helm_respirator_2" x="1080" y="1871" width="90" height="44" />
		<texture id="ui_inGame2_upgrade_helm_respirator_3" x="1080" y="1915" width="90" height="44" />

		<texture id="ui_inGame2_upgrade_helm_respirator_gp7_1" x="990" y="1959" width="90" height="44" />
		<texture id="ui_inGame2_upgrade_helm_respirator_gp7_2" x="1080" y="1959" width="90" height="44" />
		<texture id="ui_inGame2_upgrade_helm_respirator_gp7_3" x="1080" y="2003" width="90" height="44" />

		<texture id="ui_inGame2_upgrade_helm_hardhat_1" x="810" y="1871" width="90" height="44" />
		<texture id="ui_inGame2_upgrade_helm_hardhat_2" x="900" y="1871" width="90" height="44" />
		<texture id="ui_inGame2_upgrade_helm_hardhat_3" x="900" y="1915" width="90" height="44" />
		<texture id="ui_inGame2_upgrade_helm_hardhat_4" x="810" y="1959" width="90" height="44" />

		<texture id="ui_inGame2_upgrade_helm_protective_1" x="540" y="1871" width="90" height="44" />
		<texture id="ui_inGame2_upgrade_helm_protective_2" x="630" y="1871" width="90" height="44" />
		<texture id="ui_inGame2_upgrade_helm_protective_3" x="720" y="1871" width="90" height="44" />
		<texture id="ui_inGame2_upgrade_helm_protective_4" x="630" y="1915" width="90" height="44" />
		<texture id="ui_inGame2_upgrade_helm_protective_5" x="720" y="1915" width="90" height="44" />
		<texture id="ui_inGame2_upgrade_helm_protective_6" x="540" y="1959" width="90" height="44" />
		<texture id="ui_inGame2_upgrade_helm_protective_7" x="630" y="1959" width="90" height="44" />
		<texture id="ui_inGame2_upgrade_helm_protective_8" x="720" y="1959" width="90" height="44" />

		<texture id="ui_inGame2_upgrade_helm_tactic_1" x="270" y="1871" width="90" height="44" />
		<texture id="ui_inGame2_upgrade_helm_tactic_2" x="360" y="1871" width="90" height="44" />
		<texture id="ui_inGame2_upgrade_helm_tactic_3" x="450" y="1871" width="90" height="44" />
		<texture id="ui_inGame2_upgrade_helm_tactic_4" x="360" y="1915" width="90" height="44" />
		<texture id="ui_inGame2_upgrade_helm_tactic_5" x="450" y="1915" width="90" height="44" />
		<texture id="ui_inGame2_upgrade_helm_tactic_6" x="270" y="1959" width="90" height="44" />
		<texture id="ui_inGame2_upgrade_helm_tactic_7" x="360" y="1959" width="90" height="44" />
		<texture id="ui_inGame2_upgrade_helm_tactic_8" x="450" y="1959" width="90" height="44" />
		<texture id="ui_inGame2_upgrade_helm_tactic_9" x="450" y="2003" width="90" height="44" />

		<texture id="ui_inGame2_upgrade_helm_battle_1" x="0" y="1871" width="90" height="44" />
		<texture id="ui_inGame2_upgrade_helm_battle_2" x="90" y="1871" width="90" height="44" />
		<texture id="ui_inGame2_upgrade_helm_battle_3" x="180" y="1871" width="90" height="44" />
		<texture id="ui_inGame2_upgrade_helm_battle_4" x="90" y="1915" width="90" height="44" />
		<texture id="ui_inGame2_upgrade_helm_battle_5" x="0" y="1959" width="90" height="44" />
		<texture id="ui_inGame2_upgrade_helm_battle_6" x="90" y="1959" width="90" height="44" />
		<texture id="ui_inGame2_upgrade_helm_battle_7" x="180" y="1959" width="90" height="44" />
		<texture id="ui_inGame2_upgrade_helm_battle_8" x="90" y="2003" width="90" height="44" />
		<texture id="ui_inGame2_upgrade_helm_battle_9" x="280" y="2003" width="90" height="44" />
	</file>
</w>