<w>
    <file name="ui\ui_actor_armor">

	<texture id="ui_inGame2_Armor_1" x="0" y="0" width="301" height="157" />
	<texture id="ui_inGame2_Armor_2" x="317" y="0" width="302" height="130" />
	<texture id="ui_inGame2_Armor_3" x="636" y="0" width="303" height="162" />
	<texture id="ui_inGame2_Armor_4" x="0" y="161" width="302" height="130" />
	<texture id="ui_inGame2_Armor_5" x="318" y="163" width="303" height="126" />
	<texture id="ui_inGame2_Armor_6" x="646" y="172" width="285" height="159" />
	<texture id="ui_inGame2_Armor_7" x="4" y="304" width="305" height="131" />
	<texture id="ui_inGame2_Armor_8" x="317" y="308" width="303" height="127" />
	<texture id="ui_inGame2_Armor_9" x="648" y="353" width="280" height="145" />
	<texture id="ui_inGame2_Armor_10" x="6" y="455" width="302" height="117" />
	<texture id="ui_inGame2_Armor_11" x="334" y="450" width="303" height="159" />
	
	<texture id="ui_inGame2_Helmet_1" x="20" y="619" width="106" height="149" />
	<texture id="ui_inGame2_Helmet_2" x="150" y="619" width="162" height="143" />
	<texture id="ui_inGame2_Helmet_3" x="325" y="619" width="136" height="143" />
	<texture id="ui_inGame2_Helmet_4" x="474" y="619" width="149" height="143" />
	<texture id="ui_inGame2_Helmet_5" x="639" y="619" width="119" height="148" />

	
	   
   
   </file>
</w>
