<w>
    <file name="ui\ui_actor_menu">
	    <texture id="ui_inGame2_inventory_back" x="341" y="0" width="683" height="768" />
	    <texture id="ui_inGame2_left_side" x="683" y="0" width="341" height="768" />
	    <texture id="ui_inGame2_center_trade_devider" x="683" y="768" width="341" height="163" />
	    <texture id="ui_inGame2_inventory_status_bar" x="341" y="776" width="58" height="5" />
	    <texture id="ui_inGame2_inventory_item_status_bar" x="341" y="776" width="38" height="5" />
	    <texture id="ui_inGame2_inventory_item_status_bar_16" x="341" y="776" width="30" height="5" />
	    <texture id="ui_inGame2_inventory_health_bar" x="341" y="789" width="214" height="16" />
	    <texture id="ui_inGame2_inventory_progress_bar" x="341" y="789" width="122" height="16" />

	    <texture id="ui_inGame2_repair_button_h" x="215" y="813" width="85" height="29" />
	    <texture id="ui_inGame2_repair_button_t" x="300" y="813" width="85" height="29" />
	    <texture id="ui_inGame2_repair_button_d" x="385" y="813" width="85" height="29" />
	    <texture id="ui_inGame2_repair_button_e" x="470" y="813" width="85" height="29" />
<!--
	    <texture id="ui_inGame2_repair_button_h" x="341" y="813" width="43" height="29" />
	    <texture id="ui_inGame2_repair_button_t" x="384" y="813" width="43" height="29" />
	    <texture id="ui_inGame2_repair_button_d" x="427" y="813" width="43" height="29" />
	    <texture id="ui_inGame2_repair_button_e" x="470" y="813" width="43" height="29" />
-->
		<texture id="ui_inGame2_inventory_button_e" x="341" y="850" width="133" height="24" />
	    <texture id="ui_inGame2_inventory_button_h" x="341" y="874" width="133" height="24" />
	    <texture id="ui_inGame2_inventory_button_t" x="341" y="898" width="133" height="24" />
	    <texture id="ui_inGame2_inventory_button_d" x="341" y="850" width="133" height="24" />

		<texture id="ui_inGame2_big_inventory_button_e" x="341" y="926" width="243" height="24" />
	    <texture id="ui_inGame2_big_inventory_button_h" x="341" y="950" width="243" height="24" />
	    <texture id="ui_inGame2_big_inventory_button_t" x="341" y="974" width="243" height="24" />
	    <texture id="ui_inGame2_big_inventory_button_d" x="341" y="926" width="243" height="24" />

	    <texture id="ui_inGame2_repair_panel" x="0" y="0" width="341" height="768" />
	    <texture id="ui_inGame2_artefact_blocker" x="477" y="850" width="59" height="59" />
	    <texture id="ui_inGame2_helmet_blocker" x="564" y="778" width="109" height="114" />
		<texture id="ui_inGame2_GameSpy_logo" x="1" y="993" width="130" height="30" />
	</file>
	<file name="ui\ui_actor_widescreen_sidepanels">
	    <texture id="ui_inGame2_widescreen_sidepanels_left" x="0" y="0" width="128" height="768" />
	    <texture id="ui_inGame2_widescreen_sidepanels_right" x="128" y="0" width="128" height="768" />
   </file>
	<file name="ui\ui_actor_hint_wnd">
	    <texture id="ui_inGame2_radiation_icon_part_1" x="501" y="124" width="21" height="21" />
	    <texture id="ui_inGame2_radiation_icon_part_2" x="499" y="183" width="25" height="25" />
	    <texture id="ui_inGame2_radiation_icon_part_3" x="496" y="251" width="31" height="31" />

	    <texture id="ui_inGame2_blood_icon_part_1" x="505" y="153" width="13" height="20" />
	    <texture id="ui_inGame2_blood_icon_part_2" x="503" y="218" width="17" height="26" />
	    <texture id="ui_inGame2_blood_icon_part_3" x="500" y="289" width="23" height="33" />
</file>
	<file name="ui\ui_actor_sleep_screen">
	    	<texture id="ui_inGame2_weapon_highlighter" x="220" y="549" width="82" height="353" />
		<texture id="ui_inGame2_helmet_highlighter" x="306" y="549" width="96" height="98" />
		<texture id="ui_inGame2_armor_highlighter" x="307" y="653" width="96" height="161" />
		<texture id="ui_inGame2_detector_highlighter" x="307" y="820" width="96" height="48" />
		<texture id="ui_inGame2_quick_item_highlighter" x="410" y="549" width="66" height="59" />
		<texture id="ui_inGame2_artefakt_highlighter" x="410" y="614" width="52" height="52" />

   </file>
</w>
