<w>
    <file name="ui\ui_actor_multiplayer_game_menu">
	    <texture id="ui_inGame2_main_window" x="0" y="0" width="698" height="498" />

	    <texture id="ui_inGame2_edit_box_b" 	x="0" 	y="531" width="10" height="29" />
	    <texture id="ui_inGame2_edit_box_back" 	x="10" 	y="531" width="467" height="29" />
	    <texture id="ui_inGame2_edit_box_e" 	x="477" y="531" width="10" height="29" />

	    <texture id="ui_inGame2_edit_box_1_b" 		x="209" y="613" width="3" height="25" />
	    <texture id="ui_inGame2_edit_box_1_back" 	x="212" y="613" width="275" height="25" />
	    <texture id="ui_inGame2_edit_box_1_e" 		x="487" y="613" width="3" height="25" />

	    <texture id="ui_inGame2_edit_box_2_b" 		x="209" y="640" width="3" height="29" />
	    <texture id="ui_inGame2_edit_box_2_back" 	x="212" y="640" width="237" height="29" />
	    <texture id="ui_inGame2_edit_box_2_e" 		x="449" y="640" width="3" height="29" />

	    <texture id="ui_inGame2_arrow_button_e" x="454" y="640" width="36" height="20" />
	    <texture id="ui_inGame2_arrow_button_h" x="491" y="635" width="36" height="20" />
	    <texture id="ui_inGame2_arrow_button_t" x="454" y="663" width="36" height="20" />
	    <texture id="ui_inGame2_arrow_button_d" x="454" y="640" width="36" height="20" />

	    <texture id="ui_inGame2_text_leyer" x="0" y="504" width="535" height="22" />
	    <texture id="ui_inGame2_text_leyer_1" x="305" y="588" width="210" height="15" />
	    <texture id="ui_inGame2_text_leyer_2" x="433" y="504" width="102" height="22" />

	    <texture id="ui_inGame2_button_t" x="209" y="562" width="108" height="24" />
	    <texture id="ui_inGame2_button_e" x="319" y="562" width="108" height="24" />
	    <texture id="ui_inGame2_button_h" x="429" y="562" width="108" height="24" />
	    <texture id="ui_inGame2_button_d" x="209" y="562" width="108" height="24" />

	    <texture id="ui_inGame2_checkbox_e" x="832" y="160" width="44" height="29" />
	    <texture id="ui_inGame2_checkbox_h" x="904" y="250" width="44" height="29" />
	    <texture id="ui_inGame2_checkbox_t" x="832" y="188" width="44" height="29" />
	    <texture id="ui_inGame2_checkbox_d" x="832" y="220" width="44" height="29" />

	    <texture id="ui_radio_e" x="902" y="214" width="47" height="28" />
	    <texture id="ui_radio_h" x="902" y="184" width="47" height="28" />
	    <texture id="ui_radio_t" x="902" y="154" width="47" height="28" />
	    <texture id="ui_radio_d" x="902" y="214" width="47" height="28" />

	    <texture id="ui_inGame2_spin_box_b"		x="209" y="693" width="3" height="20" />
	    <texture id="ui_inGame2_spin_box_back" 	x="212" y="693" width="265" height="20" />
	    <texture id="ui_inGame2_spin_box_e" 	x="477" y="693" width="13" height="20" />

	    <texture id="ui_inGame2_spin_box_button_top_d" x="477" y="694" width="11" height="8" />
	    <texture id="ui_inGame2_spin_box_button_top_e" x="477" y="694" width="11" height="8" />
	    <texture id="ui_inGame2_spin_box_button_top_h" x="492" y="694" width="11" height="8" />
	    <texture id="ui_inGame2_spin_box_button_top_t" x="505" y="694" width="11" height="8" />

	    <texture id="ui_inGame2_spin_box_button_bottom_d" x="477" y="703" width="11" height="8" />
	    <texture id="ui_inGame2_spin_box_button_bottom_e" x="477" y="703" width="11" height="8" />
	    <texture id="ui_inGame2_spin_box_button_bottom_h" x="492" y="703" width="11" height="8" />
	    <texture id="ui_inGame2_spin_box_button_bottom_t" x="505" y="703" width="11" height="8" />

	    <texture id="ui_inGame2_picture_window" x="702" y="0" width="208" height="135" />

	    <texture id="ui_inGame2_empty_frame_b" 		x="0" y="562" width="207" height="3" />
	    <texture id="ui_inGame2_empty_frame_back" 	x="0" y="565" width="207" height="161" />
	    <texture id="ui_inGame2_empty_frame_e" 		x="0" y="726" width="207" height="3" />

	    <texture id="ui_inGame2_arrow_left" x="279" y="588" width="10" height="9" />
	    <texture id="ui_inGame2_arrow_right" x="279" y="600" width="10" height="9" />
	    <texture id="ui_inGame2_arrow_up" x="291" y="588" width="9" height="10" />
	    <texture id="ui_inGame2_arrow_down" x="291" y="600" width="9" height="10" />

	    <texture id="ui_inGame2_combobox_lt"  	x="209" y="671" width="3" height="3" />
	    <texture id="ui_inGame2_combobox_l"   	x="209" y="674" width="3" height="13" />
	    <texture id="ui_inGame2_combobox_lb"  	x="209" y="687" width="3" height="3" />

	    <texture id="ui_inGame2_combobox_t"   	x="212" y="671" width="72" height="3" />
	    <texture id="ui_inGame2_combobox_back" 	x="212" y="674" width="72" height="13" />
	    <texture id="ui_inGame2_combobox_b"   	x="212" y="687" width="72" height="3" />

	    <texture id="ui_inGame2_combobox_rb"  	x="299" y="671" width="2" height="3" />
	    <texture id="ui_inGame2_combobox_r"   	x="299" y="674" width="2" height="13" />
	    <texture id="ui_inGame2_combobox_rt"  	x="299" y="687" width="2" height="3" />

	    <texture id="ui_inGame2_combobox_line_b" 	x="170" y="670" width="4" height="18" />
	    <texture id="ui_inGame2_combobox_line_back" x="170" y="670" width="24" height="18" />
	    <texture id="ui_inGame2_combobox_line_e" 	x="170" y="670" width="4" height="18" />


	    <texture id="ui_inGame2_combobox_linetext_b" 	x="209" y="671" width="3" height="20" />
	    <texture id="ui_inGame2_combobox_linetext_back" x="212" y="671" width="72" height="20" />
	    <texture id="ui_inGame2_combobox_linetext_e" 	x="284" y="671" width="17" height="20" />

	    <texture id="ui_inGame2_demo_player_stats" x="543" y="502" width="437" height="148" />

	    <texture id="ui_inGame2_listbox_lt" x="702" y="0" width="15" height="15" />
	    <texture id="ui_inGame2_listbox_l" x="702" y="15" width="15" height="104" />
	    <texture id="ui_inGame2_listbox_lb" x="702" y="119" width="15" height="15" />

	    <texture id="ui_inGame2_listbox_t" x="717" y="0" width="176" height="15" />
	    <texture id="ui_inGame2_listbox_back" x="717" y="15" width="176" height="104" />
	    <texture id="ui_inGame2_listbox_b" x="717" y="119" width="176" height="15" />

	    <texture id="ui_inGame2_listbox_rt" x="893" y="0" width="16" height="15" />
	    <texture id="ui_inGame2_listbox_r" x="893" y="15" width="16" height="104" />
	    <texture id="ui_inGame2_listbox_rb" x="893" y="119" width="16" height="15" />

	    <texture id="ui_inGame2_main_window_small" x="526" y="656" width="493" height="363" />

	    <texture id="ui_inGame2_lamp_OFF" x="952" y="154" width="37" height="25" />
	    <texture id="ui_inGame2_lamp_RED" x="952" y="184" width="37" height="25" />
	    <texture id="ui_inGame2_lamp_GREEN" x="952" y="215" width="37" height="25" />

	    <texture id="ui_inGame2_awards_background" x="702" y="137" width="121" height="121" />
<!--
	    <texture id="ui_inGame2_demo_player_stats" x="549" y="523" width="406" height="122" />

	    <texture id="ui_inGame2_best_results" x="702" y="261" width="200" height="230" />

	    <texture id="ui_inGame2_edit_box_3" x="209" y="671" width="92" height="20" />
	    <texture id="ui_inGame2_edit_box_4" x="209" y="693" width="281" height="20" />
	    <texture id="ui_inGame2_edit_box_5" x="209" y="588" width="64" height="20" />

	    <texture id="ui_inGame2_awards_frame" x="0" y="731" width="446" height="290" />
-->

	</file>
	<file name="ui\ui_actor_widescreen_sidepanels">
		<texture id="ui_inGame2_widescreen_panel_left" x="512" y="0" width="128" height="768" />
		<texture id="ui_inGame2_widescreen_panel_right" x="640" y="0" width="128" height="768" />
	</file>

	<file name="ui\ui_actor_multiplayer_background">
		<texture id="ui_inGame2_mp_background" x="0" y="0" width="1024" height="768" />
		<texture id="ui_inGame2_servers_list_frame_lt" x="0" y="771" width="1" height="1" />
		<texture id="ui_inGame2_servers_list_frame_t" x="1" y="771" width="533" height="1" />
		<texture id="ui_inGame2_servers_list_frame_rt" x="534" y="771" width="2" height="1" />

		<texture id="ui_inGame2_servers_list_frame_l" x="0" y="787" width="1" height="211" />
		<texture id="ui_inGame2_servers_list_frame_back" x="1" y="787" width="533" height="211" />
		<texture id="ui_inGame2_servers_list_frame_r" x="534" y="787" width="2" height="211" />

		<texture id="ui_inGame2_servers_list_frame_lb" x="0" y="998" width="1" height="2" />
		<texture id="ui_inGame2_servers_list_frame_b" x="1" y="998" width="533" height="2" />
		<texture id="ui_inGame2_servers_list_frame_rb" x="534" y="998" width="2" height="2" />

		<texture id="ui_inGame2_servers_list_button_b" x="46" y="772" width="1" height="15"/>
		<texture id="ui_inGame2_servers_list_button_back" x="47" y="772" width="129" height="15"/>
		<texture id="ui_inGame2_servers_list_button_e" x="176" y="772" width="3" height="15"/>

		<texture id="ui_inGame2_servers_list_button_devider_b" x="43" y="772" width="3" height="1"/>
		<texture id="ui_inGame2_servers_list_button_devider_back" x="43" y="773" width="3" height="13"/>
		<texture id="ui_inGame2_servers_list_button_devider_e" x="43" y="786" width="3" height="1"/>
	</file>
</w>



<!--  -start server(peacemaker_selo/single/alife/new) client(localhost) -->
