<w>
    <file name="ui\ui_actor_achivments">
	    <texture id="ui_inGame2_achieve_furry_lover" x="0" y="0" width="121" height="121" />
	    <texture id="ui_inGame2_achieve_zavet_fav" x="0" y="121" width="121" height="121" />
	    <texture id="ui_inGame2_achieve_cassets_collector" x="0" y="242" width="121" height="121" />

	    <texture id="ui_inGame2_achive_3" x="0" y="363" width="121" height="121" />
	    <texture id="ui_inGame2_achive_4" x="0" y="484" width="121" height="121" />
	    <texture id="ui_inGame2_achive_5" x="0" y="606" width="121" height="121" />
	    <texture id="ui_inGame2_achive_6" x="0" y="727" width="121" height="121" />
	    <texture id="ui_inGame2_achive_7" x="121" y="0" width="121" height="121" />
	    <texture id="ui_inGame2_achive_8" x="121" y="121" width="121" height="121" />
	    <texture id="ui_inGame2_achive_9" x="121" y="242" width="121" height="121" />
	    <texture id="ui_inGame2_achive_10" x="121" y="363" width="121" height="121" />
	    <texture id="ui_inGame2_achive_11" x="121" y="484" width="121" height="121" />
	    <texture id="ui_inGame2_achive_12" x="121" y="606" width="121" height="121" />
	    <texture id="ui_inGame2_achive_13" x="121" y="727" width="121" height="121" />
	    <texture id="ui_inGame2_achive_14" x="242" y="0" width="121" height="121" />
	    <texture id="ui_inGame2_achive_15" x="242" y="121" width="121" height="121" />
	    <texture id="ui_inGame2_achive_16" x="242" y="242" width="121" height="121" />
	    <texture id="ui_inGame2_achive_17" x="242" y="363" width="121" height="121" />
	    <texture id="ui_inGame2_achive_18" x="242" y="484" width="121" height="121" />
	    <texture id="ui_inGame2_achive_19" x="242" y="606" width="121" height="121" />
	    <texture id="ui_inGame2_achive_20" x="242" y="727" width="121" height="121" />
   </file>
</w>
