<w>
    <file name="ui\ui_actor_MP_buyscreen">

	    <texture id="ui_inGame2_Mp_buyscreen_main_window" x="0" y="0" width="1024" height="768" />

	    <texture id="ui_inGame2_Mp_buyscreen_second_weapons_shotguns_e" x="0" y="771" width="209" height="118" />
	    <texture id="ui_inGame2_Mp_buyscreen_second_weapons_shotguns_d" x="0" y="771" width="209" height="118" />
	    <texture id="ui_inGame2_Mp_buyscreen_second_weapons_shotguns_h" x="0" y="896" width="209" height="118" />
	    <texture id="ui_inGame2_Mp_buyscreen_second_weapons_shotguns_t" x="0" y="896" width="209" height="118" />

	    <texture id="ui_inGame2_Mp_buyscreen_second_weapons_machineguns_e" x="229" y="771" width="209" height="118" />
	    <texture id="ui_inGame2_Mp_buyscreen_second_weapons_machineguns_d" x="229" y="771" width="209" height="118" />
	    <texture id="ui_inGame2_Mp_buyscreen_second_weapons_machineguns_h" x="229" y="896" width="209" height="118" />
	    <texture id="ui_inGame2_Mp_buyscreen_second_weapons_machineguns_t" x="229" y="896" width="209" height="118" />

	    <texture id="ui_inGame2_Mp_buyscreen_second_weapons_Sniperrifles_e" x="458" y="771" width="209" height="118" />
	    <texture id="ui_inGame2_Mp_buyscreen_second_weapons_Sniperrifles_d" x="458" y="771" width="209" height="118" />
	    <texture id="ui_inGame2_Mp_buyscreen_second_weapons_Sniperrifles_h" x="458" y="896" width="209" height="118" />
	    <texture id="ui_inGame2_Mp_buyscreen_second_weapons_Sniperrifles_t" x="458" y="896" width="209" height="118" />


	    <texture id="ui_inGame2_Mp_buyscreen_second_weapons_HeavyWeapons_e" x="687" y="771" width="209" height="118" />
	    <texture id="ui_inGame2_Mp_buyscreen_second_weapons_HeavyWeapons_d" x="687" y="771" width="209" height="118" />
	    <texture id="ui_inGame2_Mp_buyscreen_second_weapons_HeavyWeapons_h" x="687" y="896" width="209" height="118" />
	    <texture id="ui_inGame2_Mp_buyscreen_second_weapons_HeavyWeapons_t" x="687" y="896" width="209" height="118" />

	</file>
	<file name="ui\ui_actor_hint_wnd">

	    <texture id="ui_inGame2_Mp_buyscreen_small_weapons_screen_1_e" x="285" y="51" width="85" height="103" />
	    <texture id="ui_inGame2_Mp_buyscreen_small_weapons_screen_1_d" x="285" y="51" width="85" height="103" />
	    <texture id="ui_inGame2_Mp_buyscreen_small_weapons_screen_1_h" x="381" y="51" width="85" height="103" />
	    <texture id="ui_inGame2_Mp_buyscreen_small_weapons_screen_1_t" x="381" y="51" width="85" height="103" />

	    <texture id="ui_inGame2_Mp_buyscreen_small_weapons_screen_2_e" x="285" y="164" width="85" height="103" />
	    <texture id="ui_inGame2_Mp_buyscreen_small_weapons_screen_2_d" x="285" y="164" width="85" height="103" />
	    <texture id="ui_inGame2_Mp_buyscreen_small_weapons_screen_2_h" x="381" y="164" width="85" height="103" />
	    <texture id="ui_inGame2_Mp_buyscreen_small_weapons_screen_2_t" x="381" y="164" width="85" height="103" />

	    <texture id="ui_inGame2_Mp_buyscreen_small_weapons_screen_3_e" x="285" y="277" width="85" height="103" />
	    <texture id="ui_inGame2_Mp_buyscreen_small_weapons_screen_3_d" x="285" y="277" width="85" height="103" />
	    <texture id="ui_inGame2_Mp_buyscreen_small_weapons_screen_3_h" x="381" y="277" width="85" height="103" />
	    <texture id="ui_inGame2_Mp_buyscreen_small_weapons_screen_3_t" x="381" y="277" width="85" height="103" />

	    <texture id="ui_inGame2_Mp_buyscreen_small_weapons_screen_4_e" x="285" y="390" width="85" height="103" />
	    <texture id="ui_inGame2_Mp_buyscreen_small_weapons_screen_4_d" x="285" y="390" width="85" height="103" />
	    <texture id="ui_inGame2_Mp_buyscreen_small_weapons_screen_4_h" x="381" y="390" width="85" height="103" />
	    <texture id="ui_inGame2_Mp_buyscreen_small_weapons_screen_4_t" x="381" y="390" width="85" height="103" />

	    <texture id="ui_inGame2_Mp_buyscreen_small_weapons_screen_5_e" x="285" y="503" width="85" height="103" />
	    <texture id="ui_inGame2_Mp_buyscreen_small_weapons_screen_5_d" x="285" y="503" width="85" height="103" />
	    <texture id="ui_inGame2_Mp_buyscreen_small_weapons_screen_5_h" x="381" y="503" width="85" height="103" />
	    <texture id="ui_inGame2_Mp_buyscreen_small_weapons_screen_5_t" x="381" y="503" width="85" height="103" />

	    <texture id="ui_inGame2_Mp_buyscreen_priceinfo_screen" x="138" y="406" width="86" height="51" />
<!--	    <texture id="ui_inGame2_Mp_buyscreen_priceinfo_screen_H" x="138" y="460" width="86" height="51" /> -->

	    <texture id="ui_inGame2_Mp_buyscreen_depositinfo_screen" x="48" y="460" width="86" height="52" />

	    <texture id="ui_inGame2_Mp_buyscreen_buyscope_buttone_e" x="41" y="519" width="19" height="19" />
	    <texture id="ui_inGame2_Mp_buyscreen_buyscope_buttone_d" x="41" y="519" width="19" height="19" />
	    <texture id="ui_inGame2_Mp_buyscreen_buyscope_buttone_h" x="104" y="519" width="19" height="19" />
	    <texture id="ui_inGame2_Mp_buyscreen_buyscope_buttone_t" x="104" y="519" width="19" height="19" />

	    <texture id="ui_inGame2_Mp_buyscreen_buysilencer_buttone_e" x="62" y="519" width="19" height="19" />
	    <texture id="ui_inGame2_Mp_buyscreen_buysilencer_buttone_d" x="62" y="519" width="19" height="19" />
	    <texture id="ui_inGame2_Mp_buyscreen_buysilencer_buttone_h" x="125" y="519" width="19" height="19" />
	    <texture id="ui_inGame2_Mp_buyscreen_buysilencer_buttone_t" x="125" y="519" width="19" height="19" />

	    <texture id="ui_inGame2_Mp_buyscreen_buygrenadeluncher_buttone_e" x="83" y="519" width="19" height="19" />
	    <texture id="ui_inGame2_Mp_buyscreen_buygrenadeluncher_buttone_d" x="83" y="519" width="19" height="19" />
	    <texture id="ui_inGame2_Mp_buyscreen_buygrenadeluncher_buttone_h" x="146" y="519" width="19" height="19" />
	    <texture id="ui_inGame2_Mp_buyscreen_buygrenadeluncher_buttone_t" x="146" y="519" width="19" height="19" />

	    <texture id="ui_inGame2_Mp_buyscreen_saveselection_buttone_e" x="168" y="514" width="26" height="25" />
	    <texture id="ui_inGame2_Mp_buyscreen_saveselection_buttone_h" x="168" y="514" width="26" height="25" />
	    <texture id="ui_inGame2_Mp_buyscreen_saveselection_buttone_t" x="198" y="514" width="26" height="25" />
	    <texture id="ui_inGame2_Mp_buyscreen_saveselection_buttone_d" x="198" y="514" width="26" height="25" />

	    <texture id="ui_inGame2_Mp_buyscreen_back_button_e" x="227" y="445" width="36" height="35" />
	    <texture id="ui_inGame2_Mp_buyscreen_back_button_d" x="227" y="445" width="36" height="35" />
	    <texture id="ui_inGame2_Mp_buyscreen_back_button_h" x="227" y="406" width="36" height="35" />
	    <texture id="ui_inGame2_Mp_buyscreen_back_button_t" x="227" y="406" width="36" height="35" />

	    <texture id="ui_inGame2_Mp_buyscreen_save_buttone_background_panel_nocorner" x="227" y="483" width="40" height="53" />
	    <texture id="ui_inGame2_Mp_buyscreen_save_buttone_background_panel" x="227" y="539" width="40" height="53" />

	    <texture id="ui_inGame2_Mp_bigbuttone_e" x="97" y="542" width="127" height="28" />
	    <texture id="ui_inGame2_Mp_bigbuttone_h" x="97" y="542" width="127" height="28" />
	    <texture id="ui_inGame2_Mp_bigbuttone_t" x="97" y="573" width="127" height="28" />
	    <texture id="ui_inGame2_Mp_bigbuttone_d" x="236" y="618" width="127" height="28" />

	    <texture id="ui_inGame2_Mp_bigbuttone_nodowncorner_e" x="97" y="604" width="127" height="28" />
	    <texture id="ui_inGame2_Mp_bigbuttone_nodowncorner_h" x="97" y="604" width="127" height="28" />
	    <texture id="ui_inGame2_Mp_bigbuttone_nodowncorner_t" x="97" y="635" width="127" height="28" />
	    <texture id="ui_inGame2_Mp_bigbuttone_nodowncorner_d" x="236" y="653" width="127" height="28" />

	    <texture id="ui_inGame2_Mp_bigbuttone_noupcorner_e" x="97" y="667" width="127" height="28" />
	    <texture id="ui_inGame2_Mp_bigbuttone_noupcorner_h" x="97" y="667" width="127" height="28" />
	    <texture id="ui_inGame2_Mp_bigbuttone_noupcorner_t" x="97" y="698" width="127" height="28" />
	    <texture id="ui_inGame2_Mp_bigbuttone_noupcorner_d" x="236" y="688" width="127" height="28" />

	    <texture id="ui_inGame2_Mp_frame_button_e_b" 	x="97" y="542" width="4" height="28" />
	    <texture id="ui_inGame2_Mp_frame_button_e_back" x="101" y="542" width="119" height="28" />
	    <texture id="ui_inGame2_Mp_frame_button_e_e" 	x="220" y="542" width="4" height="28" />
	    <texture id="ui_inGame2_Mp_frame_button_h_b" 	x="97" y="542" width="4" height="28" />
	    <texture id="ui_inGame2_Mp_frame_button_h_back" x="101" y="542" width="119" height="28" />
	    <texture id="ui_inGame2_Mp_frame_button_h_e" 	x="220" y="542" width="4" height="28" />
	    <texture id="ui_inGame2_Mp_frame_button_t_b" 	x="97" y="573" width="4" height="28" />
	    <texture id="ui_inGame2_Mp_frame_button_t_back" x="101" y="573" width="119" height="28" />
	    <texture id="ui_inGame2_Mp_frame_button_t_e" 	x="220" y="573" width="4" height="28" />
	    <texture id="ui_inGame2_Mp_frame_button_d_b" 	x="97" y="573" width="4" height="28" />
	    <texture id="ui_inGame2_Mp_frame_button_d_back" x="101" y="573" width="119" height="28" />
	    <texture id="ui_inGame2_Mp_frame_button_d_e" 	x="220" y="573" width="4" height="28" />

   </file>
</w>

