<w>
    <file name="ui\ui_buy_menu">

    <texture id="ui_bm_back" x="0" y="0" width="1024" height="768" />

    <texture id="ui_bm_save_preset_e" x="0" y="768" width="37" height="25" />
    <texture id="ui_bm_save_preset_h" x="0" y="793" width="37" height="25" />
    <texture id="ui_bm_save_preset_t" x="0" y="818" width="37" height="25" />
    <texture id="ui_bm_save_preset_d" x="0" y="843" width="37" height="25" />

    <texture id="ui_bm_back_to_buy_e" x="37" y="768" width="47" height="41" />
    <texture id="ui_bm_back_to_buy_h" x="37" y="809" width="47" height="41" />
    <texture id="ui_bm_back_to_buy_t" x="37" y="850" width="47" height="41" />
    <texture id="ui_bm_back_to_buy_d" x="37" y="891" width="47" height="41" />

    <texture id="ui_bm_equp_01_e" x="84" y="768" width="68" height="106" />
    <texture id="ui_bm_equp_01_h" x="84" y="874" width="68" height="106" />
    <texture id="ui_bm_equp_01_t" x="84" y="874" width="68" height="106" />
    <texture id="ui_bm_equp_01_d" x="84" y="874" width="68" height="106" />

    <texture id="ui_bm_equp_02_e" x="152" y="768" width="68" height="106" />
    <texture id="ui_bm_equp_02_h" x="152" y="874" width="68" height="106" />
    <texture id="ui_bm_equp_02_t" x="152" y="874" width="68" height="106" />
    <texture id="ui_bm_equp_02_d" x="152" y="874" width="68" height="106" />

    <texture id="ui_bm_equp_03_e" x="220" y="768" width="68" height="106" />
    <texture id="ui_bm_equp_03_h" x="220" y="874" width="68" height="106" />
    <texture id="ui_bm_equp_03_t" x="220" y="874" width="68" height="106" />
    <texture id="ui_bm_equp_03_d" x="220" y="874" width="68" height="106" />

    <texture id="ui_bm_equp_04_e" x="288" y="768" width="68" height="106" />
    <texture id="ui_bm_equp_04_h" x="288" y="874" width="68" height="106" />
    <texture id="ui_bm_equp_04_t" x="288" y="874" width="68" height="106" />
    <texture id="ui_bm_equp_04_d" x="288" y="874" width="68" height="106" />

    <texture id="ui_bm_equp_05_e" x="356" y="768" width="68" height="106" />
    <texture id="ui_bm_equp_05_h" x="356" y="874" width="68" height="106" />
    <texture id="ui_bm_equp_05_t" x="356" y="874" width="68" height="106" />
    <texture id="ui_bm_equp_05_d" x="356" y="874" width="68" height="106" />

    <texture id="ui_btn_shotgun_h"	x="424" y="796" width="256" height="100" />
    <texture id="ui_btn_shotgun_t"	x="424" y="796" width="256" height="100" />
    <texture id="ui_btn_shotgun_d"	x="424" y="796" width="256" height="100" />
  
    <texture id="ui_btn_sniper_h"	x="424" y="924" width="256" height="100" />
    <texture id="ui_btn_sniper_t"	x="424" y="924" width="256" height="100" />
    <texture id="ui_btn_sniper_d"	x="424" y="924" width="256" height="100" />
  
    <texture id="ui_btn_heavy_h"	x="680" y="796" width="256" height="100" />
    <texture id="ui_btn_heavy_t"	x="680" y="796" width="256" height="100" />
    <texture id="ui_btn_heavy_d"	x="680" y="796" width="256" height="100" />
  
    <texture id="ui_btn_assault_h"	x="680" y="924" width="256" height="100" />
    <texture id="ui_btn_assault_t"	x="680" y="924" width="256" height="100" />
    <texture id="ui_btn_assault_d"	x="680" y="924" width="256" height="100" />

   </file>
</w>
