<w>
   <file name="wpn\wpn_crosshair">
    <texture id="wpn_crosshair" x="0" y="0" width="1024" height="1024" />
     <texture id="wpn_crosshair_add_l" x="0"	y="0" width="20" height="768" />
     <texture id="wpn_crosshair_add_r" x="0"	y="0" width="20" height="768" />
   </file>
   <file name="wpn\wpn_crosshair_1p29">
    <texture id="wpn_crosshair_1p29" x="0" y="0" width="1024" height="1024" />
     <texture id="wpn_crosshair_add_l" x="0"	y="0" width="20" height="768" />
     <texture id="wpn_crosshair_add_r" x="0"	y="0" width="20" height="768" />
   </file>
   <file name="wpn\wpn_crosshair_1p78">
    <texture id="wpn_crosshair_1p78" x="0" y="0" width="1024" height="1024" />
     <texture id="wpn_crosshair_add_l" x="0"	y="0" width="20" height="768" />
     <texture id="wpn_crosshair_add_r" x="0"	y="0" width="20" height="768" />
   </file>
   <file name="wpn\wpn_crosshair_1pn93_1">
    <texture id="wpn_crosshair_1pn93_1" x="0" y="0" width="1024" height="1024" />
     <texture id="wpn_crosshair_add_l" x="0"	y="0" width="20" height="768" />
     <texture id="wpn_crosshair_add_r" x="0"	y="0" width="20" height="768" />
   </file>
   <file name="wpn\wpn_crosshair_1pn93_4">
    <texture id="wpn_crosshair_1pn93_4" x="0" y="0" width="1024" height="1024" />
     <texture id="wpn_crosshair_add_l" x="0"	y="0" width="20" height="768" />
     <texture id="wpn_crosshair_add_r" x="0"	y="0" width="20" height="768" />
   </file>
   <file name="wpn\wpn_crosshair_po4x34">
    <texture id="wpn_crosshair_po4x34" x="0" y="0" width="1024" height="1024" />
   </file>
   <file name="wpn\wpn_crosshair_aug">
    <texture id="wpn_crosshair_aug" x="0" y="0" width="1024" height="1024" />
     <texture id="wpn_crosshair_add_l" x="0"	y="0" width="20" height="768" />
     <texture id="wpn_crosshair_add_r" x="0"	y="0" width="20" height="768" />
   </file>
   <file name="wpn\wpn_crosshair_pso_1m2">
    <texture id="wpn_crosshair_pso_1m2" x="0" y="0" width="1024" height="1024" />
   </file>
   <file name="wpn\wpn_crosshair_dvl10">
    <texture id="wpn_crosshair_dvl10" x="0" y="0" width="1024" height="1024" />
   </file>
   <file name="wpn\wpn_crosshair_m82">
    <texture id="wpn_crosshair_m82" x="0" y="0" width="1024" height="1024" />
   </file>
   <file name="wpn\wpn_crosshair_mark4">
    <texture id="wpn_crosshair_mark4" x="0" y="0" width="1024" height="1024" />
   </file>
   <file name="wpn\wpn_crosshair_acog">
    <texture id="wpn_crosshair_acog" x="0" y="0" width="1024" height="1024" />
   </file>
   <file name="wpn\wpn_crosshair_specter">
    <texture id="wpn_crosshair_specter" x="0" y="0" width="1024" height="1024" />
   </file>
   <file name="wpn\wpn_crosshair_fn2000">
    <texture id="wpn_crosshair_fn2000" x="0" y="0" width="1024" height="1024" />
   </file>
   <file name="wpn\wpn_crosshair_susat">
    <texture id="wpn_crosshair_susat" x="0" y="0" width="1024" height="1024" />
   </file>
   <file name="wpn\wpn_crosshair_g36">
    <texture id="wpn_crosshair_g36" x="0" y="0" width="1024" height="1024" />
   </file>
   <file name="wpn\wpn_crosshair_rpg">
    <texture id="wpn_crosshair_rpg" x="0" y="0" width="1024" height="1024" />
   </file>
   <file name="wpn\wpn_crosshair_nspu">
    <texture id="wpn_crosshair_nspu" x="0" y="0" width="1024" height="1024" />
   </file>
   <file name="wpn\wpn_crosshair_pks_07">
    <texture id="wpn_crosshair_pks_07" x="0" y="0" width="1024" height="1024" />
   </file>
   <file name="wpn\wpn_crosshair_pso_1m2_1">
    <texture id="wpn_crosshair_pso_1m2_1" x="0" y="0" width="1024" height="1024" />
   </file>
	<file name="wpn\wpn_crosshair_gauss">
    <texture id="wpn_crosshair_gauss" x="0" y="0" width="1024" height="1024" />
    <texture id="wpn_crosshair_add_l1" x="0"    y="0" width="20" height="68" />
    <texture id="wpn_crosshair_add_r1" x="0"    y="0" width="20" height="68" />    
   </file>
   <file name="wpn\wpn_crosshair_pn23">
    <texture id="wpn_crosshair_pn23" x="0" y="0" width="1024" height="1024" />
   </file>
   <file name="wpn\wpn_crosshair_bino">
    <texture id="wpn_crosshair_bino" x="0" y="0" width="1024" height="1024" />
   </file>
</w>
