<w>
    <file name="ui\ui_iconsTotal">
    <texture id="ui_iconsTotal_found_money"     	x="0" y="0"   width="83" height="47" />
    <texture id="ui_iconsTotal_lost_money"      	x="0" y="47"  width="83" height="47" />
    <texture id="ui_iconsTotal_found_thing"     	x="0" y="94"  width="83" height="47" />
    <texture id="ui_iconsTotal_lost_thing"      	x="0" y="141" width="83" height="47" />

    <texture id="ui_iconsTotal_storyline"		 	x="0" y="705" width="83" height="47" />
    <texture id="ui_iconsTotal_eliminate_smart" 	x="0" y="376" width="83" height="47" />
    <texture id="ui_iconsTotal_capture_smart"   	x="0" y="376" width="83" height="47" />
    <texture id="ui_iconsTotal_defend_smart"   		x="249" y="564" width="83" height="47" />
    <texture id="ui_iconsTotal_defend_smart_delay"	x="249" y="564" width="83" height="47" />
    <texture id="ui_iconsTotal_take_reward"         x="0" y="423" width="83" height="47" />
    <texture id="ui_iconsTotal_bring_item"      	x="0" y="188" width="83" height="47" />
    <texture id="ui_iconsTotal_recover_item"    	x="0" y="188" width="83" height="47" />
    <texture id="ui_iconsTotal_find_upgrade"    	x="83" y="94" width="83" height="47" />
    <texture id="ui_iconsTotal_eliminate_squad" 	x="0" y="235" width="83" height="47" />
    <texture id="ui_iconsTotal_hide_from_surge" 	x="0" y="705" width="83" height="47" />


    <texture id="ui_iconsTotal_artefact"        x="0" y="282" width="83" height="47" />
    <texture id="ui_iconsTotal_artefacts"       x="0" y="329" width="83" height="47" />
    <texture id="ui_iconsTotal_deficit"         x="0" y="423" width="83" height="47" />
	<texture id="ui_iconsTotal_monster_part"    x="0" y="470" width="83" height="47" />
    <texture id="ui_iconsTotal_weapons"         x="0" y="517" width="83" height="47" />
    <texture id="ui_iconsTotal_mutant"          x="0" y="564" width="83" height="47" />
    <texture id="ui_iconsTotal_technique"       x="0" y="611" width="83" height="47" />
    <texture id="ui_iconsTotal_grouping"        x="0" y="658" width="83" height="47" />
    <texture id="ui_iconsTotal_locations"       x="0" y="705" width="83" height="47" />

    <texture id="ui_iconsTotal_toHelpFree_lancer" x="0" y="799" width="83" height="47"/>

    <texture id="ui_iconsTotal_storyline_eliminate_gunslinger"  x="83" y="0"   width="83" height="47" />
    <texture id="ui_iconsTotal_tutorial_find_artefact"          x="83" y="47"  width="83" height="47" />
    <texture id="ui_iconsTotal_tutorial_help_wounded"           x="83" y="94"  width="83" height="47" />
    <texture id="ui_iconsTotal_esc_dinamit_to_volk"             x="83" y="141" width="83" height="47" />
    <texture id="ui_iconsTotal_esc_help_wounded_from_raid"      x="83" y="188" width="83" height="47" />
    <texture id="ui_iconsTotal_garbage_meet_stalker"            x="83" y="235" width="83" height="47" />
    <texture id="ui_iconsTotal_agroprom_get_military_documents" x="83" y="282" width="83" height="47" />
    <texture id="ui_iconsTotal_agr_agr_help_krot"               x="83" y="329" width="83" height="47" />
    <texture id="ui_iconsTotal_gar_help_dymon"                  x="83" y="376" width="83" height="47" />
    <texture id="ui_iconsTotal_gar_car_graveyard_quest"         x="83" y="423" width="83" height="47" />
    <texture id="ui_iconsTotal_esc_blockpost_case_to_trader"    x="83" y="470" width="83" height="47" />
    <texture id="ui_iconsTotal_esc_defend_lager"                x="83" y="517" width="83" height="47" />
    <texture id="ui_iconsTotal_gar_kill_boars"                  x="83" y="564" width="83" height="47" />
    <texture id="ui_iconsTotal_doctor_meet"                     x="83" y="611" width="83" height="47" />
    <texture id="ui_iconsTotal_val_captive_help"                x="83" y="658" width="83" height="47" />
    <texture id="ui_iconsTotal_val_sos_help"                    x="83" y="705" width="83" height="47" />
    <texture id="ui_iconsTotal_val_prisoner_help"               x="83" y="752" width="83" height="47" />
    <texture id="ui_iconsTotal_bar_darklab_documents"           x="83" y="799" width="83" height="47" />
    <texture id="ui_iconsTotal_bar_darklab_documents2"          x="83" y="846" width="83" height="47" />
    <texture id="ui_iconsTotal_yan_find_scientist"              x="83" y="893" width="83" height="47" />
    <texture id="ui_iconsTotal_yan_find_vasilyev_task"          x="83" y="940" width="83" height="47" />


    <texture id="ui_iconsTotal_yan_kill_brain_task"        x="166" y="0"   width="83" height="47" />
    <texture id="ui_iconsTotal_mil_kill_sniper"            x="166" y="47"  width="83" height="47" />
    <texture id="ui_iconsTotal_mil_kill_lukash"            x="166" y="94"  width="83" height="47" />
    <texture id="ui_iconsTotal_kill_mil_hunters_task"      x="166" y="141" width="83" height="47" />
    <texture id="ui_iconsTotal_mil_kill_controller"        x="166" y="188" width="83" height="47" />
    <texture id="ui_iconsTotal_mil_lukash_job"             x="166" y="235" width="83" height="47" />
    <texture id="ui_iconsTotal_mil_mad_job"                x="166" y="282" width="83" height="47" />
    <texture id="ui_iconsTotal_mil_courier_job"            x="166" y="329" width="83" height="47" />

    <texture id="ui_iconsTotal_bar_radar_deactivate"       x="166" y="423" width="83" height="47" />
    <texture id="ui_iconsTotal_sar_monolith"               x="166" y="470" width="83" height="47" />
    <texture id="ui_iconsTotal_sar_secret_lab"             x="166" y="517" width="83" height="47" />
    <texture id="ui_iconsTotal_agr_meet_krot_band"         x="166" y="564" width="83" height="47" />
    <texture id="ui_iconsTotal_agr_find_ghost"             x="166" y="611" width="83" height="47" />
    <texture id="ui_iconsTotal_dar_codedoor_1"             x="166" y="658" width="83" height="47" />
    <texture id="ui_iconsTotal_dar_codedoor_2"             x="166" y="705" width="83" height="47" />
    <texture id="ui_iconsTotal_yan_kill_brain_task_2"      x="166" y="752" width="83" height="47" />
    <texture id="ui_iconsTotal_yan_find_scientist_semenov" x="166" y="799" width="83" height="47" />
    <texture id="ui_iconsTotal_yan_scientist_return_task"  x="166" y="846" width="83" height="47" />
    <texture id="ui_iconsTotal_yan_provodnik_task"         x="166" y="893" width="83" height="47" />
    <texture id="ui_iconsTotal_mil_blockpost_job"          x="166" y="940" width="83" height="47" />


    <texture id="ui_iconsTotal_mil_freedom_rg6_task"          x="249" y="0"   width="83" height="47" />
    <texture id="ui_iconsTotal_mil_go_to_miser"               x="249" y="47"  width="83" height="47" />
    <texture id="ui_iconsTotal_bar_resque_information"        x="249" y="94"  width="83" height="47" />
	<texture id="ui_iconsTotal_bar_resque_information_2"      x="249" y="141" width="83" height="47" />
    <texture id="ui_iconsTotal_bar_hunter_rifle"              x="249" y="188" width="83" height="47" />
    <texture id="ui_iconsTotal_bar_crazy_veterans_quest"      x="249" y="235" width="83" height="47" />
    <texture id="ui_iconsTotal_bar_dolg_base_rules"           x="249" y="282" width="83" height="47" />
    <texture id="ui_iconsTotal_bar_dolg_svoboda_ambush_quest" x="249" y="329" width="83" height="47" />
    <texture id="ui_iconsTotal_bar_x16_documents"             x="249" y="376" width="83" height="47" />
    <texture id="ui_iconsTotal_sar_monolith_destroy"          x="249" y="423" width="83" height="47" />
    <texture id="ui_iconsTotal_sar_warlab"                    x="249" y="470" width="83" height="47" />
    <texture id="ui_iconsTotal_aes_military_task"             x="249" y="517" width="83" height="47" />
	<texture id="ui_iconsTotal_defend_lager"                  x="249" y="564" width="83" height="47" />

	<texture id="ui_iconsTotal_esc_trader_job"                x="249" y="611" width="83" height="47" />
	<texture id="ui_iconsTotal_bar_barman_job"                x="249" y="658" width="83" height="47" />
	<texture id="ui_iconsTotal_yan_scientist_job"             x="249" y="705" width="83" height="47" />
	<texture id="ui_iconsTotal_find_railroad_passage"         x="249" y="752" width="83" height="47" />
	<texture id="ui_iconsTotal_rad_get_to_aes"                x="249" y="799" width="83" height="47" />


	<texture id="ui_iconsNpc_soldier_bandana_6"        x="332" y="0"   width="83" height="47"/>
	<texture id="ui_iconsNpc_stalker_neytral_rukzak_4" x="332" y="47"  width="83" height="47"/>
	<texture id="ui_iconsNpc_soldier_beret"            x="332" y="94"  width="83" height="47"/>
	<texture id="ui_iconsNpc_stalker_neytral_balon_6"  x="332" y="141" width="83" height="47"/>
	<texture id="ui_iconsNpc_stalker_bar_security"     x="332" y="188" width="83" height="47"/>
	<texture id="ui_iconsNpc_barman"                   x="332" y="235" width="83" height="47"/>
	<texture id="ui_iconsNpc_stalker_do_balon_1"       x="332" y="282" width="83" height="47"/>
	<texture id="ui_iconsNpc_stalker_do_balon_5"       x="332" y="329" width="83" height="47"/>
	<texture id="ui_iconsNpc_stalker_do_balon_3"       x="332" y="376" width="83" height="47"/>
	<texture id="ui_iconsNpc_stalker_do_komandir"      x="332" y="423" width="83" height="47"/>
	<texture id="ui_iconsNpc_ucheniy_2"                x="332" y="470" width="83" height="47"/>
	<texture id="ui_iconsNpc_stalker_ki_head_5"        x="332" y="517" width="83" height="47"/>
	<texture id="ui_iconsNpc_stalker_bandit_borov"     x="332" y="564" width="83" height="47"/>
	<texture id="ui_iconsNpc_stalker_do_balon_7"       x="332" y="611" width="83" height="47"/>
	<texture id="ui_iconsNpc_stalker_do_balon_6"       x="332" y="658" width="83" height="47"/>
	<texture id="ui_iconsNpc_stalker_neytral_balon_4"  x="332" y="705" width="83" height="47"/>
	<texture id="ui_iconsNpc_soldier_beret_1"          x="332" y="752" width="83" height="47"/>
	<texture id="ui_iconsNpc_green_stalker_8"          x="332" y="799" width="83" height="47"/>
	<texture id="ui_iconsNpc_green_stalker_1"          x="332" y="846" width="83" height="47"/>
	<texture id="ui_iconsNpc_trader"                   x="332" y="893" width="83" height="47"/>
	<texture id="ui_iconsNpc_stalker_neytral_balon_1"  x="332" y="940" width="83" height="47"/>

	<texture id="ui_iconsNpc_stalker_neytral_balon_5"  x="415" y="0"   width="83" height="47"/>
	<texture id="ui_iconsNpc_stalker_do_balon_4"       x="415" y="47"  width="83" height="47"/>
	<texture id="ui_iconsNpc_green_stalker_11"         x="415" y="94"  width="83" height="47"/>
	<texture id="ui_iconsNpc_stalker_neytral_hood_4"   x="415" y="141" width="83" height="47"/>
	<texture id="ui_iconsNpc_stalker_sv_balon_10"      x="415" y="188" width="83" height="47"/>
	<texture id="ui_iconsNpc_stalker_sv_leader"        x="415" y="235" width="83" height="47"/>
	<texture id="ui_iconsNpc_stalker_sv_max"           x="415" y="282" width="83" height="47"/>
	<texture id="ui_iconsNpc_stalker_sv_cook"          x="415" y="329" width="83" height="47"/>
	<texture id="ui_iconsNpc_stalker_sv_balon_1"       x="415" y="376" width="83" height="47"/>
	<texture id="ui_iconsNpc_stalker_ki_informator"    x="415" y="423" width="83" height="47"/>
	<texture id="ui_iconsNpc_soldier_beret_2"          x="415" y="470" width="83" height="47"/>
	<texture id="ui_iconsNpc_soldier_beret_3"          x="415" y="517" width="83" height="47"/>
	<texture id="ui_iconsNpc_soldier_beret_5"          x="415" y="564" width="83" height="47"/>
	<texture id="ui_iconsNpc_stalker_neytral_rukzak_1" x="415" y="611" width="83" height="47"/>
	<texture id="ui_iconsNpc_stalker_neytral_rukzak_3" x="415" y="658" width="83" height="47"/>
	<texture id="ui_iconsNpc_stalker_prizrak"          x="415" y="705" width="83" height="47"/>
	<texture id="ui_iconsNpc_green_stalker_7"          x="415" y="752" width="83" height="47"/>
	<texture id="ui_iconsNpc_stalker_sv_rukzak_1"      x="415" y="799" width="83" height="47"/>

	<texture id="ui_iconsNpc_ecolog"                   x="498" y="0"   width="83" height="47"/>

	<texture id="ui_npc_u_soldier_bandana_1" x="859" y="0"   width="165" height="108"/>
	<texture id="ui_npc_u_soldier_bandana_3" x="694" y="0"   width="165" height="108"/>
	<texture id="ui_npc_u_soldier_bandana_2" x="859" y="108" width="165" height="108"/>
	<texture id="ui_npc_u_soldier_bandana_4" x="694" y="108" width="165" height="108"/>

	<texture id="ui_npc_u_actor" x="694" y="216" width="165" height="108"/>
	<texture id="ui_npc_u_izgoy" x="859" y="216" width="165" height="108"/>

  <texture id="ui_temp_mq" x="584" y="0" width="45" height="45" />
  <texture id="ui_temp_sq" x="632" y="0" width="31" height="31" />
  <texture id="ui_temp_m_image" x="584" y="48" width="89" height="57" />

  <texture id="ui_icons_no_task" x="332" y="893" width="83" height="47"/>

  <texture id="ui_mt_image_attack_factory" x="584" y="48" width="89" height="57" />
  <texture id="ui_mt_image_attack_tower" x="584" y="105" width="89" height="57" />
  <texture id="ui_mt_image_defend_tower" x="584" y="162" width="89" height="57" />

  <texture id="ui_icon_image_attack_factory" x="694" y="326" width="38" height="38" />
  <texture id="ui_icon_image_attack_tower" x="732" y="326" width="38" height="38" />
  <texture id="ui_icon_image_defend_tower" x="770" y="326" width="38" height="38" />

  <texture id="ui_small_icon_border" x="0" y="752" width="83" height="47"/>

   </file>
</w>
