<w>
    <file name="ui\ui_inventory2">

    <texture id="ui_actor_back"		x="0" y="0" width="224" height="197" />
    <texture id="ui_actor_overlay"	x="859" y="0" width="165" height="108" />
    <texture id="ui_fraction_overlay"	x="976" y="113" width="48" height="48" />

    <texture id="ui_dlg_top"		x="227" y="0" width="630" height="197" />
    <texture id="ui_dlg_middle"		x="0" y="455" width="580" height="327" />
    <texture id="ui_dlg_answer"		x="0" y="248" width="580" height="193" />
    <texture id="ui_dlg_bottom"		x="0" y="206" width="1024" height="32" />
    <texture id="ui_dlg_left_app"	x="583" y="242" width="33" height="220" />

    <texture id="ui_pda2_small_progress2"	x="2" y="852" width="432" height="38" />
    <texture id="ui_pda2_big_progress2"		x="2" y="790" width="217" height="57" />

<!--    <texture id="ui_inv_mechanic_back"		x="624" y="249" width="331" height="627" /> -->

<!-- war states -->
    <texture id="st_stage_icon_csky_power_no"			x="0" y="900" width="65" height="35" />
    <texture id="st_stage_icon_csky_power_yes"			x="70" y="900" width="65" height="35" />
    <texture id="st_stage_icon_csky_capture_base_no"		x="140" y="900" width="65" height="35" />
    <texture id="st_stage_icon_csky_capture_base_yes"		x="210" y="900" width="65" height="35" />
    <texture id="st_stage_icon_csky_secure_marsh_no"		x="280" y="900" width="65" height="35" />
    <texture id="st_stage_icon_csky_secure_marsh_yes"		x="350" y="900" width="65" height="35" />
    <texture id="st_stage_icon_stalker_power_no"		x="420" y="900" width="65" height="35" />
    <texture id="st_stage_icon_stalker_power_yes"		x="490" y="900" width="65" height="35" />
    <texture id="st_stage_icon_stalker_secure_escape_no"	x="560" y="900" width="65" height="35" />
    <texture id="st_stage_icon_stalker_secure_escape_yes"	x="630" y="900" width="65" height="35" />
    <texture id="st_stage_icon_stalker_capture_garbage_no"	x="700" y="900" width="65" height="35" />
    <texture id="st_stage_icon_stalker_capture_garbage_yes"	x="770" y="900" width="65" height="35" />
    <texture id="st_stage_icon_stalker_eliminate_bandit_no"	x="840" y="900" width="65" height="35" />
    <texture id="st_stage_icon_stalker_eliminate_bandit_yes"	x="910" y="900" width="65" height="35" />

    <texture id="st_stage_icon_bandit_power_no"			x="0" y="940" width="65" height="35" />
    <texture id="st_stage_icon_bandit_power_yes"		x="70" y="940" width="65" height="35" />
    <texture id="st_stage_icon_bandit_secure_garbage_no"	x="140" y="940" width="65" height="35" />
    <texture id="st_stage_icon_bandit_secure_garbage_yes"	x="210" y="940" width="65" height="35" />
    <texture id="st_stage_icon_bandit_capture_escape_no"	x="280" y="940" width="65" height="35" />
    <texture id="st_stage_icon_bandit_capture_escape_yes"	x="350" y="940" width="65" height="35" />
    <texture id="st_stage_icon_bandit_eliminate_stalker_no"	x="420" y="940" width="65" height="35" />
    <texture id="st_stage_icon_bandit_eliminate_stalker_yes"	x="490" y="940" width="65" height="35" />
    <texture id="st_stage_icon_freedom_secure_darkvalley_no"	x="560" y="940" width="65" height="35" />
    <texture id="st_stage_icon_freedom_secure_darkvalley_yes"	x="630" y="940" width="65" height="35" />
    <texture id="st_stage_icon_freedom_capture_garbage_no"	x="700" y="940" width="65" height="35" />
    <texture id="st_stage_icon_freedom_capture_garbage_yes"	x="770" y="940" width="65" height="35" />
    <texture id="st_stage_icon_freedom_secure_garbage_no"	x="840" y="940" width="65" height="35" />
    <texture id="st_stage_icon_freedom_secure_garbage_yes"	x="910" y="940" width="65" height="35" />

    <texture id="st_stage_icon_freedom_capture_agroprom_no"	x="0" y="980" width="65" height="35" />
    <texture id="st_stage_icon_freedom_capture_agroprom_yes"	x="70" y="980" width="65" height="35" />
    <texture id="st_stage_icon_freedom_eliminate_duty_no"	x="140" y="980" width="65" height="35" />
    <texture id="st_stage_icon_freedom_eliminate_duty_yes"	x="210" y="980" width="65" height="35" />
    <texture id="st_stage_icon_duty_secure_agroprom_no"		x="280" y="980" width="65" height="35" />
    <texture id="st_stage_icon_duty_secure_agroprom_yes"	x="350" y="980" width="65" height="35" />
    <texture id="st_stage_icon_duty_capture_garbage_no"		x="420" y="980" width="65" height="35" />
    <texture id="st_stage_icon_duty_capture_garbage_yes"	x="490" y="980" width="65" height="35" />
    <texture id="st_stage_icon_duty_secure_garbage_no"		x="560" y="980" width="65" height="35" />
    <texture id="st_stage_icon_duty_secure_garbage_yes"		x="630" y="980" width="65" height="35" />
    <texture id="st_stage_icon_duty_capture_darkvalley_no"	x="700" y="980" width="65" height="35" />
    <texture id="st_stage_icon_duty_capture_darkvalley_yes"	x="770" y="980" width="65" height="35" />
    <texture id="st_stage_icon_duty_eliminate_freedom_no"	x="840" y="980" width="65" height="35" />
    <texture id="st_stage_icon_duty_eliminate_freedom_yes"	x="910" y="980" width="65" height="35" />


<!--
    <texture id="ui_trade_wnd" x="0" y="218" width="1024" height="531" />
    <texture id="ui_charinfo_left" x="0" y="0" width="210" height="218" />
    <texture id="ui_charinfo_right" x="813" y="0" width="211" height="218" />
    <texture id="ui_trade_wnd_left" x="0" y="218" width="343" height="500" />
    <texture id="ui_trade_wnd_right" x="708" y="218" width="316" height="500" />
    <texture id="ui_scale_one_long" x="269" y="6" width="38" height="212" />

    <texture id="ui_scale_one" x="344" y="39" width="40" height="179" />

    <texture id="ui_scale_red" x="307" y="41" width="9" height="177" />
    <texture id="ui_scale_blue" x="334" y="41" width="9" height="177" />
    <texture id="ui_icon_RADIOACTIVITY" x="307" y="0" width="19" height="19" />
    <texture id="ui_icon_ENDURANCE" x="326" y="0" width="19" height="19" />
    <texture id="ui_icon_BLOOD" x="307" y="19" width="19" height="19" />
    <texture id="ui_slots_belt" x="0" y="749" width="1024" height="172" />
    <texture id="ui_scale_three" x="210" y="39" width="59" height="179" />
    <texture id="ui_scale_blue_1" x="334" y="41" width="9" height="128" />
    <texture id="ui_scale_yellow_1" x="316" y="41" width="9" height="128" />
    <texture id="ui_scale_red_1" x="307" y="41" width="9" height="128" />
    <texture id="ui_scale_yellow" x="316" y="41" width="9" height="128" />
    <texture id="ui_scale_green" x="325" y="41" width="9" height="128" />
    <texture id="ui_scale_one_bottom" x="343" y="42" width="44" height="176" />
    <texture id="ui_scale_one_top" x="723" y="0" width="90" height="76" />
-->
   </file>
</w>
