<w>
    <file name="ui\ui_icons_npc">

    <texture id="npc_icon_without_outfit"			x="384" y="384"   width="128" height="320" />
    <texture id="npc_icon_novice_outfit" 			x="0" y="704"   width="128" height="320" />
<!--    <texture id="npc_icon_bandit_outfit" 			x="0" y="384"   width="128" height="320" /> -->
    <texture id="npc_icon_killer_outfit" 			x="256" y="704" width="128" height="320" />
    <texture id="npc_icon_monolit_outfit"			x="384" y="704" width="128" height="320" />
    <texture id="npc_icon_specops_outfit"			x="256" y="384" width="128" height="320" />
    <texture id="npc_icon_military_outfit"			x="640" y="384" width="128" height="320" />
    <texture id="npc_icon_stalker_outfit"			x="896" y="704" width="128" height="320" />
    <texture id="npc_icon_scientific_outfit"		x="768" y="704" width="128" height="320" />
    <texture id="npc_icon_exo_outfit"				x="128" y="704" width="128" height="320" />
    <texture id="npc_icon_svoboda_light_outfit" 	x="640" y="704" width="128" height="320" />
    <texture id="npc_icon_svoboda_heavy_outfit" 	x="128" y="384" width="128" height="320" />
    <texture id="npc_icon_dolg_outfit"				x="512" y="704" width="128" height="320" />
    <texture id="npc_icon_dolg_scientific_outfit"	x="512" y="384" width="128" height="320" />
    <texture id="npc_icon_ecolog_outfit"			x="896" y="384" width="128" height="320" />
    <texture id="npc_icon_protection_outfit"		x="768" y="384" width="128" height="320" />
   
    </file>
</w>
