<w>
    <file name="ui\ui_inventory">
    <texture id="ui_inv_btn_e" x="75" y="960" width="104" height="30" />
    <texture id="ui_inv_btn_d" x="75" y="990" width="104" height="30" />
    <texture id="ui_inv_btn_h" x="179" y="960" width="104" height="30" />
    <texture id="ui_inv_btn_t" x="179" y="990" width="104" height="30" />
    <texture id="ui_inv_btn_buy_e" x="283" y="960" width="103" height="46" />
    <texture id="ui_inv_btn_buy_h" x="386" y="960" width="103" height="46" />
    <texture id="ui_inv_btn_buy_t" x="489" y="960" width="103" height="46" />
    <texture id="ui_inv_btn_buy_d" x="283" y="960" width="103" height="46" />
    <texture id="ui_inv_btn_drop_e" x="592" y="960" width="113" height="64" />
    <texture id="ui_inv_btn_drop_h" x="705" y="960" width="113" height="64" />
    <texture id="ui_inv_btn_drop_t" x="818" y="960" width="113" height="64" />
    <texture id="ui_inv_btn_drop_d" x="592" y="960" width="113" height="64" />
    <texture id="ui_inventory_main" x="0" y="0" width="1005" height="483" />
    <texture id="ui_inventory_mp_buy" x="0" y="483" width="1014" height="477" />
    <texture id="ui_inventory_rank" x="0" y="959" width="75" height="65" />

    <texture id="ui_inventory_mp_shop" x="0" y="483" width="314" height="460" />
   </file>
</w>
