<w>
    <file name="ui\ui_logos">

    <texture id="merc_big"       x="1"   y="1"   width="249" height="194" />
    <texture id="freedom_big"    x="257" y="1"   width="249" height="194" />
    <texture id="stalker_big"    x="513" y="1"   width="249" height="194" />
    <texture id="bandit_big"     x="769" y="1"   width="249" height="194" />
    <texture id="csky_big"       x="1"   y="202" width="249" height="194" />
    <texture id="renegade_big"   x="257" y="202" width="249" height="194" />
    <texture id="dolg_big"       x="774"   y="829"   width="249" height="194" />

    <texture id="merc_logo"       x="579" y="513" width="244" height="238" />
    <texture id="freedom_logo"    x="23"  y="763" width="238" height="255" />
    <texture id="stalker_logo"    x="295" y="400" width="260" height="255" />
    <texture id="bandit_logo"     x="286" y="658" width="280" height="366" />
    <texture id="csky_logo"       x="574" y="205" width="277" height="304" />
    <texture id="renegade_logo"   x="12"  y="402" width="276" height="356" />
    
	<texture id="actor_big"       x="1023" y="1023" width="1" height="1" />
	<texture id="actor_logo"      x="1023" y="1023" width="1" height="1" />
    <texture id="logos_big_empty" x="1023" y="1023" width="1" height="1" />

   </file>
</w>
