<w>
    <file name="ui\ui_actor_monsters_PDA">
	    <texture id="ui_inGame2_Tushkan" x="0" y="0" width="393" height="200" />
	    <texture id="ui_inGame2_Snork" x="393" y="0" width="393" height="200" />
	    <texture id="ui_inGame2_PseudoDog" x="0" y="200" width="393" height="200" />
	    <texture id="ui_inGame2_PseudoDog_1" x="393" y="200" width="393" height="200" />
	    <texture id="ui_inGame2_Poltergeyst" x="0" y="400" width="393" height="200" />
	    <texture id="ui_inGame2_Krovosos" x="393" y="400" width="393" height="200" />
	    <texture id="ui_inGame2_Himera" x="0" y="600" width="393" height="200" />
	    <texture id="ui_inGame2_Flesh" x="393" y="600" width="393" height="200" />
	    <texture id="ui_inGame2_Blind_Dog" x="0" y="800" width="393" height="200" />
	    <texture id="ui_inGame2_Controller" x="393" y="800" width="393" height="200" />
	</file>

	<file name="ui\ui_actor_monsters_PDA_1">
	    <texture id="ui_inGame2_Burer" x="0" y="0" width="393" height="200" />
	    <texture id="ui_inGame2_Kaban" x="393" y="0" width="393" height="200" />
	    <texture id="ui_inGame2_Pseudo_Gigant" x="0" y="200" width="393" height="200" />
	    <texture id="ui_inGame2_Kaban_1" x="393" y="200" width="393" height="200" />
	    <texture id="ui_inGame2_Krovosos_1" x="0" y="400" width="393" height="200" />
	    <texture id="ui_inGame2_Krovosos_2" x="393" y="400" width="393" height="200" />
	    <texture id="ui_inGame2_Flesh_1" x="0" y="600" width="393" height="200" />
	    <texture id="ui_inGame2_Poltergeist_1" x="393" y="600" width="393" height="200" />
   </file>
</w>
