<w>
    <file name="ui\ui_mainMenu">
    <texture id="ui_menu_backgraund" x="0" y="0" width="1024" height="768" />
    <texture id="ui_menu_roll_L_01" x="0" y="768" width="55" height="55" />
    <texture id="ui_menu_roll_L_02" x="55" y="768" width="55" height="55" />
    <texture id="ui_menu_roll_L_03" x="110" y="768" width="55" height="55" />
    <texture id="ui_menu_roll_L_04" x="165" y="768" width="55" height="55" />
    <texture id="ui_menu_roll_L_05" x="220" y="768" width="55" height="55" />
    <texture id="ui_menu_roll_L_06" x="275" y="768" width="55" height="55" />
    <texture id="ui_menu_roll_L_07" x="330" y="768" width="55" height="55" />
    <texture id="ui_menu_roll_L_08" x="385" y="768" width="55" height="55" />
    <texture id="ui_menu_roll_L_09" x="440" y="768" width="55" height="55" />
    <texture id="ui_menu_roll_L_10" x="495" y="768" width="55" height="55" />
    <texture id="ui_menu_roll_L_11" x="550" y="768" width="55" height="55" />
    <texture id="ui_menu_roll_L_12" x="605" y="768" width="55" height="55" />
    <texture id="ui_menu_roll_L_13" x="660" y="768" width="55" height="55" />
    <texture id="ui_menu_roll_L_14" x="715" y="768" width="55" height="55" />
    <texture id="ui_menu_roll_L_15" x="770" y="768" width="55" height="55" />
    <texture id="ui_menu_roll_L_16" x="825" y="768" width="55" height="55" />
    <texture id="ui_menu_roll_L_17" x="880" y="768" width="55" height="55" />
    <texture id="ui_menu_roll_L_18" x="935" y="768" width="55" height="55" />
    <texture id="ui_menu_roll_L_19" x="0" y="823" width="55" height="55" />
    <texture id="ui_menu_roll_L_20" x="55" y="823" width="55" height="55" />
    <texture id="ui_menu_roll_R_01" x="110" y="823" width="55" height="55" />
    <texture id="ui_menu_roll_R_02" x="165" y="823" width="55" height="55" />
    <texture id="ui_menu_roll_R_03" x="220" y="823" width="55" height="55" />
    <texture id="ui_menu_roll_R_04" x="275" y="823" width="55" height="55" />
    <texture id="ui_menu_roll_R_05" x="330" y="823" width="55" height="55" />
    <texture id="ui_menu_roll_R_06" x="385" y="823" width="55" height="55" />
    <texture id="ui_menu_roll_R_07" x="440" y="823" width="55" height="55" />
    <texture id="ui_menu_roll_R_08" x="495" y="823" width="55" height="55" />
    <texture id="ui_menu_roll_R_09" x="550" y="823" width="55" height="55" />
    <texture id="ui_menu_roll_R_10" x="605" y="823" width="55" height="55" />
    <texture id="ui_menu_roll_R_11" x="660" y="823" width="55" height="55" />
    <texture id="ui_menu_roll_R_12" x="715" y="823" width="55" height="55" />
    <texture id="ui_menu_roll_R_13" x="770" y="823" width="55" height="55" />
    <texture id="ui_menu_roll_R_14" x="825" y="823" width="55" height="55" />
    <texture id="ui_menu_roll_R_15" x="880" y="823" width="55" height="55" />
    <texture id="ui_menu_roll_R_16" x="935" y="823" width="55" height="55" />
    <texture id="ui_menu_roll_R_17" x="0" y="878" width="55" height="55" />
    <texture id="ui_menu_roll_R_18" x="55" y="878" width="55" height="55" />
    <texture id="ui_menu_roll_R_19" x="110" y="878" width="55" height="55" />
    <texture id="ui_menu_roll_R_20" x="165" y="878" width="55" height="55" />
    <texture id="ui_menu_move" x="7" y="951" width="392" height="73" />
    <texture id="ui_menu_bigroll_r" x="635" y="878" width="86" height="86" />
    <texture id="ui_menu_bigroll_l" x="723" y="878" width="86" height="86" />
    <texture id="ui_menu_smallroll_r" x="691" y="964" width="55" height="55" />
    <texture id="ui_menu_smallroll_l" x="691" y="964" width="55" height="55" />
    <texture id="ui_menu_grating_r" x="810" y="878" width="55" height="67" />
    <texture id="ui_menu_grating_l" x="865" y="878" width="46" height="70" />
   </file>
   <file name="ui\ui_actor_staff_background">
    <texture id="ui_credits_background" x="0" y="0" width="1024" height="768" />
   </file>
</w>
