<w>
    <file name="ui\ui_models_multiplayer">
    <texture id="stalker_killer_exoskeleton" x="512" y="380" width="128" height="325" />
    <texture id="stalker_sci_killer" x="640" y="380" width="128" height="325" />
    <texture id="stalker_killer_military" x="768" y="380" width="128" height="325" />
    <texture id="stalker_sv_exoskeleton" x="512" y="705" width="128" height="320" />
    <texture id="stalker_sci_svoboda" x="640" y="705" width="128" height="320" />
    <texture id="stalker_sv_military" x="768" y="705" width="128" height="320" />

    <texture id="mp_team_blue_1" x="0" y="380" width="125" height="319" />
    <texture id="mp_team_blue_2" x="129" y="380" width="125" height="319" />
    <texture id="mp_team_blue_3" x="257" y="380" width="125" height="319" />
    <texture id="mp_team_blue_4" x="385" y="380" width="125" height="319" />
    <texture id="mp_team_blue_5" x="513" y="380" width="125" height="319" />
    <texture id="mp_team_blue_6" x="641" y="380" width="125" height="319" />
    <texture id="mp_team_blue_7" x="774" y="380" width="125" height="319" />

    <texture id="mp_team_green_1" x="0" y="705" width="125" height="319" />
    <texture id="mp_team_green_2" x="129" y="705" width="125" height="319" />
    <texture id="mp_team_green_3" x="257" y="705" width="125" height="319" />
    <texture id="mp_team_green_4" x="385" y="705" width="125" height="319" />
    <texture id="mp_team_green_5" x="513" y="705" width="125" height="319" />
    <texture id="mp_team_green_6" x="641" y="705" width="125" height="319" />
    <texture id="mp_team_green_7" x="774" y="705" width="125" height="319" />

    <texture id="mp_team_blue_addon_de" x="0" y="55" width="125" height="319" />
    <texture id="mp_team_blue_addon_us" x="129" y="55" width="125" height="319" />
    <texture id="mp_team_green_addon_fr" x="257" y="55" width="125" height="319" />
    <texture id="mp_team_green_addon_uk" x="385" y="55" width="125" height="319" />
   </file>
</w>
