<w>
    <file name="ui\ui_mainMenu2">

    <texture id="ui_menu2_backgraund"	x="0" y="0" width="1024" height="768" />
    <texture id="ui_menu2_move_e"	x="0" y="808" width="278" height="40" />
    <texture id="ui_menu2_move_t"	x="0" y="768" width="278" height="40" />

  <texture id="ui_menu2_highlight_one"	x="818" y="774" width="206" height="24" />
  // xy - 130x436
  <texture id="ui_menu2_highlight"	x="784" y="768" width="240" height="256" />

// 1: ~214x664  2: ~630x661
    <texture id="ui_menu2_fog_01"	x="0" y="848" width="279" height="148" />

// 1: ~427x719  2: ~ -81x702 (минус в отношении к 1024!!!)
    <texture id="ui_menu2_fog_02"	x="279" y="768" width="268" height="76" />

// ~483x420
    <texture id="ui_menu2_ray_01"	x="279" y="848" width="249" height="156" />

// ~219x163
    <texture id="ui_menu2_ray_02"	x="528" y="848" width="219" height="163" />

   </file>
</w>
