<w>
    <file name="ui\ui_map_description">
    <texture id="ui_frame_mainDes" x="0" y="0" width="749" height="543" />
    <texture id="ui_TV_descr_b" x="770" y="0" width="220" height="277" />
    <texture id="ui_TV_descr_e" x="770" y="277" width="220" height="277" />
    <texture id="ui_TV_descr_back" x="766" y="554" width="224" height="277" />
    <texture id="ui_TV_team_bottom" x="0" y="816" width="664" height="208" />
    <texture id="ui_TV_team_tl" x="664" y="855" width="332" height="57" />
    <texture id="ui_TV_team_tr" x="664" y="912" width="332" height="57" />
    <texture id="ui_TV_Skin" x="0" y="543" width="666" height="273" />
    <texture id="ui_TV_Skin_button_r_t" x="990" y="0" width="33" height="218" />
    <texture id="ui_TV_Skin_button_l_t" x="732" y="543" width="33" height="218" />
    <texture id="ui_TV_Skin_button_r_h" x="990" y="218" width="33" height="218" />
    <texture id="ui_TV_Skin_button_l_h" x="990" y="436" width="33" height="218" />
    <texture id="ui_TV_Skin_button_l_d" x="699" y="543" width="33" height="218" />
    <texture id="ui_TV_Skin_button_r_e" x="632" y="559" width="33" height="218" />
    <texture id="ui_TV_Skin_button_l_e" x="0" y="559" width="33" height="218" />
    <texture id="ui_TV_Skin_button_r_d" x="667" y="543" width="33" height="218" />
   </file>
</w>
