<w>
    <file name="ui\ui_mp_main">
    <texture id="mp_background" x="0" y="0" width="1024" height="768" />
    <texture id="rusty_01" x="0" y="768" width="310" height="99" />
    <texture id="rust_bot_client" x="0" y="867" width="201" height="134" />
    <texture id="rust_bot_options" x="201" y="867" width="283" height="152" />
    <texture id="ui_mp_Voting_tv" x="562" y="227" width="300" height="261" />
    <texture id="ui_mp_map_info_fore" x="588" y="229" width="256" height="180" />
    </file>
</w>
