<w>
    <file name="ui\ui_npc_unique">

    <texture id="ui_npc_u_nebo_2_face_1" x="0" y="0" width="165" height="108" />
    <texture id="ui_npc_u_nebo_2_face_2" x="165" y="0" width="165" height="108" />
    <texture id="ui_npc_u_nebo_2_face_3" x="330" y="0" width="165" height="108" />
    <texture id="ui_npc_u_nebo_1" x="495" y="0" width="165" height="108" />
    <texture id="ui_npc_u_nebo_2" x="660" y="0" width="165" height="108" />
    <texture id="ui_npc_u_nebo_3" x="825" y="0" width="165" height="108" />

    <texture id="ui_npc_u_nebo_2_face_4" x="0" y="108" width="165" height="108" />
    <texture id="ui_npc_u_bandit_1" x="165" y="108" width="165" height="108" />
    <texture id="ui_npc_u_bandit_2" x="330" y="108" width="165" height="108" />
    <texture id="ui_npc_u_bandit_3" x="495" y="108" width="165" height="108" />
    <texture id="ui_npc_u_bandit_3_face_2" x="660" y="108" width="165" height="108" />
    <texture id="ui_npc_u_bandit_4" x="825" y="108" width="165" height="108" />

    <texture id="ui_npc_u_bandit_3_mask" x="0" y="216" width="165" height="108" />
    <texture id="ui_npc_u_bandit_3_face_1" x="165" y="216" width="165" height="108" />
    <texture id="ui_npc_u_ucheniy_1" x="339" y="216" width="165" height="108" />
    <texture id="ui_npc_u_trader_1" x="495" y="216" width="165" height="108" />
    <texture id="ui_npc_u_lesnik_1" x="660" y="216" width="165" height="108" />
    <texture id="ui_npc_u_neutral_1" x="825" y="216" width="165" height="108" />

    <texture id="ui_npc_u_neutral_2" x="0" y="324" width="165" height="108" />
    <texture id="ui_npc_u_neutral_2_face_1" x="165" y="324" width="165" height="108" />
    <texture id="ui_npc_u_neutral_2_face_2" x="330" y="324" width="165" height="108" />
    <texture id="ui_npc_u_neutral_2_mask" x="495" y="324" width="165" height="108" />
    <texture id="ui_npc_u_neutral_3" x="660" y="324" width="165" height="108" />
    <texture id="ui_npc_u_neutral_4" x="825" y="324" width="165" height="108" />

    <texture id="ui_npc_u_dolg_1" x="0" y="432" width="165" height="108" />
    <texture id="ui_npc_u_dolg_2" x="165" y="432" width="165" height="108" />
    <texture id="ui_npc_u_dolg_2_face_1" x="330" y="432" width="165" height="108" />
    <texture id="ui_npc_u_dolg_2_mask" x="495" y="432" width="165" height="108" />
    <texture id="ui_npc_u_dolg_3" x="660" y="432" width="165" height="108" />
    <texture id="ui_npc_u_dolg_4" x="825" y="432" width="165" height="108" />

    <texture id="ui_npc_u_freedom_1" x="0" y="540" width="165" height="108" />
    <texture id="ui_npc_u_freedom_2" x="165" y="540" width="165" height="108" />
    <texture id="ui_npc_u_freedom_2_face_1" x="330" y="540" width="165" height="108" />
    <texture id="ui_npc_u_freedom_2_face_2" x="495" y="540" width="165" height="108" />
    <texture id="ui_npc_u_freedom_2_mask" x="660" y="540" width="165" height="108" />
    <texture id="ui_npc_u_freedom_3" x="825" y="540" width="165" height="108" />

    <texture id="ui_npc_u_freedom_4" x="0" y="648" width="165" height="108" />
    <texture id="ui_npc_u_merc_4" x="165" y="648" width="165" height="108" />
    <texture id="ui_npc_u_merc_2" x="330" y="648" width="165" height="108" />
    <texture id="ui_npc_u_soldier_1" x="495" y="648" width="165" height="108" />
    <texture id="ui_npc_u_soldier_2" x="660" y="648" width="165" height="108" />
    <texture id="ui_npc_u_soldier_3" x="825" y="648" width="165" height="108" />

    <texture id="ui_npc_u_soldier_4" x="0" y="756" width="165" height="108" />
    <texture id="ui_npc_u_soldier_2_face_1" x="165" y="756" width="165" height="108" />
    <texture id="ui_npc_u_monolith_2" x="330" y="756" width="165" height="108" />
    <texture id="ui_npc_u_monolith_1" x="495" y="756" width="165" height="108" />
    <texture id="ui_npc_u_monolith_3" x="660" y="756" width="165" height="108" />
    <texture id="ui_npc_u_monolith_4" x="825" y="756" width="165" height="108" />

    <texture id="ui_npc_u_zombied_1" x="0" y="864" width="165" height="108" />
    <texture id="ui_npc_u_zombied_3" x="165" y="864" width="165" height="108" />
    <texture id="ui_npc_u_zombied_4" x="330" y="864" width="165" height="108" />
    <texture id="ui_npc_u_zombied_2" x="495" y="864" width="165" height="108" />
    <texture id="ui_npc_u_dolg_2_face_2" x="660" y="864" width="165" height="108" />


    <texture id="ui_npc_small_nebo_2_face_1" x="10" y="4" width="145" height="82" />
    <texture id="ui_npc_small_nebo_2_face_2" x="175" y="4" width="145" height="82" />
    <texture id="ui_npc_small_nebo_2_face_3" x="340" y="4" width="145" height="82" />
    <texture id="ui_npc_small_nebo_1" x="505" y="4" width="145" height="82" />
    <texture id="ui_npc_small_nebo_2" x="670" y="4" width="145" height="82" />
    <texture id="ui_npc_small_nebo_3" x="835" y="4" width="145" height="82" />

    <texture id="ui_npc_small_nebo_2_face_4" x="10" y="112" width="145" height="82" />
    <texture id="ui_npc_small_bandit_1" x="175" y="112" width="145" height="82" />
    <texture id="ui_npc_small_bandit_2" x="340" y="112" width="145" height="82" />
    <texture id="ui_npc_small_bandit_3" x="505" y="112" width="145" height="82" />
    <texture id="ui_npc_small_bandit_3_face_2" x="670" y="112" width="145" height="82" />
    <texture id="ui_npc_small_bandit_4" x="835" y="112" width="145" height="82" />

    <texture id="ui_npc_small_bandit_3_mask" x="10" y="220" width="145" height="82" />
    <texture id="ui_npc_small_bandit_3_face_1" x="175" y="220" width="145" height="82" />
    <texture id="ui_npc_small_ucheniy_1" x="340" y="220" width="145" height="82" />
    <texture id="ui_npc_small_trader_1" x="505" y="220" width="145" height="82" />
    <texture id="ui_npc_small_lesnik_1" x="700" y="220" width="145" height="82" />
    <texture id="ui_npc_small_neutral_1" x="835" y="220" width="145" height="82" />

    <texture id="ui_npc_small_neutral_2" x="10" y="324" width="145" height="82" />
    <texture id="ui_npc_small_neutral_2_face_1" x="175" y="324" width="145" height="82" />
    <texture id="ui_npc_small_neutral_2_face_2" x="340" y="324" width="145" height="82" />
    <texture id="ui_npc_small_neutral_2_mask" x="505" y="324" width="145" height="82" />
    <texture id="ui_npc_small_neutral_3" x="670" y="324" width="145" height="82" />
    <texture id="ui_npc_small_neutral_4" x="835" y="324" width="145" height="82" />

    <texture id="ui_npc_small_dolg_1" x="10" y="436" width="145" height="82" />
    <texture id="ui_npc_small_dolg_2" x="175" y="436" width="145" height="82" />
    <texture id="ui_npc_small_dolg_2_face_1" x="340" y="436" width="145" height="82" />
    <texture id="ui_npc_small_dolg_2_mask" x="505" y="436" width="145" height="82" />
    <texture id="ui_npc_small_dolg_3" x="670" y="436" width="145" height="82" />
    <texture id="ui_npc_small_dolg_4" x="835" y="436" width="145" height="82" />

    <texture id="ui_npc_small_freedom_1" x="10" y="544" width="145" height="82" />
    <texture id="ui_npc_small_freedom_2" x="175" y="544" width="145" height="82" />
    <texture id="ui_npc_small_freedom_2_face_1" x="340" y="544" width="145" height="82" />
    <texture id="ui_npc_small_freedom_2_face_2" x="505" y="544" width="145" height="82" />
    <texture id="ui_npc_small_freedom_2_mask" x="670" y="544" width="145" height="82" />
    <texture id="ui_npc_small_freedom_3" x="835" y="544" width="145" height="82" />

    <texture id="ui_npc_small_freedom_4" x="10" y="652" width="145" height="82" />
    <texture id="ui_npc_small_merc_4" x="175" y="652" width="145" height="82" />
    <texture id="ui_npc_small_merc_2" x="340" y="652" width="145" height="82" />
    <texture id="ui_npc_small_soldier_1" x="505" y="652" width="145" height="82" />
    <texture id="ui_npc_small_soldier_2" x="670" y="652" width="145" height="82" />
    <texture id="ui_npc_small_soldier_3" x="835" y="652" width="145" height="82" />

    <texture id="ui_npc_small_soldier_4" x="10" y="760" width="145" height="82" />
    <texture id="ui_npc_small_soldier_2_face_1" x="175" y="760" width="145" height="82" />
    <texture id="ui_npc_small_monolith_2" x="340" y="760" width="145" height="82" />
    <texture id="ui_npc_small_monolith_1" x="505" y="760" width="145" height="82" />
    <texture id="ui_npc_small_monolith_3" x="670" y="760" width="145" height="82" />
    <texture id="ui_npc_small_monolith_4" x="835" y="760" width="145" height="82" />

    <texture id="ui_npc_small_zombied_1" x="10" y="868" width="145" height="82" />
    <texture id="ui_npc_small_zombied_3" x="175" y="868" width="145" height="82" />
    <texture id="ui_npc_small_zombied_4" x="340" y="868" width="145" height="82" />
    <texture id="ui_npc_small_zombied_2" x="505" y="868" width="145" height="82" />
    <texture id="ui_npc_small_dolg_2_face_2" x="670" y="868" width="145" height="82" />

   </file>
</w>
