<w>
    <file name="ui\ui_old_textures">
    <texture id="ui_string_01_b" x="0" y="0" width="32" height="32" />
    <texture id="ui_string_01_back" x="32" y="0" width="32" height="32" />
    <texture id="ui_string_01_e" x="64" y="0" width="32" height="32" />
    <texture id="ui_string_02_b" x="96" y="0" width="32" height="32" />
    <texture id="ui_string_02_back" x="128" y="0" width="32" height="32" />
    <texture id="ui_string_02_e" x="160" y="0" width="32" height="32" />
    <texture id="ui_string_03_b" x="192" y="0" width="32" height="32" />
    <texture id="ui_string_03_back" x="224" y="0" width="32" height="32" />
    <texture id="ui_string_03_e" x="256" y="0" width="32" height="32" />
    <texture id="ui_string_04_b" x="288" y="0" width="32" height="32" />
    <texture id="ui_string_04_back" x="320" y="0" width="32" height="32" />
    <texture id="ui_string_04_e" x="352" y="0" width="32" height="32" />
    <texture id="ui_string_05_b" x="384" y="0" width="32" height="32" />
    <texture id="ui_string_05_back" x="416" y="0" width="32" height="32" />
    <texture id="ui_string_05_e" x="448" y="0" width="32" height="32" />
    <texture id="ui_string_06_b" x="480" y="0" width="32" height="32" />
    <texture id="ui_string_06_back" x="512" y="0" width="32" height="32" />
    <texture id="ui_string_06_e" x="544" y="0" width="32" height="32" />
    <texture id="ui_string_07_b" x="576" y="0" width="32" height="32" />
    <texture id="ui_string_07_back" x="608" y="0" width="32" height="32" />
    <texture id="ui_string_07_e" x="640" y="0" width="32" height="32" />
    <texture id="ui_enemy_frame" x="672" y="0" width="32" height="32" />
    <texture id="ui_frame_01_lb" x="704" y="0" width="32" height="32" />
    <texture id="ui_frame_01_b" x="736" y="0" width="32" height="32" />
    <texture id="ui_frame_01_rb" x="768" y="0" width="32" height="32" />
    <texture id="ui_frame_01_lt" x="800" y="0" width="32" height="32" />
    <texture id="ui_frame_01_t" x="832" y="0" width="32" height="32" />
    <texture id="ui_frame_01_rt" x="864" y="0" width="32" height="32" />
    <texture id="ui_frame_01_l" x="896" y="0" width="32" height="32" />
    <texture id="ui_frame_01_back" x="928" y="0" width="32" height="32" />
    <texture id="ui_frame_02_lb" x="0" y="32" width="64" height="64" />
    <texture id="ui_frame_02_b" x="64" y="32" width="64" height="64" />
    <texture id="ui_frame_02_rb" x="128" y="32" width="64" height="64" />
    <texture id="ui_frame_02_lt" x="193" y="32" width="64" height="64" />
    <texture id="ui_frame_02_t" x="256" y="32" width="64" height="64" />
    <texture id="ui_frame_02_rt" x="320" y="32" width="64" height="64" />
    <texture id="ui_frame_02_l" x="384" y="32" width="64" height="64" />
    <texture id="ui_frame_02_back" x="448" y="32" width="64" height="64" />
    <texture id="ui_frame_02_r" x="512" y="32" width="64" height="64" />
    <texture id="ui_frame_very_small_lt" x="992" y="0" width="4" height="4" />
    <texture id="ui_frame_very_small_t" x="996" y="0" width="4" height="4" />
    <texture id="ui_frame_very_small_rt" x="1000" y="0" width="4" height="4" />
    <texture id="ui_frame_very_small_l" x="992" y="4" width="4" height="4" />
    <texture id="ui_frame_very_small_back" x="996" y="4" width="4" height="4" />
    <texture id="ui_frame_very_small_r" x="1000" y="4" width="4" height="4" />
    <texture id="ui_frame_very_small_lb" x="992" y="8" width="4" height="4" />
    <texture id="ui_frame_very_small_b" x="996" y="8" width="4" height="4" />
    <texture id="ui_frame_very_small_rb" x="1000" y="8" width="4" height="4" />
    <texture id="ui_pda_frame2_lt" x="0" y="96" width="32" height="32" />
    <texture id="ui_pda_frame2_t" x="32" y="96" width="32" height="32" />
    <texture id="ui_pda_frame2_rt" x="64" y="96" width="32" height="32" />
    <texture id="ui_pda_frame2_l" x="0" y="128" width="32" height="32" />
    <texture id="ui_pda_frame2_back" x="32" y="128" width="32" height="32" />
    <texture id="ui_pda_frame2_r" x="64" y="128" width="32" height="32" />
    <texture id="ui_pda_frame2_b" x="32" y="160" width="32" height="32" />
    <texture id="ui_pda_frame2_rb" x="64" y="160" width="32" height="32" />
    <texture id="ui_pda_frame2_lb" x="0" y="160" width="32" height="32" />
    <texture id="ui_pda_frame_sub_l" x="96" y="128" width="32" height="32" />
    <texture id="ui_pda_frame_sub_lb" x="96" y="160" width="32" height="32" />
    <texture id="ui_pda_frame_sub_b" x="128" y="160" width="32" height="32" />
    <texture id="ui_pda_frame_sub_rb" x="160" y="160" width="32" height="32" />
    <texture id="ui_pda_frame_sub_r" x="160" y="128" width="32" height="32" />
    <texture id="ui_pda_frame_sub_back" x="128" y="128" width="32" height="32" />
    <texture id="ui_pda_frame_sub_t" x="128" y="96" width="32" height="32" />
    <texture id="ui_pop_up_lt" x="192" y="96" width="32" height="32" />
    <texture id="ui_pop_up_t" x="224" y="96" width="32" height="32" />
    <texture id="ui_pop_up_rt" x="256" y="96" width="32" height="32" />
    <texture id="ui_pop_up_r" x="256" y="128" width="32" height="32" />
    <texture id="ui_pop_up_back" x="224" y="128" width="32" height="32" />
    <texture id="ui_pop_up_l" x="192" y="128" width="32" height="32" />
    <texture id="ui_pop_up_lb" x="192" y="160" width="32" height="32" />
    <texture id="ui_pop_up_b" x="224" y="160" width="32" height="32" />
    <texture id="ui_pop_up_rb" x="256" y="160" width="32" height="32" />
    <texture id="ui_frame_03_t" x="576" y="32" width="128" height="64" />
    <texture id="ui_frame_03_rt" x="960" y="32" width="64" height="64" />
    <texture id="ui_frame_03_rb" x="832" y="32" width="64" height="64" />
    <texture id="ui_frame_03_r" x="64" y="192" width="64" height="128" />
    <texture id="ui_frame_03_lt" x="768" y="32" width="64" height="64" />
    <texture id="ui_frame_03_lb" x="704" y="32" width="64" height="64" />
    <texture id="ui_frame_03_l" x="0" y="192" width="64" height="128" />
    <texture id="ui_frame_03_back" x="896" y="32" width="64" height="64" />
    <texture id="ui_frame_03_b" x="0" y="320" width="128" height="64" />
    <texture id="ui_frame_r" x="0" y="512" width="128" height="128" />
    <texture id="ui_frame_l" x="128" y="320" width="128" height="128" />
    <texture id="ui_frame_back" x="0" y="384" width="128" height="128" />
    <texture id="ui_frame_b" x="800" y="96" width="128" height="128" />
    <texture id="ui_frame_lb" x="672" y="96" width="128" height="128" />
    <texture id="ui_frame_rt" x="544" y="96" width="128" height="128" />
    <texture id="ui_frame_t" x="416" y="96" width="128" height="128" />
    <texture id="ui_frame_lt" x="288" y="96" width="128" height="128" />
    <texture id="ui_frame_rb" x="128" y="192" width="128" height="128" />
    <texture id="ui_pda_frame_sub_rt" x="160" y="96" width="32" height="32" />
    <texture id="ui_pda_frame_sub_lt" x="96" y="96" width="32" height="32" />
    <texture id="ui_keyboardsetup" x="310" y="257" width="453" height="199" />
    <texture id="ui_frame_01_r" x="960" y="0" width="32" height="32" />
   </file>
</w>
