<w>
    <file name="ui\ui_pda2_noice">

<!-- noice -->
    <texture id="ui_pda2_noice" x="0" y="0" width="973" height="683" />

<!--  nav_buttons -->
    <texture id="ui_nav_bt_e_b"    x="169" y="687" width="7" height="27" />
    <texture id="ui_nav_bt_e_back" x="176" y="687" width="7" height="27" />
    <texture id="ui_nav_bt_e_e"    x="183" y="687" width="7" height="27" />

    <texture id="ui_nav_bt_h_b"    x="169" y="749" width="7" height="27" />
    <texture id="ui_nav_bt_h_back" x="176" y="749" width="7" height="27" />
    <texture id="ui_nav_bt_h_e"    x="183" y="749" width="7" height="27" />

    <texture id="ui_nav_bt_d_b"    x="169" y="780" width="7" height="27" />
    <texture id="ui_nav_bt_d_back" x="176" y="780" width="7" height="27" />
    <texture id="ui_nav_bt_d_e"    x="183" y="780" width="7" height="27" />

    <texture id="ui_nav_bt_s_b"    x="169" y="718" width="7" height="27" />
    <texture id="ui_nav_bt_s_back" x="176" y="718" width="7" height="27" />
    <texture id="ui_nav_bt_s_e"    x="183" y="718" width="7" height="27" />

    <texture id="ui_nav_bt_t_b"    x="169" y="718" width="7" height="27" />
    <texture id="ui_nav_bt_t_back" x="176" y="718" width="7" height="27" />
    <texture id="ui_nav_bt_t_e"    x="183" y="718" width="7" height="27" />

    <texture id="ui_mnav_bt_legend_e"	x="785" y="691" width="21" height="21" />
    <texture id="ui_mnav_bt_up_e"	x="809" y="691" width="21" height="21" />
    <texture id="ui_mnav_bt_zoom_in_e"	x="833" y="691" width="21" height="21" />

    <texture id="ui_mnav_bt_left_e"	x="785" y="715" width="21" height="21" />
    <texture id="ui_mnav_bt_center_e"	x="809" y="715" width="21" height="21" />
    <texture id="ui_mnav_bt_right_e"	x="833" y="715" width="21" height="21" />

    <texture id="ui_mnav_bt_zoom_out_e"	x="785" y="739" width="21" height="21" />
    <texture id="ui_mnav_bt_down_e"	x="809" y="739" width="21" height="21" />
    <texture id="ui_mnav_bt_zmreset_e"	x="833" y="739" width="21" height="21" />

    <texture id="ui_mnav_bt_legend_h"	x="785" y="763" width="21" height="21" />
    <texture id="ui_mnav_bt_up_h"	x="809" y="763" width="21" height="21" />
    <texture id="ui_mnav_bt_zoom_in_h"	x="833" y="763" width="21" height="21" />

    <texture id="ui_mnav_bt_left_h"	x="785" y="787" width="21" height="21" />
    <texture id="ui_mnav_bt_center_h"	x="809" y="787" width="21" height="21" />
    <texture id="ui_mnav_bt_right_h"	x="833" y="787" width="21" height="21" />

    <texture id="ui_mnav_bt_zoom_out_h"	x="785" y="811" width="21" height="21" />
    <texture id="ui_mnav_bt_down_h"	x="809" y="811" width="21" height="21" />
    <texture id="ui_mnav_bt_zmreset_h"	x="833" y="811" width="21" height="21" />

    <texture id="ui_mnav_bt_legend_t"	x="930" y="691" width="21" height="21" />
    <texture id="ui_mnav_bt_up_t"	x="954" y="691" width="21" height="21" />
    <texture id="ui_mnav_bt_zoom_in_t"	x="978" y="691" width="21" height="21" />

    <texture id="ui_mnav_bt_left_t"	x="930" y="715" width="21" height="21" />
    <texture id="ui_mnav_bt_center_t"	x="954" y="715" width="21" height="21" />
    <texture id="ui_mnav_bt_right_t"	x="978" y="715" width="21" height="21" />

    <texture id="ui_mnav_bt_zoom_out_t"	x="930" y="739" width="21" height="21" />
    <texture id="ui_mnav_bt_down_t"	x="954" y="739" width="21" height="21" />
    <texture id="ui_mnav_bt_zmreset_t"	x="978" y="739" width="21" height="21" />

    <texture id="ui_mnav_bt_legend_d"	x="857" y="691" width="21" height="21" />
    <texture id="ui_mnav_bt_up_d"	x="881" y="691" width="21" height="21" />
    <texture id="ui_mnav_bt_zoom_in_d"	x="905" y="691" width="21" height="21" />

    <texture id="ui_mnav_bt_left_d"	x="857" y="715" width="21" height="21" />
    <texture id="ui_mnav_bt_center_d"	x="881" y="715" width="21" height="21" />
    <texture id="ui_mnav_bt_right_d"	x="905" y="715" width="21" height="21" />

    <texture id="ui_mnav_bt_zoom_out_d"	x="857" y="739" width="21" height="21" />
    <texture id="ui_mnav_bt_down_d"	x="881" y="739" width="21" height="21" />
    <texture id="ui_mnav_bt_zmreset_d"	x="905" y="739" width="21" height="21" />

<!-- frames  -->
    <texture id="ui_fm_over_chars" x="1" y="684" width="165" height="108" />
    <texture id="ui_fm_over_fraction_logo_l" x="190" y="687" width="251" height="196" />
    <texture id="ui_fm_over_fraction_logo_r" x="441" y="687" width="251" height="196" />

    <!--texture id="ui_fm_base_bonuse" x="0" y="791" width="60" height="54" /-->
    <texture id="ui_fm_base_bonuse" x="0" y="849" width="1" height="1" />
    <texture id="ui_fm_base_ranking" x="698" y="846" width="43" height="48" />

    <texture id="ui_fm_base_fraction" x="893" y="955" width="127" height="56" />

    <texture id="ui_fm_base_war_state" x="102" y="844" width="65" height="31" />

    <texture id="ui_fm_list_foverlay" x="764" y="955" width="127" height="56" />

    <texture id="dolg_wide"      x="1"   y="793" width="125" height="54" />

    <texture id="merc_wide"      x="1"   y="956" width="125" height="54" />
    <texture id="killer_wide"    x="1"   y="956" width="125" height="54" />
    
	<texture id="freedom_wide"   x="128" y="956" width="125" height="54" />
    <texture id="stalker_wide"   x="255" y="956" width="125" height="54" />
    <texture id="trader_wide"    x="255" y="956" width="125" height="54" />
    
	<texture id="bandit_wide"    x="382" y="956" width="125" height="54" />
    <texture id="csky_wide"      x="509" y="956" width="125" height="54" />
    <texture id="renegade_wide"  x="636" y="956" width="125" height="54" />
    <texture id="monolith_wide"  x="751" y="847" width="125" height="54" />
    <texture id="army_wide"      x="889" y="847" width="125" height="54" />
    <texture id="ecolog_wide"    x="889" y="781" width="125" height="54" />
    <!--temp -->
	<texture id="actor_wide"     x="255" y="956" width="125" height="54" />
   
    <!-- communities -->
    <texture id="dolg_icon"      x="36"  y="793" width="56" height="54" />

    <texture id="merc_icon"      x="36"  y="956" width="56" height="54" />
    <texture id="killer_icon"    x="36"  y="956" width="56" height="54" />
    
	<texture id="freedom_icon"   x="162" y="956" width="56" height="54" />
    <texture id="stalker_icon"   x="289" y="956" width="56" height="54" />
    <texture id="trader_icon"    x="289" y="956" width="56" height="54" />
    
	<texture id="bandit_icon"    x="416" y="956" width="56" height="54" />
    <texture id="csky_icon"      x="543" y="956" width="56" height="54" />
    <texture id="renegade_icon"  x="670" y="956" width="56" height="54" />
    <texture id="monolith_icon"  x="785" y="847" width="56" height="54" />
    <texture id="army_icon"      x="922" y="847" width="56" height="54" />
    <texture id="ecolog_icon"    x="923" y="781" width="56" height="54" />
    <!--temp -->
	<texture id="actor_icon"     x="289" y="956" width="56" height="54" />

      <!-- task_buttons -->
    
	<texture id="ui_task_bt_left_e" x="699" y="691" width="40" height="33" />
    <texture id="ui_task_bt_left_h" x="699" y="768" width="40" height="33" />
    <texture id="ui_task_bt_left_d" x="699" y="807" width="40" height="33" />
    <texture id="ui_task_bt_left_t" x="699" y="729" width="40" height="33" />

    <texture id="ui_task_bt_right_e" x="739" y="691" width="40" height="33" />
    <texture id="ui_task_bt_right_h" x="739" y="768" width="40" height="33" />
    <texture id="ui_task_bt_right_d" x="739" y="807" width="40" height="33" />
    <texture id="ui_task_bt_right_t" x="739" y="729" width="40" height="33" />

    <texture id="ui_date_bt_right_e" x="999" y="315" width="25" height="23" />
    <texture id="ui_date_bt_right_h" x="999" y="340" width="25" height="23" />
    <texture id="ui_date_bt_right_t" x="999" y="365" width="25" height="23" />
    <texture id="ui_date_bt_right_d" x="999" y="390" width="25" height="23" />

    <texture id="ui_date_bt_left_e" x="974" y="315" width="25" height="23" />
    <texture id="ui_date_bt_left_h" x="974" y="340" width="25" height="23" />
    <texture id="ui_date_bt_left_t" x="974" y="365" width="25" height="23" />
    <texture id="ui_date_bt_left_d" x="974" y="390" width="25" height="23" />

    <texture id="ui_date_back_tile" x="975" y="244" width="23" height="23" />

<!-- misc -->
    <texture id="ui_pda2_delimiter_03"  x="0" y="919" width="955" height="31" />

	<texture id="ui_pda2_fr2_b"     x="0" y="909" width="955" height="7" />
	<texture id="ui_pda2_fr2_back"	x="0" y="909" width="955" height="7" />
	<!--texture id="ui_pda2_fr2_e"     x="0" y="908" width="955" height="9" /-->

    <texture id="ui_pda2_mtask_overlay"	x="978" y="418" width="42" height="37" />

<!-- task list buttons -->

    <texture id="ui_task_bt_close_e"	x="1004" y="242" width="15" height="15" />
    <texture id="ui_task_bt_close_h"	x="1004" y="258" width="15" height="15" />
    <texture id="ui_task_bt_close_t"	x="1004" y="274" width="15" height="15" />
    <texture id="ui_task_bt_close_d"	x="1004" y="290" width="15" height="15" />

    <texture id="ui_task_bt_center_e"	x="1001" y="150" width="21" height="21" />
    <texture id="ui_task_bt_center_h"	x="1001" y="173" width="21" height="21" />
    <texture id="ui_task_bt_center_t"	x="1001" y="196" width="21" height="21" />
    <texture id="ui_task_bt_center_d"	x="1001" y="219" width="21" height="21" />

    <texture id="ui_task_bt_visible_e"	x="976" y="150" width="24" height="21" />
    <texture id="ui_task_bt_visible_h"	x="976" y="173" width="24" height="21" />
    <texture id="ui_task_bt_visible_t"	x="976" y="196" width="24" height="21" />
    <texture id="ui_task_bt_visible_d"	x="976" y="219" width="24" height="21" />

    <texture id="ui_task_bt_hide_e"	x="976" y="219" width="24" height="21" />
    <texture id="ui_task_bt_hide_h"	x="976" y="173" width="24" height="21" />
    <texture id="ui_task_bt_hide_t"	x="976" y="196" width="24" height="21" />
    <texture id="ui_task_bt_hide_d"	x="976" y="219" width="24" height="21" />

    <texture id="ui_task_bt_tslist_e"	x="981" y="2" width="40" height="33" />
    <texture id="ui_task_bt_tslist_t"	x="981" y="39" width="40" height="33" />
    <texture id="ui_task_bt_tslist_h"	x="981" y="76" width="40" height="33" />
    <texture id="ui_task_bt_tslist_d"	x="981" y="113" width="40" height="33" />

	</file>
</w>
