<w>
    <file name="ui\ui_pda2">

<!-- fraction_place -->
    <texture id="ui_pda2_place_up"	x="959" y="862"   width="9" height="5" />
    <texture id="ui_pda2_place_down"	x="959" y="869"   width="9" height="5" />

<!-- back -->
    <texture id="ui_pda2"         x="0" y="0"   width="1024" height="768" />
    <texture id="ui_pda2_caption" x="0" y="768" width="955"  height="48" />

<!-- big_frames -->
    <texture id="ui_pda2_fr_b"    x="0" y="816" width="955" height="9" />
    <texture id="ui_pda2_fr_back" x="0" y="816" width="955" height="9"  />
    <texture id="ui_pda2_fr_e"    x="0" y="825" width="955" height="21" />
    <texture id="ui_pda2_fr2_e"   x="0" y="825" width="955" height="21" />

    <texture id="ui_pda2_fr_delimiter_fraction" x="0" y="850" width="955" height="103" />
    <texture id="ui_pda2_fr_delimiter_ranking"  x="0" y="953" width="955" height="67" />
    <texture id="ui_pda2_delimiter_03_bottom"  x="996" y="792" width="21" height="14" />

<!-- lines -->
    <texture id="ui_pda2_line_h_b"    x="995" y="770" width="9" height="3" />
    <texture id="ui_pda2_line_h_back" x="995" y="770" width="9" height="3" />
    <texture id="ui_pda2_line_h_e"    x="995" y="770" width="9" height="3" />

    <texture id="ui_pda2_line_v_b"    x="993" y="777" width="3" height="11" />
    <texture id="ui_pda2_line_v_back" x="993" y="777" width="3" height="11" />
    <texture id="ui_pda2_line_v_e"    x="993" y="777" width="3" height="11" />

    <texture id="ui_pda2_line_vl_b"    x="1010" y="777" width="4" height="11" />
    <texture id="ui_pda2_line_vl_back" x="1010" y="777" width="4" height="11" />
    <texture id="ui_pda2_line_vl_e"    x="1010" y="777" width="4" height="11" />

    <texture id="ui_pda2_line_vr_b"    x="1001" y="777" width="4" height="11" />
    <texture id="ui_pda2_line_vr_back" x="1001" y="777" width="4" height="11" />
    <texture id="ui_pda2_line_vr_e"    x="1001" y="777" width="4" height="11" />

    <texture id="ui_pda2_line_d_b"    x="1010" y="770" width="9" height="4" />
    <texture id="ui_pda2_line_d_back" x="1010" y="770" width="9" height="4" />
    <texture id="ui_pda2_line_d_e"    x="1010" y="770" width="9" height="4" />

    <texture id="ui_pda2_split_b"     x="961" y="945" width="7"  height="7" />
    <texture id="ui_pda2_split_back"  x="990" y="942" width="10" height="7" />
    <texture id="ui_pda2_split_e"     x="972" y="945" width="48" height="7" />

<!-- progress_bar -->
    <texture id="ui_pda2_pb1_static" x="958" y="768" width="12" height="38" />
    <texture id="ui_pda2_pb1_over"   x="958" y="810" width="12" height="38" />

    <texture id="ui_pda2_pb2_static" x="974" y="768" width="17" height="57" />
    <texture id="ui_pda2_pb2_over"   x="974" y="829" width="17" height="57" />

<!-- progress bar static -->
    <texture id="ui_pda2_delimiter_01"  x="959" y="851" width="10" height="5" />
    <texture id="ui_pda2_delimiter_02"  x="961" y="891" width="42" height="50" />

<!-- new tasks -->
    <texture id="ui_pda2_close_e"	x="959" y="955" width="31" height="33" />
    <texture id="ui_pda2_close_h"	x="959" y="990" width="31" height="33" />
    <texture id="ui_pda2_close_t"	x="959" y="955" width="31" height="33" />
    <texture id="ui_pda2_close_d"	x="959" y="955" width="31" height="33" />

    <texture id="ui_pda2_center_e"	x="992" y="955" width="31" height="33" />
    <texture id="ui_pda2_center_h"	x="992" y="990" width="31" height="33" />
    <texture id="ui_pda2_center_t"	x="992" y="955" width="31" height="33" />
    <texture id="ui_pda2_center_d"	x="992" y="955" width="31" height="33" />

    <texture id="ui_pda2_center_top_e"	x="996" y="811" width="21" height="21" />
    <texture id="ui_pda2_center_top_h"	x="996" y="833" width="21" height="21" />
    <texture id="ui_pda2_center_top_t"	x="996" y="811" width="21" height="21" />
    <texture id="ui_pda2_center_top_d"	x="996" y="811" width="21" height="21" />

   </file>
</w>
